check_num,p_index,p,p_raw,lrb_lambda,rb_p,lrb_f,lrb_fidelity,lrb_error_rate,lrb_a,lrb_b,lrb_chi2,lrb_n_points,lrb_error_rate_std_boot,lrb_error_rate_ci_low,lrb_error_rate_ci_high,rb_f,rb_fidelity,rb_error_rate,rb_a,rb_b,rb_chi2,rb_n_points,rb_error_rate_std_boot,rb_error_rate_ci_low,rb_error_rate_ci_high,lambda
1,0,0.0,0.0,0.0,0.0,1.0,1.0,0.0,0.0,1.0,0.0,9,1.2593184043374641e-08,0.0,3.333333298272123e-08,1.0,1.0,0.0,0.0,1.0,0.0,9,0.261035429046315,6.66598555283837e-06,0.6666665916666674,0.0
1,1,0.0005,0.0001,0.0005,0.0005,1.0,1.0,0.0,0.0,0.999254358062121,0.6993634330975627,9,0.0,0.0,0.0,0.9994232162372804,0.9996154774915201,0.0003845225084798676,0.0,0.9999999998057135,0.18687999091659818,9,0.0016377417390153652,4.785440521888339e-06,0.0033301477946985937,0.0005
1,2,0.001,0.0002,0.001,0.001,0.9999988890000111,0.9999992593333408,7.406666592268962e-07,0.0,0.9985073202961136,0.2852308883807204,9,3.018058783575831e-07,4.6899999528449143e-07,1.0488333228586555e-06,0.9988567325314327,0.9992378216876219,0.0007621783123781256,0.0,1.0000000010374837,0.11054266388967904,9,0.0005866886226346336,3.4505004314899774e-06,0.000482214256471294,0.001
1,3,0.0025,0.0005,0.0025,0.0025,0.9999937147300628,0.9999958098200419,4.190179958118989e-06,0.0,0.996260242517535,0.18085385106070903,9,5.988798433944592e-07,3.569592464280902e-06,4.767384952253373e-06,0.9971623294283768,0.9981082196189179,0.0018917803810820644,0.0,0.9999999995397195,0.0679201315296185,9,0.001484954986083185,0.0003829364149586345,0.003688768498445616,0.0025
1,4,0.005,0.001,0.005,0.005,0.9999696372392911,0.9999797581595274,2.0241840472556838e-05,0.0,0.9924805150905126,0.33831210687548074,9,1.2829179706128641e-06,1.900535380994217e-05,2.1470736035311688e-05,0.9941847658581524,0.9961231772387683,0.003876822761231691,0.0,1.0000000039152013,0.21938431499136837,9,0.000995381162260904,4.81381627070121e-06,0.0020966159022338584,0.005
1,5,0.01,0.002,0.01,0.01,0.9998597594814024,0.999906506320935,9.349367906497097e-05,0.0,0.9848045080425676,0.8679527033279361,9,4.705153460559659e-06,8.853230498132802e-05,9.771257388953458e-05,0.988393296116067,0.9922621974107114,0.007737802589288578,0.0,1.0000000090862688,0.2984460587069977,9,0.001371250853409402,0.0025358219906417867,0.005347931879320687,0.01
1,6,0.025,0.005,0.025,0.025,0.9988717249712827,0.9992478166475219,0.0007521833524780641,0.0,0.9606717399191048,0.6524430630487096,6,2.9541639597524307e-05,0.0007199392054165487,0.0007795180191380879,0.9721098242789018,0.9814065495192678,0.018593450480732243,0.0,1.0000000014532342,0.07238343350591371,9,0.001269454526192634,0.018007841206588337,0.020583460380832027,0.025
1,7,0.0375,0.0075,0.0375,0.0375,0.996981497480185,0.9979876649867899,0.002012335013210076,0.0,0.9393028896917719,0.5657398552305376,5,7.140517971950055e-05,0.0019450749426825986,0.0020887158847128573,0.9584250364157496,0.9722833576104998,0.027716642389500223,0.0,1.0000000020878743,0.05661020046202163,9,0.00133318648259931,0.026856046451439453,0.029259939547400714,0.0375
1,8,0.05,0.01,0.05,0.05,0.9934853588551464,0.9956569059034309,0.004343094096569078,0.0,0.9171031119125953,0.4751471804450589,4,0.00018818227478239325,0.004150895340891001,0.00454374613776261,0.9434321365656786,0.9622880910437858,0.037711908956214235,0.0,1.0000000103376077,0.2031286863434013,9,0.001249015109978936,0.03367831976988352,0.0360911603857551,0.05
1,9,0.0625,0.0125,0.0625,0.0625,0.9879340161206598,0.9919560107471065,0.008043989252893513,0.0,0.8932989464750862,0.31486461209294503,4,0.0004062385826267434,0.007630584190360827,0.008444711915552875,0.9318417286815827,0.9545611524543883,0.04543884754561167,0.0,0.999999996750448,0.12486171697076279,9,0.0011969782734138382,0.045621819383781806,0.0479966958400331,0.0625
1,10,0.075,0.015,0.075,0.075,0.9800185601998144,0.9866790401332096,0.013320959866790383,0.0,0.8685422469070386,0.20991529985440394,3,0.0006851352663931433,0.012652003713479956,0.014045021619549729,0.9187431768125683,0.9458287845417122,0.05417121545828785,0.0,0.999999997478659,0.0931564882923289,9,0.0012414175156680856,0.05375750100909166,0.05627186967728127,0.075
1,11,0.1,0.02,0.1,0.1,0.952180608478194,0.9681204056521292,0.0318795943478708,0.0,0.8156332165149459,2.380358276909717e-10,2,0.0018202280391948283,0.030044633832887038,0.033703427182965755,0.8933392010666079,0.9288928007110719,0.07110719928892806,0.0,0.9999999988575785,0.09767586652484836,9,0.0012086280874651727,0.0711290872887091,0.07350530059828037,0.1
1,12,0.15,0.03,0.15,0.15,0.8368432016315679,0.891228801087712,0.10877119891228804,0.0,0.6978606065636329,1.3507740207006516e-12,2,0.012639631598545751,0.09585218037481169,0.12180793478192074,0.8435144015648559,0.8956762677099039,0.10432373229009606,0.0,0.9999999998594288,0.10379361007731319,9,0.0013097877721569503,0.1038467829615322,0.10646798826865359,0.15
1,13,0.2,0.04,0.2,0.2,,,,,,,0,,,,0.8005168019948319,0.867011201329888,0.13298879867011204,0.0,0.9999999994891283,0.6517690872042772,9,0.0015382966235272415,0.13590188664098113,0.1388033479453,0.2
1,14,0.25,0.05,0.25,0.25,,,,,,,0,,,,0.7669304023306961,0.8446202682204641,0.1553797317795359,0.0,0.9999999991583706,5.622406459885563,9,0.0016519063448638032,0.16795214765381192,0.171146131621872,0.25
2,0,0.0,0.0,0.0,0.0,1.0,1.0,0.0,0.0,1.0,0.0,9,1.1848520523528415e-08,0.0,0.0,1.0,1.0,0.0,0.0,1.0,0.0,9,0.261035429046315,6.66598555283837e-06,0.6666665916666674,0.0
2,1,0.0005,0.0001,0.0005,0.0005,1.0,1.0,0.0,0.0,0.9992516725296434,0.596758539925936,9,1.9944079750420024e-08,0.0,0.0,0.9994232162372804,0.9996154774915201,0.0003845225084798676,0.0,0.9999999998057135,0.18687999091659818,9,0.0016377417390153652,4.785440521888339e-06,0.0033301477946985937,0.0005
2,2,0.001,0.0002,0.001,0.001,0.9999980110000198,0.9999986740000132,1.3259999868120431e-06,0.0,0.9985085312308857,0.30454219940870714,9,2.7909411709027783e-07,1.0488333228586555e-06,1.571666651045689e-06,0.9988567325314327,0.9992378216876219,0.0007621783123781256,0.0,1.0000000010374837,0.11054266388967904,9,0.0005866886226346336,3.4505004314899774e-06,0.000482214256471294,0.001
2,3,0.0025,0.0005,0.0025,0.0025,0.9999875580626244,0.999991705375083,8.294624917026816e-06,0.0,0.9962625597486654,0.2085024632633466,9,5.630224296059388e-07,7.732896589396354e-06,8.869746577988558e-06,0.9971623294283768,0.9981082196189179,0.0018917803810820644,0.0,0.9999999995397195,0.0679201315296185,9,0.001484954986083185,0.0003829364149586345,0.003688768498445616,0.0025
2,4,0.005,0.001,0.005,0.005,0.9999445396659921,0.9999630264439947,3.697355600529306e-05,0.0,0.9924973022420527,0.4266502729109068,9,1.1266647084059954e-06,3.586076206128386e-05,3.809921461905841e-05,0.9941847658581524,0.9961231772387683,0.003876822761231691,0.0,1.0000000039152013,0.21938431499136837,9,0.000995381162260904,4.81381627070121e-06,0.0020966159022338584,0.005
2,5,0.01,0.002,0.01,0.01,0.9997677093773228,0.999845139584882,0.00015486041511802995,0.0,0.9848213792281268,0.4098592235550101,9,3.85446358206817e-06,0.00015104705982291745,0.0001589230094106897,0.988393296116067,0.9922621974107114,0.007737802589288578,0.0,1.0000000090862688,0.2984460587069977,9,0.001371250853409402,0.0025358219906417867,0.005347931879320687,0.01
2,6,0.025,0.005,0.025,0.025,0.9982478501375214,0.9988319000916809,0.0011680999083191201,0.0,0.9607027488405336,0.17539986877681985,9,2.8044007866572293e-05,0.0011402063285980146,0.001195489356045112,0.9721098242789018,0.9814065495192678,0.018593450480732243,0.0,1.0000000014532342,0.07238343350591371,9,0.001269454526192634,0.018007841206588337,0.020583460380832027,0.025
2,7,0.0375,0.0075,0.0375,0.0375,0.9956890709481093,0.9971260472987394,0.0028739527012605626,0.0,0.9393198353018033,0.19340105609412667,6,5.805961263990018e-05,0.0028145361361213393,0.00293103090722298,0.9584250364157496,0.9722833576104998,0.027716642389500223,0.0,1.0000000020878743,0.05661020046202163,9,0.00133318648259931,0.026856046451439453,0.029259939547400714,0.0375
2,8,0.05,0.01,0.05,0.05,0.991060203769398,0.9940401358462653,0.0059598641537347286,0.0,0.917105816612292,0.14307507383132304,5,0.0001524595325247406,0.0058107356988259485,0.006118192378284739,0.9434321365656786,0.9622880910437858,0.037711908956214235,0.0,1.0000000103376077,0.2031286863434013,9,0.001249015109978936,0.03367831976988352,0.0360911603857551,0.05
2,9,0.0625,0.0125,0.0625,0.0625,0.9836825441631745,0.989121696108783,0.010878303891217023,0.0,0.8933035967586701,0.037571249935046055,4,0.0002786816744128181,0.01060303093396973,0.011155443408445542,0.9318417286815827,0.9545611524543883,0.04543884754561167,0.0,0.999999996750448,0.12486171697076279,9,0.0011969782734138382,0.045621819383781806,0.0479966958400331,0.0625
2,10,0.075,0.015,0.075,0.075,0.9721789442782106,0.9814526295188072,0.018547370481192815,0.0,0.8685480386397927,0.022493241864640537,4,0.0005310657582774729,0.01801477709985221,0.019126734795399333,0.9187431768125683,0.9458287845417122,0.05417121545828785,0.0,0.999999997478659,0.0931564882923289,9,0.0012414175156680856,0.05375750100909166,0.05627186967728127,0.075
2,11,0.1,0.02,0.1,0.1,0.9351649006483509,0.9567766004322339,0.04322339956776611,0.0,0.8156340269666242,0.026859920771274196,3,0.001569859888835724,0.04165697425009689,0.044821944511780516,0.8933392010666079,0.9288928007110719,0.07110719928892806,0.0,0.9999999988575785,0.09767586652484836,9,0.0012086280874651727,0.0711290872887091,0.07350530059828037,0.1
2,12,0.15,0.03,0.15,0.15,0.7598824024011761,0.8399216016007841,0.1600783983992159,0.0,0.6978606065486651,1.606439007923541e-12,2,0.007399387230842653,0.15242192914244737,0.1672953369937133,0.8435144015648559,0.8956762677099039,0.10432373229009606,0.0,0.9999999998594288,0.10379361007731319,9,0.0013097877721569503,0.1038467829615322,0.10646798826865359,0.15
2,13,0.2,0.04,0.2,0.2,0.548710404512896,0.6991402696752639,0.3008597303247361,0.0,0.5720035380971958,2.1040991757072275e-12,2,0.014121811408023583,0.28744296245890366,0.31514350618189824,0.8005168019948319,0.867011201329888,0.13298879867011204,0.0,0.9999999994891283,0.6517690872042772,9,0.0015382966235272415,0.13590188664098113,0.1388033479453,0.2
2,14,0.25,0.05,0.25,0.25,0.66613600333864,0.7774240022257599,0.2225759977742401,0.0,0.4453218428882696,1.9403729007157695e-12,2,0.024844139500629095,0.19824648335086853,0.24781821618848449,0.7669304023306961,0.8446202682204641,0.1553797317795359,0.0,0.9999999991583706,5.622406459885563,9,0.0016519063448638032,0.16795214765381192,0.171146131621872,0.25
3,0,0.0,0.0,0.0,0.0,1.0,1.0,0.0,0.0,1.0,0.0,9,1.3740606654921645e-08,0.0,3.333333298272123e-08,1.0,1.0,0.0,0.0,1.0,0.0,9,0.261035429046315,6.66598555283837e-06,0.6666665916666674,0.0
3,1,0.0005,0.0001,0.0005,0.0005,1.0,1.0,0.0,0.0,0.9992482801965984,0.3976946160505539,9,9.177333822174916e-08,0.0,1.3333333193088492e-07,0.9994232162372804,0.9996154774915201,0.0003845225084798676,0.0,0.9999999998057135,0.18687999091659818,9,0.0016377417390153652,4.785440521888339e-06,0.0033301477946985937,0.0005
3,2,0.001,0.0002,0.001,0.001,0.9999966194312838,0.9999977462875226,2.253712477418013e-06,0.0,0.998507372919655,0.1879008039315895,9,2.8195566538397493e-07,1.9667849803228776e-06,2.50847997484982e-06,0.9988567325314327,0.9992378216876219,0.0007621783123781256,0.0,1.0000000010374837,0.11054266388967904,9,0.0005866886226346336,3.4505004314899774e-06,0.000482214256471294,0.001
3,3,0.0025,0.0005,0.0025,0.0025,0.9999783397902167,0.9999855598601445,1.4440139855520506e-05,0.0,0.9962595455565217,0.5388158425248784,9,5.420444460785918e-07,1.3888829860975171e-05,1.4932799850542189e-05,0.9971623294283768,0.9981082196189179,0.0018917803810820644,0.0,0.9999999995397195,0.0679201315296185,9,0.001484954986083185,0.0003829364149586345,0.003688768498445616,0.0025
3,4,0.005,0.001,0.005,0.005,0.9999055267105822,0.9999370178070549,6.298219294509355e-05,0.0,0.9924880832310747,2.6488490707977967,9,1.0665513109196676e-06,6.187185642530846e-05,6.394049861058182e-05,0.9941847658581524,0.9961231772387683,0.003876822761231691,0.0,1.0000000039152013,0.21938431499136837,9,0.000995381162260904,4.81381627070121e-06,0.0020966159022338584,0.005
3,5,0.01,0.002,0.01,0.01,0.9995878081383219,0.999725205425548,0.0002747945744520086,0.0,0.9847531172724232,7.358739219927655,9,3.5457644405174005e-06,0.0002716633364513088,0.0002788036132118643,0.988393296116067,0.9922621974107114,0.007737802589288578,0.0,1.0000000090862688,0.2984460587069977,9,0.001371250853409402,0.0025358219906417867,0.005347931879320687,0.01
3,6,0.025,0.005,0.025,0.025,0.9967512162624879,0.9978341441749919,0.002165855825008056,0.0,0.96061167913159,11.315277927763544,9,3.1072266547822886e-05,0.0021385217402148404,0.0021995819780041836,0.9721098242789018,0.9814065495192678,0.018593450480732243,0.0,1.0000000014532342,0.07238343350591371,9,0.001269454526192634,0.018007841206588337,0.020583460380832027,0.025
3,7,0.0375,0.0075,0.0375,0.0375,0.9914067631959324,0.9942711754639548,0.005728824536045174,0.0,0.9392616082439152,11.20801236107888,6,8.211782886692555e-05,0.005648068768052639,0.005813775174395492,0.9584250364157496,0.9722833576104998,0.027716642389500223,0.0,1.0000000020878743,0.05661020046202163,9,0.00133318648259931,0.026856046451439453,0.029259939547400714,0.0375
3,8,0.05,0.01,0.05,0.05,0.980504292194957,0.9870028614633046,0.012997138536695374,0.0,0.9170648497314068,12.45175726190524,5,0.0002063707794910136,0.012808004778586634,0.013202713467972842,0.9434321365656786,0.9622880910437858,0.037711908956214235,0.0,1.0000000103376077,0.2031286863434013,9,0.001249015109978936,0.03367831976988352,0.0360911603857551,0.05
3,9,0.0625,0.0125,0.0625,0.0625,0.9618601123813988,0.9745734082542659,0.02542659174573414,0.0,0.8932504556674086,12.84419393955572,4,0.0004026606523848218,0.02503765708295688,0.025816532701834746,0.9318417286815827,0.9545611524543883,0.04543884754561167,0.0,0.999999996750448,0.12486171697076279,9,0.0011969782734138382,0.045621819383781806,0.0479966958400331,0.0625
3,10,0.075,0.015,0.075,0.075,0.9243152747568472,0.9495435165045647,0.0504564834954353,0.0,0.8685200104280082,8.62467531174837,4,0.0008679796266959899,0.04966593822334064,0.05134170508658296,0.9187431768125683,0.9458287845417122,0.05417121545828785,0.0,0.999999997478659,0.0931564882923289,9,0.0012414175156680856,0.05375750100909166,0.05627186967728127,0.075
3,11,0.1,0.02,0.1,0.1,0.7869640021303599,0.8579760014202399,0.1420239985797601,0.0,0.8156264029742312,2.613973996146271,3,0.002682064530542394,0.1393257799400755,0.14479231855207697,0.8933392010666079,0.9288928007110719,0.07110719928892806,0.0,0.9999999988575785,0.09767586652484836,9,0.0012086280874651727,0.0711290872887091,0.07350530059828037,0.1
3,12,0.15,0.03,0.15,0.15,0.4329688056703118,0.6219792037802079,0.3780207962197921,0.0,0.6978571841546528,2.4292650158105675,3,0.005899201481619527,0.3727326896060065,0.3835752494975808,0.8435144015648559,0.8956762677099039,0.10432373229009606,0.0,0.9999999998594288,0.10379361007731319,9,0.0013097877721569503,0.1038467829615322,0.10646798826865359,0.15
3,13,0.2,0.04,0.2,0.2,0.20556400794435997,0.47037600529623996,0.52962399470376,0.0,0.5720032386165528,4.430402368535878,3,0.007730698312762149,0.5216629707833703,0.5373251786267481,0.8005168019948319,0.867011201329888,0.13298879867011204,0.0,0.9999999994891283,0.6517690872042772,9,0.0015382966235272415,0.13590188664098113,0.1388033479453,0.2
3,14,0.25,0.05,0.25,0.25,0.18454400815455996,0.45636267210304,0.54363732789696,0.0,0.4453213765446632,4.836909291739604,3,0.005291360922977115,0.5381648799516846,0.5485284638480487,0.7669304023306961,0.8446202682204641,0.1553797317795359,0.0,0.9999999991583706,5.622406459885563,9,0.0016519063448638032,0.16795214765381192,0.171146131621872,0.25
4,0,0.0,0.0,0.0,0.0,1.0,1.0,0.0,0.0,1.0,0.0,9,1.28258463482439e-08,0.0,0.0,1.0,1.0,0.0,0.0,1.0,0.0,9,0.261035429046315,6.66598555283837e-06,0.6666665916666674,0.0
4,1,0.0005,0.0001,0.0005,0.0005,0.999999800000002,0.9999998666666681,1.3333333193088492e-07,0.0,0.9992472301093088,0.4609803099445944,9,1.5522591617181135e-07,0.0,3.349999966317796e-07,0.9994232162372804,0.9996154774915201,0.0003845225084798676,0.0,0.9999999998057135,0.18687999091659818,9,0.0016377417390153652,4.785440521888339e-06,0.0033301477946985937,0.0005
4,2,0.001,0.0002,0.001,0.001,0.9999955890550442,0.9999970593700294,2.9406299706380423e-06,0.0,0.9985068572358153,0.40903720145728567,9,2.955202618583317e-07,2.612999973838903e-06,3.2360999675518087e-06,0.9988567325314327,0.9992378216876219,0.0007621783123781256,0.0,1.0000000010374837,0.11054266388967904,9,0.0005866886226346336,3.4505004314899774e-06,0.000482214256471294,0.001
4,3,0.0025,0.0005,0.0025,0.0025,0.99997199815763,0.9999813321050867,1.8667894913337868e-05,0.0,0.9962553863378025,0.8116443474718811,9,5.185963508019712e-07,1.8200076630559003e-05,1.9212383807865052e-05,0.9971623294283768,0.9981082196189179,0.0018917803810820644,0.0,0.9999999995397195,0.0679201315296185,9,0.001484954986083185,0.0003829364149586345,0.003688768498445616,0.0025
4,4,0.005,0.001,0.005,0.005,0.9998733660637664,0.9999155773758442,8.442262415575552e-05,0.0,0.9924995380290906,2.1678315855553496,9,1.0502552834953993e-06,8.335687416638482e-05,8.54244291457107e-05,0.9941847658581524,0.9961231772387683,0.003876822761231691,0.0,1.0000000039152013,0.21938431499136837,9,0.000995381162260904,4.81381627070121e-06,0.0020966159022338584,0.005
4,5,0.01,0.002,0.01,0.01,0.9994450732760493,0.9996300488506996,0.00036995114930038486,0.0,0.9848140882030865,5.217720401041643,9,3.755522359321902e-06,0.00036624985654543974,0.0003736515090134729,0.988393296116067,0.9922621974107114,0.007737802589288578,0.0,1.0000000090862688,0.2984460587069977,9,0.001371250853409402,0.0025358219906417867,0.005347931879320687,0.01
4,6,0.025,0.005,0.025,0.025,0.9953883899661161,0.996925593310744,0.0030744066892559596,0.0,0.9607103088984023,6.259397061371703,9,3.597209288352247e-05,0.0030359395429740976,0.003108098519985716,0.9721098242789018,0.9814065495192678,0.018593450480732243,0.0,1.0000000014532342,0.07238343350591371,9,0.001269454526192634,0.018007841206588337,0.020583460380832027,0.025
4,7,0.0375,0.0075,0.0375,0.0375,0.987512500124875,0.99167500008325,0.008324999916749953,0.0,0.9393305761358529,9.732014937848836,7,9.6761495055703e-05,0.008234399917656066,0.008422991915769989,0.9584250364157496,0.9722833576104998,0.027716642389500223,0.0,1.0000000020878743,0.05661020046202163,9,0.00133318648259931,0.026856046451439453,0.029259939547400714,0.0375
4,8,0.05,0.01,0.05,0.05,0.9722651802773482,0.9815101201848989,0.018489879815101085,0.0,0.9171133287731825,10.563247567512844,5,0.0002351758465094194,0.018249445417505554,0.018712398319542564,0.9434321365656786,0.9622880910437858,0.037711908956214235,0.0,1.0000000103376077,0.2031286863434013,9,0.001249015109978936,0.03367831976988352,0.0360911603857551,0.05
4,9,0.0625,0.0125,0.0625,0.0625,0.9463081565369185,0.964205437691279,0.03579456230872102,0.0,0.8933067866295249,12.234433219310356,5,0.0004059011941964569,0.03540761052592389,0.03618637163813643,0.9318417286815827,0.9545611524543883,0.04543884754561167,0.0,0.999999996750448,0.12486171697076279,9,0.0011969782734138382,0.045621819383781806,0.0479966958400331,0.0625
4,10,0.075,0.015,0.075,0.075,0.9003936409960636,0.9335957606640424,0.06640423933595763,0.0,0.8685488204645276,8.333437151563793,4,0.0008332958831893217,0.06558658019746758,0.0671937486613959,0.9187431768125683,0.9458287845417122,0.05417121545828785,0.0,0.999999997478659,0.0931564882923289,9,0.0012414175156680856,0.05375750100909166,0.05627186967728127,0.075
4,11,0.1,0.02,0.1,0.1,0.767531202324688,0.8450208015497921,0.1549791984502079,0.0,0.815633407311584,2.4256600686545626,4,0.002261858802501781,0.15277759847222397,0.15731219042687808,0.8933392010666079,0.9288928007110719,0.07110719928892806,0.0,0.9999999988575785,0.09767586652484836,9,0.0012086280874651727,0.0711290872887091,0.07350530059828037,0.1
4,12,0.15,0.03,0.15,0.15,0.43317360566826385,0.6221157371121758,0.3778842628878242,0.0,0.6978566311599481,7.335373217626254,4,0.00570010348456096,0.37213740427862607,0.3837431428292352,0.8435144015648559,0.8956762677099039,0.10432373229009606,0.0,0.9999999998594288,0.10379361007731319,9,0.0013097877721569503,0.1038467829615322,0.10646798826865359,0.15
4,13,0.2,0.04,0.2,0.2,0.20614720793852795,0.47076480529235193,0.5292351947076481,0.0,0.5720031401065829,9.074974966829558,4,0.007161898642035605,0.5224414027755858,0.5364542026354581,0.8005168019948319,0.867011201329888,0.13298879867011204,0.0,0.9999999994891283,0.6517690872042772,9,0.0015382966235272415,0.13590188664098113,0.1388033479453,0.2
4,14,0.25,0.05,0.25,0.25,0.18454160815458395,0.456361072103056,0.543638927896944,0.0,0.4453213728330043,8.559973944988567,4,0.005419125285656271,0.5387873226121267,0.549009765176569,0.7669304023306961,0.8446202682204641,0.1553797317795359,0.0,0.9999999991583706,5.622406459885563,9,0.0016519063448638032,0.16795214765381192,0.171146131621872,0.25
5,0,0.0,0.0,0.0,0.0,1.0,1.0,0.0,0.0,1.0,0.0,9,1.1836298863159275e-08,0.0,0.0,1.0,1.0,0.0,0.0,1.0,0.0,9,0.261035429046315,6.66598555283837e-06,0.6666665916666674,0.0
5,1,0.0005,0.0001,0.0005,0.0005,0.999999497500005,0.9999996650000034,3.349999966317796e-07,0.0,0.9992472712264787,0.4288278553935625,9,1.7712597601712795e-07,1.3333333193088492e-07,5.386666611650881e-07,0.9994232162372804,0.9996154774915201,0.0003845225084798676,0.0,0.9999999998057135,0.18687999091659818,9,0.0016377417390153652,4.785440521888339e-06,0.0033301477946985937,0.0005
5,2,0.001,0.0002,0.001,0.001,0.9999944335563057,0.999996289037537,3.7109624629882987e-06,0.0,0.9985073875800112,0.3078619127696209,9,2.762798188402474e-07,3.447149965474239e-06,3.977119960141273e-06,0.9988567325314327,0.9992378216876219,0.0007621783123781256,0.0,1.0000000010374837,0.11054266388967904,9,0.0005866886226346336,3.4505004314899774e-06,0.000482214256471294,0.001
5,3,0.0025,0.0005,0.0025,0.0025,0.9999642546465262,0.9999761697643508,2.3830235649224818e-05,0.0,0.9962473788640882,1.6819333980948499,9,5.176881370491848e-07,2.3321638620803496e-05,2.4347584016535252e-05,0.9971623294283768,0.9981082196189179,0.0018917803810820644,0.0,0.9999999995397195,0.0679201315296185,9,0.001484954986083185,0.0003829364149586345,0.003688768498445616,0.0025
5,4,0.005,0.001,0.005,0.005,0.9998416188940839,0.9998944125960559,0.00010558740394406296,0.0,0.9924611080895016,10.062780503917793,9,1.134257793296588e-06,0.00010457138895425544,0.00010675093226575338,0.9941847658581524,0.9961231772387683,0.003876822761231691,0.0,1.0000000039152013,0.21938431499136837,9,0.000995381162260904,4.81381627070121e-06,0.0020966159022338584,0.005
5,5,0.01,0.002,0.01,0.01,0.9992678169053218,0.9995118779368811,0.00048812206311887874,0.0,0.9848174453197587,14.638263383448729,9,4.055554671805783e-06,0.00048416557915820224,0.0004921234119538154,0.988393296116067,0.9922621974107114,0.007737802589288578,0.0,1.0000000090862688,0.2984460587069977,9,0.001371250853409402,0.0025358219906417867,0.005347931879320687,0.01
5,6,0.025,0.005,0.025,0.025,0.9937468802525312,0.9958312535016874,0.004168746498312559,0.0,0.9607517742359731,25.49409709738069,9,3.9695139023118665e-05,0.004130590772560878,0.004210258806297449,0.9721098242789018,0.9814065495192678,0.018593450480732243,0.0,1.0000000014532342,0.07238343350591371,9,0.001269454526192634,0.018007841206588337,0.020583460380832027,0.025
5,7,0.0375,0.0075,0.0375,0.0375,0.9822739501772605,0.988182633451507,0.011817366548492969,0.0,0.9393455467708907,29.556889307499727,7,0.00011872571426566404,0.0116918828164146,0.011927754547389147,0.9584250364157496,0.9722833576104998,0.027716642389500223,0.0,1.0000000020878743,0.05661020046202163,9,0.00133318648259931,0.026856046451439453,0.029259939547400714,0.0375
5,8,0.05,0.01,0.05,0.05,0.9590428844095711,0.9726952562730474,0.027304743726952574,0.0,0.917134837163428,35.649526044945304,6,0.00028598378850277123,0.027013601276530647,0.027601102923988968,0.9434321365656786,0.9622880910437858,0.037711908956214235,0.0,1.0000000103376077,0.2031286863434013,9,0.001249015109978936,0.03367831976988352,0.0360911603857551,0.05
5,9,0.0625,0.0125,0.0625,0.0625,0.9158369288416307,0.9438912858944205,0.056108714105579494,0.0,0.8933477156400181,41.75809340541366,5,0.0006247665285262963,0.05550165411165009,0.05670825169958407,0.9318417286815827,0.9545611524543883,0.04543884754561167,0.0,0.999999996750448,0.12486171697076279,9,0.0011969782734138382,0.045621819383781806,0.0479966958400331,0.0625
5,10,0.075,0.015,0.075,0.075,0.842184801578152,0.8947898677187679,0.1052101322812321,0.0,0.8685799942789513,48.64341306001675,5,0.0010348438204911474,0.10414331629190014,0.1062017909379821,0.9187431768125683,0.9458287845417122,0.05417121545828785,0.0,0.999999997478659,0.0931564882923289,9,0.0012414175156680856,0.05375750100909166,0.05627186967728127,0.075
5,11,0.1,0.02,0.1,0.1,0.6300824036991761,0.7533882691327841,0.24661173086721588,0.0,0.8156537433717332,30.421749494179608,4,0.0018356765375870743,0.24493680821729866,0.2483477735165223,0.8933392010666079,0.9288928007110719,0.07110719928892806,0.0,0.9999999988575785,0.09767586652484836,9,0.0012086280874651727,0.0711290872887091,0.07350530059828037,0.1
5,12,0.15,0.03,0.15,0.15,0.38573040614269594,0.5904869374284639,0.4095130625715361,0.0,0.6978678037406182,3.1908500423963178,4,0.003142374869695683,0.4065522092678113,0.41292362253743037,0.8435144015648559,0.8956762677099039,0.10432373229009606,0.0,0.9999999998594288,0.10379361007731319,9,0.0013097877721569503,0.1038467829615322,0.10646798826865359,0.15
5,13,0.2,0.04,0.2,0.2,0.21706160782938397,0.478041071886256,0.521958928113744,0.0,0.572001147553981,6.360986069359816,4,0.007827718587970012,0.5145974135206924,0.530457253362094,0.8005168019948319,0.867011201329888,0.13298879867011204,0.0,0.9999999994891283,0.6517690872042772,9,0.0015382966235272415,0.13590188664098113,0.1388033479453,0.2
5,14,0.25,0.05,0.25,0.25,0.18850960811490394,0.4590064054099359,0.5409935945900641,0.0,0.4453175340789063,6.510140209096303,4,0.00575007862910918,0.5350956746490433,0.5469625545303745,0.7669304023306961,0.8446202682204641,0.1553797317795359,0.0,0.9999999991583706,5.622406459885563,9,0.0016519063448638032,0.16795214765381192,0.171146131621872,0.25
6,0,0.0,0.0,0.0,0.0,1.0,1.0,0.0,0.0,1.0,0.0,9,1.1888856508213085e-08,0.0,0.0,1.0,1.0,0.0,0.0,1.0,0.0,9,0.261035429046315,6.66598555283837e-06,0.6666665916666674,0.0
6,1,0.0005,0.0001,0.0005,0.0005,0.9999992425000076,0.999999495000005,5.04999995043498e-07,0.0,0.9992476493153731,0.270084880927289,9,1.8850711034636616e-07,3.349999966317796e-07,7.069999928832615e-07,0.9994232162372804,0.9996154774915201,0.0003845225084798676,0.0,0.9999999998057135,0.18687999091659818,9,0.0016377417390153652,4.785440521888339e-06,0.0033301477946985937,0.0005
6,2,0.001,0.0002,0.001,0.001,0.9999931715275683,0.9999954476850456,4.552314954442416e-06,0.0,0.9985092018951421,0.6094185953727432,9,2.994210681207618e-07,4.245622457488274e-06,4.861687451396257e-06,0.9988567325314327,0.9992378216876219,0.0007621783123781256,0.0,1.0000000010374837,0.11054266388967904,9,0.0005866886226346336,3.4505004314899774e-06,0.000482214256471294,0.001
6,3,0.0025,0.0005,0.0025,0.0025,0.999956681107302,0.9999711207382013,2.8879261798731015e-05,0.0,0.9962655421260167,1.3037000931596365,9,5.867134712389068e-07,2.8342165516614948e-05,2.9528125804589855e-05,0.9971623294283768,0.9981082196189179,0.0018917803810820644,0.0,0.9999999995397195,0.0679201315296185,9,0.001484954986083185,0.0003829364149586345,0.003688768498445616,0.0025
6,4,0.005,0.001,0.005,0.005,0.9998054278619457,0.9998702852412972,0.00012971475870282578,0.0,0.9925112902194445,8.150053860390317,9,1.2154272058633772e-06,0.000128581878714229,0.00013093856829067717,0.9941847658581524,0.9961231772387683,0.003876822761231691,0.0,1.0000000039152013,0.21938431499136837,9,0.000995381162260904,4.81381627070121e-06,0.0020966159022338584,0.005
6,5,0.01,0.002,0.01,0.01,0.9991311536924135,0.9994207691282756,0.000579230871724401,0.0,0.984889767121951,8.162825330710582,9,4.268758627354447e-06,0.0005752006569140322,0.0005837794528021467,0.988393296116067,0.9922621974107114,0.007737802589288578,0.0,1.0000000090862688,0.2984460587069977,9,0.001371250853409402,0.0025358219906417867,0.005347931879320687,0.01
6,6,0.025,0.005,0.025,0.025,0.9923488359265116,0.9948992239510077,0.005100776048992284,0.0,0.9608442199743008,21.721968933514393,9,4.3129822830427986e-05,0.0050578844954212296,0.005145061863216145,0.9721098242789018,0.9814065495192678,0.018593450480732243,0.0,1.0000000014532342,0.07238343350591371,9,0.001269454526192634,0.018007841206588337,0.020583460380832027,0.025
6,7,0.0375,0.0075,0.0375,0.0375,0.9772317162276829,0.9848211441517886,0.015178855848211437,0.0,0.9394151574830975,39.69984312178821,7,0.00012631030007398977,0.015051715316149484,0.015299389287006098,0.9584250364157496,0.9722833576104998,0.027716642389500223,0.0,1.0000000020878743,0.05661020046202163,9,0.00133318648259931,0.026856046451439453,0.029259939547400714,0.0375
6,8,0.05,0.01,0.05,0.05,0.9472254045277458,0.9648169363518306,0.035183063648169366,0.0,0.9171910696218797,55.76363361880398,6,0.0002926812996702484,0.03488498871781667,0.03547163388528363,0.9434321365656786,0.9622880910437858,0.037711908956214235,0.0,1.0000000103376077,0.2031286863434013,9,0.001249015109978936,0.03367831976988352,0.0360911603857551,0.05
6,9,0.0625,0.0125,0.0625,0.0625,0.9002883049971169,0.9335255366647446,0.06647446333525542,0.0,0.8933914208136098,57.232540804061706,5,0.0005331544340728714,0.065926502380735,0.06702815932971835,0.9318417286815827,0.9545611524543883,0.04543884754561167,0.0,0.999999996750448,0.12486171697076279,9,0.0011969782734138382,0.045621819383781806,0.0479966958400331,0.0625
6,10,0.075,0.015,0.075,0.075,0.829342401706576,0.886228267804384,0.11377173219561598,0.0,0.868593401402586,49.64147276272764,5,0.0009080274728831897,0.1128711242046221,0.11472789218605446,0.9187431768125683,0.9458287845417122,0.05417121545828785,0.0,0.999999997478659,0.0931564882923289,9,0.0012414175156680856,0.05375750100909166,0.05627186967728127,0.075
6,11,0.1,0.02,0.1,0.1,0.63077600369224,0.7538506691281599,0.2461493308718401,0.0,0.8156534236003181,32.04032225417289,5,0.001897756098145028,0.24438721888946122,0.2481352935186471,0.8933392010666079,0.9288928007110719,0.07110719928892806,0.0,0.9999999988575785,0.09767586652484836,9,0.0012086280874651727,0.0711290872887091,0.07350530059828037,0.1
6,12,0.15,0.03,0.15,0.15,0.3860984061390159,0.590732270759344,0.409267729240656,0.0,0.6978676482657632,8.166438789645415,5,0.003240010061664491,0.4063635159363648,0.4125979478740205,0.8435144015648559,0.8956762677099039,0.10432373229009606,0.0,0.9999999998594288,0.10379361007731319,9,0.0013097877721569503,0.1038467829615322,0.10646798826865359,0.15
6,13,0.2,0.04,0.2,0.2,0.21712880782871197,0.4780858718858079,0.5219141281141921,0.0,0.5720011300117805,10.516281597227449,5,0.007338631779105944,0.5149839095168276,0.5287543200457901,0.8005168019948319,0.867011201329888,0.13298879867011204,0.0,0.9999999994891283,0.6517690872042772,9,0.0015382966235272415,0.13590188664098113,0.1388033479453,0.2
6,14,0.25,0.05,0.25,0.25,0.18851600811483996,0.45901067207655993,0.5409893279234401,0.0,0.4453175258874457,9.898793525304786,5,0.005646397217722447,0.5354671093119955,0.5466338078669952,0.7669304023306961,0.8446202682204641,0.1553797317795359,0.0,0.9999999991583706,5.622406459885563,9,0.0016519063448638032,0.16795214765381192,0.171146131621872,0.25
7,0,0.0,0.0,0.0,0.0,1.0,1.0,0.0,0.0,1.0,0.0,9,1.3052486272187133e-08,0.0,3.333333298272123e-08,1.0,1.0,0.0,0.0,1.0,0.0,9,0.261035429046315,6.66598555283837e-06,0.6666665916666674,0.0
7,1,0.0005,0.0001,0.0005,0.0005,0.9999988385000116,0.9999992256666744,7.743333255705309e-07,0.0,0.9992478781156882,0.45193908388153997,9,1.900223491853563e-07,5.723333277307674e-07,9.473333237863812e-07,0.9994232162372804,0.9996154774915201,0.0003845225084798676,0.0,0.9999999998057135,0.18687999091659818,9,0.0016377417390153652,4.785440521888339e-06,0.0033301477946985937,0.0005
7,2,0.001,0.0002,0.001,0.001,0.9999920917000791,0.9999947278000527,5.272199947281564e-06,0.0,0.998506150281578,0.49160820686700185,9,2.8724094753628945e-07,4.969724950343313e-06,5.526719944803915e-06,0.9988567325314327,0.9992378216876219,0.0007621783123781256,0.0,1.0000000010374837,0.11054266388967904,9,0.0005866886226346336,3.4505004314899774e-06,0.000482214256471294,0.001
7,3,0.0025,0.0005,0.0025,0.0025,0.9999446409222535,0.9999630939481691,3.690605183093165e-05,0.0,0.9962601159874123,6.238328738919885,9,5.609629644591607e-07,3.640984313590945e-05,3.747329895020801e-05,0.9971623294283768,0.9981082196189179,0.0018917803810820644,0.0,0.9999999995397195,0.0679201315296185,9,0.001484954986083185,0.0003829364149586345,0.003688768498445616,0.0025
7,4,0.005,0.001,0.005,0.005,0.9997677093773228,0.999845139584882,0.00015486041511802995,0.0,0.9925145204669287,13.105169414835608,9,1.2939956905073974e-06,0.0001534373734656258,0.0001559967984400279,0.9941847658581524,0.9961231772387683,0.003876822761231691,0.0,1.0000000039152013,0.21938431499136837,9,0.000995381162260904,4.81381627070121e-06,0.0020966159022338584,0.005
7,5,0.01,0.002,0.01,0.01,0.9989016538565835,0.9992677692377224,0.0007322307622775748,0.0,0.9849732537390204,23.4441824396749,9,4.999566945539548e-06,0.0007269866302301864,0.0007368986489310059,0.988393296116067,0.9922621974107114,0.007737802589288578,0.0,1.0000000090862688,0.2984460587069977,9,0.001371250853409402,0.0025358219906417867,0.005347931879320687,0.01
7,6,0.025,0.005,0.025,0.025,0.9902087416979125,0.993472494465275,0.006527505534725031,0.0,0.9609749451393725,70.10058122509129,9,4.632853602829784e-05,0.006485561243944402,0.006578170536884928,0.9721098242789018,0.9814065495192678,0.018593450480732243,0.0,1.0000000014532342,0.07238343350591371,9,0.001269454526192634,0.018007841206588337,0.020583460380832027,0.025
7,7,0.0375,0.0075,0.0375,0.0375,0.9714683742853163,0.9809789161902108,0.019021083809789174,0.0,0.9394786079734694,107.16764329763689,8,0.00015004777243699056,0.018868377837982918,0.019161453781718848,0.9584250364157496,0.9722833576104998,0.027716642389500223,0.0,1.0000000020878743,0.05661020046202163,9,0.00133318648259931,0.026856046451439453,0.029259939547400714,0.0375
7,8,0.05,0.01,0.05,0.05,0.9342859086571409,0.9561906057714272,0.04380939422857277,0.0,0.9172353282992706,164.1955557417746,7,0.0003338615881052575,0.04351968537813654,0.044189614598103846,0.9434321365656786,0.9622880910437858,0.037711908956214235,0.0,1.0000000103376077,0.2031286863434013,9,0.001249015109978936,0.03367831976988352,0.0360911603857551,0.05
7,9,0.0625,0.0125,0.0625,0.0625,0.8550352014496478,0.9033568009664319,0.0966431990335681,0.0,0.893479486460089,240.73564459473332,6,0.0005347895178771018,0.09610020170566477,0.097199444361339,0.9318417286815827,0.9545611524543883,0.04543884754561167,0.0,0.999999996750448,0.12486171697076279,9,0.0011969782734138382,0.045621819383781806,0.0479966958400331,0.0625
7,10,0.075,0.015,0.075,0.075,0.7493456025065439,0.832897068337696,0.16710293166230406,0.0,0.8686441841741234,180.68497443854042,5,0.0007866995693382789,0.16628560900381067,0.16789239298774272,0.9187431768125683,0.9458287845417122,0.05417121545828785,0.0,0.999999997478659,0.0931564882923289,9,0.0012414175156680856,0.05375750100909166,0.05627186967728127,0.075
7,11,0.1,0.02,0.1,0.1,0.5687216043127838,0.7124810695418559,0.28751893045814414,0.0,0.8156640327098859,53.97431764169814,5,0.0013479118071461932,0.2862322531376775,0.28885286111147146,0.8933392010666079,0.9288928007110719,0.07110719928892806,0.0,0.9999999988575785,0.09767586652484836,9,0.0012086280874651727,0.0711290872887091,0.07350530059828037,0.1
7,12,0.15,0.03,0.15,0.15,0.39326880606731185,0.5955125373782079,0.40448746262179214,0.0,0.6978644839279332,9.29071038701392,5,0.0031655995131759625,0.40170527598294725,0.4078547585881191,0.8435144015648559,0.8956762677099039,0.10432373229009606,0.0,0.9999999998594288,0.10379361007731319,9,0.0013097877721569503,0.1038467829615322,0.10646798826865359,0.15
7,13,0.2,0.04,0.2,0.2,0.21863680781363196,0.47909120520908793,0.5209087947909121,0.0,0.5720007301293801,7.44499497710978,5,0.007340882206403006,0.5139606135270606,0.52850132804832,0.8005168019948319,0.867011201329888,0.13298879867011204,0.0,0.9999999994891283,0.6517690872042772,9,0.0015382966235272415,0.13590188664098113,0.1388033479453,0.2
7,14,0.25,0.05,0.25,0.25,0.18916880810831196,0.45944587207220794,0.5405541279277921,0.0,0.4453166513051676,13.663882531480022,5,0.005773022133147841,0.5354680906453191,0.5465401332012654,0.7669304023306961,0.8446202682204641,0.1553797317795359,0.0,0.9999999991583706,5.622406459885563,9,0.0016519063448638032,0.16795214765381192,0.171146131621872,0.25
8,0,0.0,0.0,0.0,0.0,1.0,1.0,0.0,0.0,1.0,0.0,9,1.1560688493909148e-08,0.0,0.0,1.0,1.0,0.0,0.0,1.0,0.0,9,0.261035429046315,6.66598555283837e-06,0.6666665916666674,0.0
8,1,0.0005,0.0001,0.0005,0.0005,0.9999984775000152,0.9999989850000102,1.014999989834564e-06,0.0,0.999248787292852,0.33604837782172486,9,1.817089315540634e-07,8.362799915495596e-07,1.1899999879938505e-06,0.9994232162372804,0.9996154774915201,0.0003845225084798676,0.0,0.9999999998057135,0.18687999091659818,9,0.0016377417390153652,4.785440521888339e-06,0.0033301477946985937,0.0005
8,2,0.001,0.0002,0.001,0.001,0.999990599425094,0.9999937329500627,6.267049937336289e-06,0.0,0.998511286735374,0.48209051886871024,9,3.013587237749722e-07,5.981556606804439e-06,6.5619699344265925e-06,0.9988567325314327,0.9992378216876219,0.0007621783123781256,0.0,1.0000000010374837,0.11054266388967904,9,0.0005866886226346336,3.4505004314899774e-06,0.000482214256471294,0.001
8,3,0.0025,0.0005,0.0025,0.0025,0.9999384799909152,0.9999589866606101,4.101333938988372e-05,0.0,0.9962740038620068,4.1020758560706625,9,5.806997385747046e-07,4.0475007795137685e-05,4.159339523412964e-05,0.9971623294283768,0.9981082196189179,0.0018917803810820644,0.0,0.9999999995397195,0.0679201315296185,9,0.001484954986083185,0.0003829364149586345,0.003688768498445616,0.0025
8,4,0.005,0.001,0.005,0.005,0.9997215591448845,0.9998143727632564,0.00018562723674364623,0.0,0.9925965081914645,9.811651909391681,9,1.4697683339413707e-06,0.00018435866733244045,0.00018720480532785633,0.9941847658581524,0.9961231772387683,0.003876822761231691,0.0,1.0000000039152013,0.21938431499136837,9,0.000995381162260904,4.81381627070121e-06,0.0020966159022338584,0.005
8,5,0.01,0.002,0.01,0.01,0.9987411970125881,0.9991607980083921,0.0008392019916079185,0.0,0.9850733250195352,24.802084172173647,9,5.310159223898431e-06,0.0008347867416521604,0.000844530741554661,0.988393296116067,0.9922621974107114,0.007737802589288578,0.0,1.0000000090862688,0.2984460587069977,9,0.001371250853409402,0.0025358219906417867,0.005347931879320687,0.01
8,6,0.025,0.005,0.025,0.025,0.9889859829301402,0.9926573219534268,0.007342678046573181,0.0,0.9610814129876858,107.77147601348548,9,5.0442027386916515e-05,0.007292359852676427,0.007390823926091805,0.9721098242789018,0.9814065495192678,0.018593450480732243,0.0,1.0000000014532342,0.07238343350591371,9,0.001269454526192634,0.018007841206588337,0.020583460380832027,0.025
8,7,0.0375,0.0075,0.0375,0.0375,0.9673202003267979,0.9782134668845318,0.021786533115468187,0.0,0.9395461756440089,172.5651218872011,9,0.00014255448003250534,0.021637666716956723,0.021924301434090344,0.9584250364157496,0.9722833576104998,0.027716642389500223,0.0,1.0000000020878743,0.05661020046202163,9,0.00133318648259931,0.026856046451439453,0.029259939547400714,0.0375
8,8,0.05,0.01,0.05,0.05,0.9293727627062723,0.9529151751375148,0.04708482486248522,0.0,0.9172615385841173,191.47029522030786,7,0.00031763211958123146,0.04675166779914999,0.04738788432612122,0.9434321365656786,0.9622880910437858,0.037711908956214235,0.0,1.0000000103376077,0.2031286863434013,9,0.001249015109978936,0.03367831976988352,0.0360911603857551,0.05
8,9,0.0625,0.0125,0.0625,0.0625,0.8540832014591679,0.9027221343061119,0.09727786569388808,0.0,0.8934824844495375,239.6440872898925,6,0.0005081489676496802,0.09678288969883783,0.09777015368896527,0.9318417286815827,0.9545611524543883,0.04543884754561167,0.0,0.999999996750448,0.12486171697076279,9,0.0011969782734138382,0.045621819383781806,0.0479966958400331,0.0625
8,10,0.075,0.015,0.075,0.075,0.7498616025013839,0.833241068334256,0.16675893166574396,0.0,0.8686435786060384,183.14116723530512,6,0.0007288509183852047,0.16608607833913933,0.16746094765872385,0.9187431768125683,0.9458287845417122,0.05417121545828785,0.0,0.999999997478659,0.0931564882923289,9,0.0012414175156680856,0.05375750100909166,0.05627186967728127,0.075
8,11,0.1,0.02,0.1,0.1,0.568584804314152,0.7123898695427681,0.28761013045723194,0.0,0.8156640741087594,53.550421952260876,6,0.0013634603266643325,0.2862422371375777,0.28896579977700876,0.8933392010666079,0.9288928007110719,0.07110719928892806,0.0,0.9999999988575785,0.09767586652484836,9,0.0012086280874651727,0.0711290872887091,0.07350530059828037,0.1
8,12,0.15,0.03,0.15,0.15,0.39325200606747984,0.5955013373783199,0.4044986626216801,0.0,0.6978644953302363,10.20445431096665,6,0.003217545370248162,0.4018349613149837,0.4078283905883827,0.8435144015648559,0.8956762677099039,0.10432373229009606,0.0,0.9999999998594288,0.10379361007731319,9,0.0013097877721569503,0.1038467829615322,0.10646798826865359,0.15
8,13,0.2,0.04,0.2,0.2,0.21863680781363196,0.47909120520908793,0.5209087947909121,0.0,0.5720007301365572,14.938831291293393,6,0.007652626845125189,0.5138260001950732,0.5290653173760134,0.8005168019948319,0.867011201329888,0.13298879867011204,0.0,0.9999999994891283,0.6517690872042772,9,0.0015382966235272415,0.13590188664098113,0.1388033479453,0.2
8,14,0.25,0.05,0.25,0.25,0.18916880810831196,0.45944587207220794,0.5405541279277921,0.0,0.4453166513049212,17.63525769624527,6,0.005650255054106922,0.5353074293135923,0.5463643252030234,0.7669304023306961,0.8446202682204641,0.1553797317795359,0.0,0.9999999991583706,5.622406459885563,9,0.0016519063448638032,0.16795214765381192,0.171146131621872,0.25
9,0,0.0,0.0,0.0,0.0,1.0,1.0,0.0,0.0,1.0,0.0,9,1.2351815806859196e-08,0.0,0.0,1.0,1.0,0.0,0.0,1.0,0.0,9,0.261035429046315,6.66598555283837e-06,0.6666665916666674,0.0
9,1,0.0005,0.0001,0.0005,0.0005,0.9999984267500157,0.9999989511666771,1.0488333228586555e-06,0.0,0.9992486192143364,0.3218769033363477,9,1.86484459847072e-07,8.796666578492207e-07,1.2579999874029468e-06,0.9994232162372804,0.9996154774915201,0.0003845225084798676,0.0,0.9999999998057135,0.18687999091659818,9,0.0016377417390153652,4.785440521888339e-06,0.0033301477946985937,0.0005
9,2,0.001,0.0002,0.001,0.001,0.9999900010000999,0.9999933340000666,6.665999933375133e-06,0.0,0.9985126203451239,0.3018072086019197,9,3.079344413391151e-07,6.340779936664376e-06,6.962663863614439e-06,0.9988567325314327,0.9992378216876219,0.0007621783123781256,0.0,1.0000000010374837,0.11054266388967904,9,0.0005866886226346336,3.4505004314899774e-06,0.000482214256471294,0.001
9,3,0.0025,0.0005,0.0025,0.0025,0.9999346036783165,0.9999564024522111,4.3597547788931656e-05,0.0,0.9962843235396632,2.0199127566784396,9,6.327250176879079e-07,4.2984251570121756e-05,4.415732775842063e-05,0.9971623294283768,0.9981082196189179,0.0018917803810820644,0.0,0.9999999995397195,0.0679201315296185,9,0.001484954986083185,0.0003829364149586345,0.003688768498445616,0.0025
9,4,0.005,0.001,0.005,0.005,0.9997090317597096,0.9998060211731398,0.0001939788268602305,0.0,0.9926077967349176,4.460007495486045,9,1.5642327373053542e-06,0.0001923888364760984,0.00019571201299284358,0.9941847658581524,0.9961231772387683,0.003876822761231691,0.0,1.0000000039152013,0.21938431499136837,9,0.000995381162260904,4.81381627070121e-06,0.0020966159022338584,0.005
9,5,0.01,0.002,0.01,0.01,0.9986537435984626,0.9991024957323084,0.00089750426769164,0.0,0.9851267966018059,23.651127514738985,9,5.556726501450994e-06,0.0008921741644115633,0.0009033411942999114,0.988393296116067,0.9922621974107114,0.007737802589288578,0.0,1.0000000090862688,0.2984460587069977,9,0.001371250853409402,0.0025358219906417867,0.005347931879320687,0.01
9,6,0.025,0.005,0.025,0.025,0.9880742401192576,0.9920494934128383,0.007950506587161676,0.0,0.9611537539817759,133.06187343030894,9,5.213246844603929e-05,0.007893712134396345,0.007999189253341421,0.9721098242789018,0.9814065495192678,0.018593450480732243,0.0,1.0000000014532342,0.07238343350591371,9,0.001269454526192634,0.018007841206588337,0.020583460380832027,0.025
9,7,0.0375,0.0075,0.0375,0.0375,0.9650139403498605,0.9766759602332403,0.023324039766759674,0.0,0.9395775239243465,205.47628627645318,9,0.0001443300241570691,0.02317278216827214,0.02345873736541258,0.9584250364157496,0.9722833576104998,0.027716642389500223,0.0,1.0000000020878743,0.05661020046202163,9,0.00133318648259931,0.026856046451439453,0.029259939547400714,0.0375
9,8,0.05,0.01,0.05,0.05,0.9243089567569104,0.949539304504607,0.050460695495393004,0.0,0.9172870014963587,230.1963127506788,7,0.00029465706959972386,0.05017967085820324,0.050742817625905184,0.9434321365656786,0.9622880910437858,0.037711908956214235,0.0,1.0000000103376077,0.2031286863434013,9,0.001249015109978936,0.03367831976988352,0.0360911603857551,0.05
9,9,0.0625,0.0125,0.0625,0.0625,0.8522856014771439,0.9015237343180958,0.09847626568190415,0.0,0.8934872387084571,247.99220885925553,7,0.0004949399637654819,0.09795447368712203,0.09894576967720894,0.9318417286815827,0.9545611524543883,0.04543884754561167,0.0,0.999999996750448,0.12486171697076279,9,0.0011969782734138382,0.045621819383781806,0.0479966958400331,0.0625
9,10,0.075,0.015,0.075,0.075,0.749671202503288,0.8331141350021921,0.1668858649978079,0.0,0.8686437852641983,182.1849583412498,6,0.0007721384399692709,0.16614254767190775,0.16767016365663162,0.9187431768125683,0.9458287845417122,0.05417121545828785,0.0,0.999999997478659,0.0931564882923289,9,0.0012414175156680856,0.05375750100909166,0.05627186967728127,0.075
9,11,0.1,0.02,0.1,0.1,0.568724804312752,0.712483202875168,0.287516797124832,0.0,0.8156640289661053,55.43818745096683,6,0.001403625623582037,0.28614024247193093,0.28886463711135363,0.8933392010666079,0.9288928007110719,0.07110719928892806,0.0,0.9999999988575785,0.09767586652484836,9,0.0012086280874651727,0.0711290872887091,0.07350530059828037,0.1
9,12,0.15,0.03,0.15,0.15,0.39326640606733587,0.5955109373782239,0.4044890626217761,0.0,0.6978644855176122,11.287615358848342,6,0.0031491211577320648,0.40149384131839494,0.4077200812561325,0.8435144015648559,0.8956762677099039,0.10432373229009606,0.0,0.9999999998594288,0.10379361007731319,9,0.0013097877721569503,0.1038467829615322,0.10646798826865359,0.15
9,13,0.2,0.04,0.2,0.2,0.21863680781363196,0.47909120520908793,0.5209087947909121,0.0,0.5720007301486341,13.515722961990345,6,0.007833863663858654,0.5133828001995053,0.5295484747045152,0.8005168019948319,0.867011201329888,0.13298879867011204,0.0,0.9999999994891283,0.6517690872042772,9,0.0015382966235272415,0.13590188664098113,0.1388033479453,0.2
9,14,0.25,0.05,0.25,0.25,0.18916880810831196,0.45944587207220794,0.5405541279277921,0.0,0.4453166513182839,19.345429442180954,6,0.006075898420733564,0.534457594655424,0.5473128478602048,0.7669304023306961,0.8446202682204641,0.1553797317795359,0.0,0.9999999991583706,5.622406459885563,9,0.0016519063448638032,0.16795214765381192,0.171146131621872,0.25
10,0,0.0,0.0,0.0,0.0,1.0,1.0,0.0,0.0,1.0,0.0,9,1.311171857736797e-08,0.0,3.333333298272123e-08,1.0,1.0,0.0,0.0,1.0,0.0,9,0.261035429046315,6.66598555283837e-06,0.6666665916666674,0.0
10,1,0.0005,0.0001,0.0005,0.0005,0.9999980620000194,0.999998708000013,1.2919999869964727e-06,0.0,0.9992490150738844,0.7542355254378592,9,1.8364239144835382e-07,1.116499988795816e-06,1.461999985408191e-06,0.9994232162372804,0.9996154774915201,0.0003845225084798676,0.0,0.9999999998057135,0.18687999091659818,9,0.0016377417390153652,4.785440521888339e-06,0.0033301477946985937,0.0005
10,2,0.001,0.0002,0.001,0.001,0.999988400655116,0.9999922671034106,7.732896589396354e-06,0.0,0.9985166479766769,0.8649571290928271,9,2.868093946403667e-07,7.436629925638982e-06,8.031519919682317e-06,0.9988567325314327,0.9992378216876219,0.0007621783123781256,0.0,1.0000000010374837,0.11054266388967904,9,0.0005866886226346336,3.4505004314899774e-06,0.000482214256471294,0.001
10,3,0.0025,0.0005,0.0025,0.0025,0.9999234527257029,0.999948968483802,5.103151619800794e-05,0.0,0.9963164335636252,3.432849797769041,9,6.077000661736854e-07,5.04156715658155e-05,5.157909610919997e-05,0.9971623294283768,0.9981082196189179,0.0018917803810820644,0.0,0.9999999995397195,0.0679201315296185,9,0.001484954986083185,0.0003829364149586345,0.003688768498445616,0.0025
10,4,0.005,0.001,0.005,0.005,0.9996710368582271,0.9997806912388181,0.00021930876118192444,0.0,0.9926709616158826,12.309398543180489,9,1.6407533351453945e-06,0.00021775855372252462,0.0002210579887894637,0.9941847658581524,0.9961231772387683,0.003876822761231691,0.0,1.0000000039152013,0.21938431499136837,9,0.000995381162260904,4.81381627070121e-06,0.0020966159022338584,0.005
10,5,0.01,0.002,0.01,0.01,0.998458296215417,0.9989721974769447,0.0010278025230553434,0.0,0.9852527316058288,59.72909867707862,9,6.127247892483908e-06,0.001021863555114617,0.0010337030292630134,0.988393296116067,0.9922621974107114,0.007737802589288578,0.0,1.0000000090862688,0.2984460587069977,9,0.001371250853409402,0.0025358219906417867,0.005347931879320687,0.01
10,6,0.025,0.005,0.025,0.025,0.9862951021370489,0.9908634014246992,0.009136598575300803,0.0,0.9613122769264284,285.57821151527344,9,5.730650521049243e-05,0.00907813548255202,0.009192145188078506,0.9721098242789018,0.9814065495192678,0.018593450480732243,0.0,1.0000000014532342,0.07238343350591371,9,0.001269454526192634,0.018007841206588337,0.020583460380832027,0.025
10,7,0.0375,0.0075,0.0375,0.0375,0.9611672923883271,0.9741115282588847,0.025888471741115304,0.0,0.9396398517099097,327.1344170684824,9,0.00014310143555506147,0.025751766409149,0.026021229713120993,0.9584250364157496,0.9722833576104998,0.027716642389500223,0.0,1.0000000020878743,0.05661020046202163,9,0.00133318648259931,0.026856046451439453,0.029259939547400714,0.0375
10,8,0.05,0.01,0.05,0.05,0.9171119808288801,0.9447413205525867,0.05525867944741325,0.0,0.9173197133468806,298.44802942559227,8,0.00027992724554757714,0.054976318916903584,0.05553704269796292,0.9434321365656786,0.9622880910437858,0.037711908956214235,0.0,1.0000000103376077,0.2031286863434013,9,0.001249015109978936,0.03367831976988352,0.0360911603857551,0.05
10,9,0.0625,0.0125,0.0625,0.0625,0.8442616015573838,0.8961744010382559,0.10382559896174415,0.0,0.8935078561797128,282.3378421754492,8,0.00045921119031223137,0.10337049496629509,0.10425260695747404,0.9318417286815827,0.9545611524543883,0.04543884754561167,0.0,0.999999996750448,0.12486171697076279,9,0.0011969782734138382,0.045621819383781806,0.0479966958400331,0.0625
10,10,0.075,0.015,0.075,0.075,0.7491976025080239,0.832798401672016,0.16720159832798398,0.0,0.8686441734869569,185.1596207192557,7,0.0007602481832955488,0.16651869700147975,0.16801900631980993,0.9187431768125683,0.9458287845417122,0.05417121545828785,0.0,0.999999997478659,0.0931564882923289,9,0.0012414175156680856,0.05375750100909166,0.05627186967728127,0.075
10,11,0.1,0.02,0.1,0.1,0.568833604311664,0.712555736207776,0.287444263792224,0.0,0.815663992877387,59.71603978305981,7,0.0013789126071167886,0.28602143713978573,0.2887241571127585,0.8933392010666079,0.9288928007110719,0.07110719928892806,0.0,0.9999999988575785,0.09767586652484836,9,0.0012086280874651727,0.0711290872887091,0.07350530059828037,0.1
10,12,0.15,0.03,0.15,0.15,0.39326160606738386,0.5955077373782559,0.4044922626217441,0.0,0.6978644887959442,14.537013247693,7,0.003055974528273005,0.4015959426507072,0.4077735212555982,0.8435144015648559,0.8956762677099039,0.10432373229009606,0.0,0.9999999998594288,0.10379361007731319,9,0.0013097877721569503,0.1038467829615322,0.10646798826865359,0.15
10,13,0.2,0.04,0.2,0.2,0.21863760781362396,0.479091738542416,0.520908261457584,0.0,0.5720007298574541,16.495085691541878,7,0.007565417073349078,0.5129715788702842,0.5279682293869843,0.8005168019948319,0.867011201329888,0.13298879867011204,0.0,0.9999999994891283,0.6517690872042772,9,0.0015382966235272415,0.13590188664098113,0.1388033479453,0.2
10,14,0.25,0.05,0.25,0.25,0.18916880810831196,0.45944587207220794,0.5405541279277921,0.0,0.4453166513087643,21.704430974298724,7,0.005764862952487074,0.5349445706505541,0.5457444852092217,0.7669304023306961,0.8446202682204641,0.1553797317795359,0.0,0.9999999991583706,5.622406459885563,9,0.0016519063448638032,0.16795214765381192,0.171146131621872,0.25
11,0,0.0,0.0,0.0,0.0,1.0,1.0,0.0,0.0,1.0,0.0,9,1.2530790269557253e-08,0.0,0.0,1.0,1.0,0.0,0.0,1.0,0.0,9,0.261035429046315,6.66598555283837e-06,0.6666665916666674,0.0
11,1,0.0005,0.0001,0.0005,0.0005,0.9999975400000246,0.9999983600000165,1.6399999834826318e-06,0.0,0.9992499019536466,0.48951354126637026,9,1.8708576027465826e-07,1.4279999858146653e-06,1.8198874819352895e-06,0.9994232162372804,0.9996154774915201,0.0003845225084798676,0.0,0.9999999998057135,0.18687999091659818,9,0.0016377417390153652,4.785440521888339e-06,0.0033301477946985937,0.0005
11,2,0.001,0.0002,0.001,0.001,0.9999868100751319,0.9999912067167546,8.793283245434047e-06,0.0,0.9985157681503578,1.789459309662764,9,3.10034675053282e-07,8.44987491543936e-06,9.062596575959425e-06,0.9988567325314327,0.9992378216876219,0.0007621783123781256,0.0,1.0000000010374837,0.11054266388967904,9,0.0005866886226346336,3.4505004314899774e-06,0.000482214256471294,0.001
11,3,0.0025,0.0005,0.0025,0.0025,0.9999072775241022,0.9999381850160681,6.181498393187379e-05,0.0,0.9963569744339223,8.193825157329178,9,6.684130080922477e-07,6.121058983798999e-05,6.24386185256176e-05,0.9971623294283768,0.9981082196189179,0.0018917803810820644,0.0,0.9999999995397195,0.0679201315296185,9,0.001484954986083185,0.0003829364149586345,0.003688768498445616,0.0025
11,4,0.005,0.001,0.005,0.005,0.9996153852174461,0.9997435901449641,0.00025640985503594393,0.0,0.9927512772329284,33.98979348749772,9,1.7084232974420457e-06,0.0002546180338538484,0.00025804797607554165,0.9941847658581524,0.9961231772387683,0.003876822761231691,0.0,1.0000000039152013,0.21938431499136837,9,0.000995381162260904,4.81381627070121e-06,0.0020966159022338584,0.005
11,5,0.01,0.002,0.01,0.01,0.9982370065176299,0.9988246710117533,0.0011753289882466822,0.0,0.9853855634549417,119.32308074118987,9,6.434839158220459e-06,0.0011687363883127189,0.0011817209881828106,0.988393296116067,0.9922621974107114,0.007737802589288578,0.0,1.0000000090862688,0.2984460587069977,9,0.001371250853409402,0.0025358219906417867,0.005347931879320687,0.01
11,6,0.025,0.005,0.025,0.025,0.984990200150098,0.989993466766732,0.010006533233267945,0.0,0.9614208822460308,487.08390551069175,9,5.171445342015489e-05,0.009955884167107904,0.01005651989943479,0.9721098242789018,0.9814065495192678,0.018593450480732243,0.0,1.0000000014532342,0.07238343350591371,9,0.001269454526192634,0.018007841206588337,0.020583460380832027,0.025
11,7,0.0375,0.0075,0.0375,0.0375,0.950187400498126,0.9667916003320839,0.03320839966791611,0.0,0.939789160971663,793.8007402796245,9,0.00013776977039684938,0.033064950549350464,0.03333511966664881,0.9584250364157496,0.9722833576104998,0.027716642389500223,0.0,1.0000000020878743,0.05661020046202163,9,0.00133318648259931,0.026856046451439453,0.029259939547400714,0.0375
11,8,0.05,0.01,0.05,0.05,0.875431201245688,0.916954134163792,0.08304586583620799,0.0,0.9174751930711568,894.2675492161927,9,0.00024270896374159308,0.08282124717178756,0.08328714583379515,0.9434321365656786,0.9622880910437858,0.037711908956214235,0.0,1.0000000103376077,0.2031286863434013,9,0.001249015109978936,0.03367831976988352,0.0360911603857551,0.05
11,9,0.0625,0.0125,0.0625,0.0625,0.7898832021011679,0.8599221347341119,0.14007786526588806,0.0,0.8936138271707332,565.7539192198851,9,0.0003545939170505605,0.1397159452695073,0.1404320839290125,0.9318417286815827,0.9545611524543883,0.04543884754561167,0.0,0.999999996750448,0.12486171697076279,9,0.0011969782734138382,0.045621819383781806,0.0479966958400331,0.0625
11,10,0.075,0.015,0.075,0.075,0.7205400027946,0.8136933351963999,0.18630666480360014,0.0,0.8686674164055753,229.58327636894094,8,0.0006445163506751652,0.18568925680977413,0.1869399874639334,0.9187431768125683,0.9458287845417122,0.05417121545828785,0.0,0.999999997478659,0.0931564882923289,9,0.0012414175156680856,0.05375750100909166,0.05627186967728127,0.075
11,11,0.1,0.02,0.1,0.1,0.5699472043005279,0.713298136200352,0.286701863799648,0.0,0.8156636290621982,60.60351601064261,8,0.0013509569901769885,0.28532315448010176,0.28789987978766785,0.8933392010666079,0.9288928007110719,0.07110719928892806,0.0,0.9999999988575785,0.09767586652484836,9,0.0012086280874651727,0.0711290872887091,0.07350530059828037,0.1
11,12,0.15,0.03,0.15,0.15,0.3936520060634799,0.5957680040423199,0.4042319959576801,0.0,0.6978642198008186,22.923515684955422,8,0.0033212315896695758,0.40139188931941444,0.4078319319216807,0.8435144015648559,0.8956762677099039,0.10432373229009606,0.0,0.9999999998594288,0.10379361007731319,9,0.0013097877721569503,0.1038467829615322,0.10646798826865359,0.15
11,13,0.2,0.04,0.2,0.2,0.21864240781357597,0.479094938542384,0.5209050614576161,0.0,0.5720007283661734,23.568534404967252,8,0.007774883478306652,0.5135904801974286,0.5292034720412986,0.8005168019948319,0.867011201329888,0.13298879867011204,0.0,0.9999999994891283,0.6517690872042772,9,0.0015382966235272415,0.13590188664098113,0.1388033479453,0.2
11,14,0.25,0.05,0.25,0.25,0.18917040810829597,0.459446938738864,0.540553061261136,0.0,0.44531664855731545,27.26377483491457,8,0.005859228080461866,0.5349623413170431,0.5467740105322598,0.7669304023306961,0.8446202682204641,0.1553797317795359,0.0,0.9999999991583706,5.622406459885563,9,0.0016519063448638032,0.16795214765381192,0.171146131621872,0.25
12,0,0.0,0.0,0.0,0.0,1.0,1.0,0.0,0.0,1.0,0.0,9,1.203498191313672e-08,0.0,0.0,1.0,1.0,0.0,0.0,1.0,0.0,9,0.261035429046315,6.66598555283837e-06,0.6666665916666674,0.0
12,1,0.0005,0.0001,0.0005,0.0005,0.999997205095028,0.9999981367300187,1.8632699813059261e-06,0.0,0.999251229432328,0.29491854953046553,9,1.7895886691509114e-07,1.682537483227442e-06,2.0357949797045194e-06,0.9994232162372804,0.9996154774915201,0.0003845225084798676,0.0,0.9999999998057135,0.18687999091659818,9,0.0016377417390153652,4.785440521888339e-06,0.0033301477946985937,0.0005
12,2,0.001,0.0002,0.001,0.001,0.9999851241601487,0.9999900827734325,9.917226567512927e-06,0.0,0.9985240703049995,1.7584695022705619,9,2.9509777754385087e-07,9.642499903539381e-06,1.0232891564321278e-05,0.9988567325314327,0.9992378216876219,0.0007621783123781256,0.0,1.0000000010374837,0.11054266388967904,9,0.0005866886226346336,3.4505004314899774e-06,0.000482214256471294,0.001
12,3,0.0025,0.0005,0.0025,0.0025,0.9998997322510027,0.9999331548340017,6.684516599830825e-05,0.0,0.9963835330578342,7.90708154587567,9,6.603704091298975e-07,6.610783233895745e-05,6.740918365932824e-05,0.9971623294283768,0.9981082196189179,0.0018917803810820644,0.0,0.9999999995397195,0.0679201315296185,9,0.001484954986083185,0.0003829364149586345,0.003688768498445616,0.0025
12,4,0.005,0.001,0.005,0.005,0.9995730598438693,0.9997153732292462,0.00028462677075380416,0.0,0.9928332002532175,43.47488899930489,9,1.8125284542183427e-06,0.00028293215317065634,0.00028640584866996833,0.9941847658581524,0.9961231772387683,0.003876822761231691,0.0,1.0000000039152013,0.21938431499136837,9,0.000995381162260904,4.81381627070121e-06,0.0020966159022338584,0.005
12,5,0.01,0.002,0.01,0.01,0.9980744276992558,0.9987162851328373,0.0012837148671627219,0.0,0.9854968784351494,162.72785723387105,9,6.830608006322464e-06,0.0012764320672356,0.001289864787101358,0.988393296116067,0.9922621974107114,0.007737802589288578,0.0,1.0000000090862688,0.2984460587069977,9,0.001371250853409402,0.0025358219906417867,0.005347931879320687,0.01
12,6,0.025,0.005,0.025,0.025,0.9835641801643583,0.9890427867762389,0.010957213223761086,0.0,0.9615491651230524,637.7049098844254,9,5.167032414206053e-05,0.010906847944264872,0.011009604049904005,0.9721098242789018,0.9814065495192678,0.018593450480732243,0.0,1.0000000014532342,0.07238343350591371,9,0.001269454526192634,0.018007841206588337,0.020583460380832027,0.025
12,7,0.0375,0.0075,0.0375,0.0375,0.9465605105343948,0.9643736736895966,0.03562632631040341,0.0,0.9398463998280866,895.7578637215928,9,0.00012818814118013052,0.035502707644972986,0.03575354710913119,0.9584250364157496,0.9722833576104998,0.027716642389500223,0.0,1.0000000020878743,0.05661020046202163,9,0.00133318648259931,0.026856046451439453,0.029259939547400714,0.0375
12,8,0.05,0.01,0.05,0.05,0.8749872012501279,0.9166581341667519,0.0833418658332481,0.0,0.9174770135192675,896.6140102095577,9,0.00023337483970463537,0.0831177805021555,0.08359056983076099,0.9434321365656786,0.9622880910437858,0.037711908956214235,0.0,1.0000000103376077,0.2031286863434013,9,0.001249015109978936,0.03367831976988352,0.0360911603857551,0.05
12,9,0.0625,0.0125,0.0625,0.0625,0.7900136020998638,0.8600090680665758,0.13999093193342416,0.0,0.8936134735291922,564.7291637248314,9,0.0003759282543325471,0.13962864927038032,0.1403807559295257,0.9318417286815827,0.9545611524543883,0.04543884754561167,0.0,0.999999996750448,0.12486171697076279,9,0.0011969782734138382,0.045621819383781806,0.0479966958400331,0.0625
12,10,0.075,0.015,0.075,0.075,0.7207096027929039,0.8138064018619359,0.18619359813806413,0.0,0.8686672315276528,238.27849622581874,9,0.0006095682495908194,0.18551654214483468,0.18669392879972743,0.9187431768125683,0.9458287845417122,0.05417121545828785,0.0,0.999999997478659,0.0931564882923289,9,0.0012414175156680856,0.05375750100909166,0.05627186967728127,0.075
12,11,0.1,0.02,0.1,0.1,0.569962404300376,0.7133082695335841,0.28669173046641594,0.0,0.8156636224256452,66.24935625382196,9,0.001357563320187708,0.285472530478608,0.2879134691208653,0.8933392010666079,0.9288928007110719,0.07110719928892806,0.0,0.9999999988575785,0.09767586652484836,9,0.0012086280874651727,0.0711290872887091,0.07350530059828037,0.1
12,12,0.15,0.03,0.15,0.15,0.3936520060634799,0.5957680040423199,0.4042319959576801,0.0,0.697864219760287,26.098971364469634,9,0.0033108822526169636,0.40089196399108035,0.40734346259323206,0.8435144015648559,0.8956762677099039,0.10432373229009606,0.0,0.9999999998594288,0.10379361007731319,9,0.0013097877721569503,0.1038467829615322,0.10646798826865359,0.15
12,13,0.2,0.04,0.2,0.2,0.21864240781357597,0.479094938542384,0.5209050614576161,0.0,0.5720007283661975,23.663372851247658,9,0.007850319764260195,0.5138029175286375,0.529281402707186,0.8005168019948319,0.867011201329888,0.13298879867011204,0.0,0.9999999994891283,0.6517690872042772,9,0.0015382966235272415,0.13590188664098113,0.1388033479453,0.2
12,14,0.25,0.05,0.25,0.25,0.18917040810829597,0.459446938738864,0.540553061261136,0.0,0.4453166485573068,32.35361266946896,9,0.005662898547329841,0.5348995786510042,0.5460313972063527,0.7669304023306961,0.8446202682204641,0.1553797317795359,0.0,0.9999999991583706,5.622406459885563,9,0.0016519063448638032,0.16795214765381192,0.171146131621872,0.25
13,0,0.0,0.0,0.0,0.0,1.0,1.0,0.0,0.0,1.0,0.0,9,1.1836298863159275e-08,0.0,0.0,1.0,1.0,0.0,0.0,1.0,0.0,9,0.261035429046315,6.66598555283837e-06,0.6666665916666674,0.0
13,1,0.0005,0.0001,0.0005,0.0005,0.999997101580029,0.9999980677200192,1.93227998079859e-06,0.0,0.9992514233631788,0.27969152053056395,9,1.8323165608938043e-07,1.7512124825813657e-06,2.1393099786104486e-06,0.9994232162372804,0.9996154774915201,0.0003845225084798676,0.0,0.9999999998057135,0.18687999091659818,9,0.0016377417390153652,4.785440521888339e-06,0.0033301477946985937,0.0005
13,2,0.001,0.0002,0.001,0.001,0.9999847673876523,0.9999898449251016,1.0155074898432481e-05,0.0,0.9985241419176658,1.1187744662062393,9,3.315820062686231e-07,9.839748234874435e-06,1.0472769895297773e-05,0.9988567325314327,0.9992378216876219,0.0007621783123781256,0.0,1.0000000010374837,0.11054266388967904,9,0.0005866886226346336,3.4505004314899774e-06,0.000482214256471294,0.001
13,3,0.0025,0.0005,0.0025,0.0025,0.9998973436010266,0.9999315624006844,6.843759931562943e-05,0.0,0.9963876240868231,5.840597041320338,9,7.025402209334986e-07,6.77274851561549e-05,6.914264495849753e-05,0.9971623294283768,0.9981082196189179,0.0018917803810820644,0.0,0.9999999995397195,0.0679201315296185,9,0.001484954986083185,0.0003829364149586345,0.003688768498445616,0.0025
13,4,0.005,0.001,0.005,0.005,0.9995587185643627,0.9997058123762418,0.00029418762375821306,0.0,0.9928533661827816,39.39869404756993,9,1.9378597463488166e-06,0.0002920619683793868,0.0002960376300847001,0.9941847658581524,0.9961231772387683,0.003876822761231691,0.0,1.0000000039152013,0.21938431499136837,9,0.000995381162260904,4.81381627070121e-06,0.0020966159022338584,0.005
13,5,0.01,0.002,0.01,0.01,0.9980175810598241,0.9986783873732161,0.0013216126267838746,0.0,0.9855305996884918,168.7569831908005,9,6.764424629981938e-06,0.001315274346847084,0.001328438466715709,0.988393296116067,0.9922621974107114,0.007737802589288578,0.0,1.0000000090862688,0.2984460587069977,9,0.001371250853409402,0.0025358219906417867,0.005347931879320687,0.01
13,6,0.025,0.005,0.025,0.025,0.982530100174699,0.9883534001164659,0.011646599883534114,0.0,0.9616386063272442,766.3206931385796,9,5.165681456792415e-05,0.011594899884051046,0.011699290016340317,0.9721098242789018,0.9814065495192678,0.018593450480732243,0.0,1.0000000014532342,0.07238343350591371,9,0.001269454526192634,0.018007841206588337,0.020583460380832027,0.025
13,7,0.0375,0.0075,0.0375,0.0375,0.9454954905450451,0.9636636603633635,0.03633633963663652,0.0,0.9398596538127484,952.823495499887,9,0.00013198715880020158,0.036205603797944026,0.03645787963542124,0.9584250364157496,0.9722833576104998,0.027716642389500223,0.0,1.0000000020878743,0.05661020046202163,9,0.00133318648259931,0.026856046451439453,0.029259939547400714,0.0375
13,8,0.05,0.01,0.05,0.05,0.8736192012638079,0.915746134175872,0.08425386582412797,0.0,0.9174827504188733,909.4494590520735,9,0.0002255025872465171,0.0840370338262964,0.08449154048841809,0.9434321365656786,0.9622880910437858,0.037711908956214235,0.0,1.0000000103376077,0.2031286863434013,9,0.001249015109978936,0.03367831976988352,0.0360911603857551,0.05
13,9,0.0625,0.0125,0.0625,0.0625,0.7899680021003198,0.85997866806688,0.14002133193312005,0.0,0.8936135643824116,563.4515314531131,9,0.00038047152435736066,0.13962899060371026,0.14036087326305802,0.9318417286815827,0.9545611524543883,0.04543884754561167,0.0,0.999999996750448,0.12486171697076279,9,0.0011969782734138382,0.045621819383781806,0.0479966958400331,0.0625
13,10,0.075,0.015,0.075,0.075,0.72057200279428,0.8137146685295201,0.18628533147047988,0.0,0.868667380643572,232.40617671447896,9,0.0005930770028880012,0.18568853147644815,0.1868858007978087,0.9187431768125683,0.9458287845417122,0.05417121545828785,0.0,0.999999997478659,0.0931564882923289,9,0.0012414175156680856,0.05375750100909166,0.05627186967728127,0.075
13,11,0.1,0.02,0.1,0.1,0.569983204300168,0.713322136200112,0.286677863799888,0.0,0.8156636132792482,70.93253119908313,9,0.001396644726044111,0.2853053411469465,0.2879180984541524,0.8933392010666079,0.9288928007110719,0.07110719928892806,0.0,0.9999999988575785,0.09767586652484836,9,0.0012086280874651727,0.0711290872887091,0.07350530059828037,0.1
13,12,0.15,0.03,0.15,0.15,0.3936520060634799,0.5957680040423199,0.4042319959576801,0.0,0.6978642198143103,24.666141026550594,9,0.0033054384141690757,0.40113812932195214,0.40761599592384,0.8435144015648559,0.8956762677099039,0.10432373229009606,0.0,0.9999999998594288,0.10379361007731319,9,0.0013097877721569503,0.1038467829615322,0.10646798826865359,0.15
13,13,0.2,0.04,0.2,0.2,0.21864240781357597,0.479094938542384,0.5209050614576161,0.0,0.5720007283662001,27.263366622833587,9,0.008228780080003101,0.5140620535260462,0.5298617973680486,0.8005168019948319,0.867011201329888,0.13298879867011204,0.0,0.9999999994891283,0.6517690872042772,9,0.0015382966235272415,0.13590188664098113,0.1388033479453,0.2
13,14,0.25,0.05,0.25,0.25,0.18917040810829597,0.459446938738864,0.540553061261136,0.0,0.44531664855730957,32.19660597705072,9,0.005498983113803761,0.5350506826494932,0.5457055518762778,0.7669304023306961,0.8446202682204641,0.1553797317795359,0.0,0.9999999991583706,5.622406459885563,9,0.0016519063448638032,0.16795214765381192,0.171146131621872,0.25
14,0,0.0,0.0,0.0,0.0,1.0,1.0,0.0,0.0,1.0,0.0,9,1.3280456133173675e-08,0.0,3.333333298272123e-08,1.0,1.0,0.0,0.0,1.0,0.0,9,0.261035429046315,6.66598555283837e-06,0.6666665916666674,0.0
14,1,0.0005,0.0001,0.0005,0.0005,0.9999969463075306,0.9999979642050203,2.0357949797045194e-06,0.0,0.99925177977861,0.3028616004056298,9,1.9037123484474258e-07,1.8287649817816387e-06,2.2190399778798664e-06,0.9994232162372804,0.9996154774915201,0.0003845225084798676,0.0,0.9999999998057135,0.18687999091659818,9,0.0016377417390153652,4.785440521888339e-06,0.0033301477946985937,0.0005
14,2,0.001,0.0002,0.001,0.001,0.9999842322289076,0.9999894881526051,1.0511847394867324e-05,0.0,0.9985253717427243,0.7957514722352546,9,3.1909521964346135e-07,1.0187757898152405e-05,1.0832079891720525e-05,0.9988567325314327,0.9992378216876219,0.0007621783123781256,0.0,1.0000000010374837,0.11054266388967904,9,0.0005866886226346336,3.4505004314899774e-06,0.000482214256471294,0.001
14,3,0.0025,0.0005,0.0025,0.0025,0.9998925411268246,0.9999283607512165,7.163924878350603e-05,0.0,0.9964004261351256,5.454616543058311,9,6.516042512076917e-07,7.098375542347046e-05,7.226126064407978e-05,0.9971623294283768,0.9981082196189179,0.0018917803810820644,0.0,0.9999999995397195,0.0679201315296185,9,0.001484954986083185,0.0003829364149586345,0.003688768498445616,0.0025
14,4,0.005,0.001,0.005,0.005,0.9995357165366429,0.9996904776910952,0.00030952230890479715,0.0,0.9928908773475551,44.25182376349009,9,2.049161702566868e-06,0.0003076066985240322,0.00031160875588387427,0.9941847658581524,0.9961231772387683,0.003876822761231691,0.0,1.0000000039152013,0.21938431499136837,9,0.000995381162260904,4.81381627070121e-06,0.0020966159022338584,0.005
14,5,0.01,0.002,0.01,0.01,0.9979554304204457,0.9986369536136305,0.0013630463863695264,0.0,0.9855680711722544,196.2829065210008,9,7.411855482557686e-06,0.0013555391864447097,0.0013705796982940877,0.988393296116067,0.9922621974107114,0.007737802589288578,0.0,1.0000000090862688,0.2984460587069977,9,0.001371250853409402,0.0025358219906417867,0.005347931879320687,0.01
14,6,0.025,0.005,0.025,0.025,0.9814855601851443,0.9876570401234295,0.012342959876570525,0.0,0.961724769525981,958.8962682696573,9,5.354605118527351e-05,0.012288923877110669,0.012398626436013723,0.9721098242789018,0.9814065495192678,0.018593450480732243,0.0,1.0000000014532342,0.07238343350591371,9,0.001269454526192634,0.018007841206588337,0.020583460380832027,0.025
14,7,0.0375,0.0075,0.0375,0.0375,0.940341896596581,0.9602279310643874,0.03977206893561258,0.0,0.9399347124578907,1152.612039406226,9,0.00012555211271977437,0.03964872227017946,0.03989980120100201,0.9584250364157496,0.9722833576104998,0.027716642389500223,0.0,1.0000000020878743,0.05661020046202163,9,0.00133318648259931,0.026856046451439453,0.029259939547400714,0.0375
14,8,0.05,0.01,0.05,0.05,0.8712240012877599,0.91414933419184,0.08585066580816003,0.0,0.9174924731913972,937.0345440145096,9,0.00023157550584437437,0.08561292714387071,0.08606559913934408,0.9434321365656786,0.9622880910437858,0.037711908956214235,0.0,1.0000000103376077,0.2031286863434013,9,0.001249015109978936,0.03367831976988352,0.0360911603857551,0.05
14,9,0.0625,0.0125,0.0625,0.0625,0.7898832021011679,0.8599221347341119,0.14007786526588806,0.0,0.8936137732719435,562.3707902850072,9,0.00035544216018870386,0.13966704926999618,0.14042728392906062,0.9318417286815827,0.9545611524543883,0.04543884754561167,0.0,0.999999996750448,0.12486171697076279,9,0.0011969782734138382,0.045621819383781806,0.0479966958400331,0.0625
14,10,0.075,0.015,0.075,0.075,0.7213152027868478,0.814210135191232,0.18578986480876802,0.0,0.8686666446037469,236.1560072908539,9,0.0006123705869799743,0.18517648881490184,0.18642736880239302,0.9187431768125683,0.9458287845417122,0.05417121545828785,0.0,0.999999997478659,0.0931564882923289,9,0.0012414175156680856,0.05375750100909166,0.05627186967728127,0.075
14,11,0.1,0.02,0.1,0.1,0.5699672043003279,0.713311469533552,0.28668853046644804,0.0,0.8156636205753992,64.13356428052973,9,0.0013218165149541875,0.2852391224809421,0.2879660344536729,0.8933392010666079,0.9288928007110719,0.07110719928892806,0.0,0.9999999988575785,0.09767586652484836,9,0.0012086280874651727,0.0711290872887091,0.07350530059828037,0.1
14,12,0.15,0.03,0.15,0.15,0.3936520060634799,0.5957680040423199,0.4042319959576801,0.0,0.6978642198614223,27.582733242927112,9,0.0031850721679204897,0.4013650946530157,0.4076518785901479,0.8435144015648559,0.8956762677099039,0.10432373229009606,0.0,0.9999999998594288,0.10379361007731319,9,0.0013097877721569503,0.1038467829615322,0.10646798826865359,0.15
14,13,0.2,0.04,0.2,0.2,0.21864240781357597,0.479094938542384,0.5209050614576161,0.0,0.5720007283661876,26.356175159165065,9,0.007931676197900788,0.5141138935255277,0.529140794708592,0.8005168019948319,0.867011201329888,0.13298879867011204,0.0,0.9999999994891283,0.6517690872042772,9,0.0015382966235272415,0.13590188664098113,0.1388033479453,0.2
14,14,0.25,0.05,0.25,0.25,0.18917040810829597,0.459446938738864,0.540553061261136,0.0,0.4453166485573126,33.89939488114618,9,0.005665300688315717,0.5352180426478196,0.5462713332039533,0.7669304023306961,0.8446202682204641,0.1553797317795359,0.0,0.9999999991583706,5.622406459885563,9,0.0016519063448638032,0.16795214765381192,0.171146131621872,0.25
15,0,0.0,0.0,0.0,0.0,1.0,1.0,0.0,0.0,1.0,0.0,9,1.2154098394404005e-08,0.0,0.0,1.0,1.0,0.0,0.0,1.0,0.0,9,0.261035429046315,6.66598555283837e-06,0.6666665916666674,0.0
15,1,0.0005,0.0001,0.0005,0.0005,0.9999966194312838,0.9999977462875226,2.253712477418013e-06,0.0,0.9992515300499257,0.43204471825289315,9,1.9094713348790755e-07,2.0357949797045194e-06,2.4270749756638565e-06,0.9994232162372804,0.9996154774915201,0.0003845225084798676,0.0,0.9999999998057135,0.18687999091659818,9,0.0016377417390153652,4.785440521888339e-06,0.0033301477946985937,0.0005
15,2,0.001,0.0002,0.001,0.001,0.9999827211476728,0.9999884807651153,1.1519234884738161e-05,0.0,0.9985263452633525,2.251729126339809,9,3.048413171033004e-07,1.1233512387520683e-05,1.1825199881854154e-05,0.9988567325314327,0.9992378216876219,0.0007621783123781256,0.0,1.0000000010374837,0.11054266388967904,9,0.0005866886226346336,3.4505004314899774e-06,0.000482214256471294,0.001
15,3,0.0025,0.0005,0.0025,0.0025,0.9998836687061633,0.9999224458041089,7.755419589106083e-05,0.0,0.9964219621770665,15.245455824728996,9,7.566719692678326e-07,7.672835256611332e-05,7.830496255023522e-05,0.9971623294283768,0.9981082196189179,0.0018917803810820644,0.0,0.9999999995397195,0.0679201315296185,9,0.001484954986083185,0.0003829364149586345,0.003688768498445616,0.0025
15,4,0.005,0.001,0.005,0.005,0.9995002098618729,0.9996668065745821,0.0003331934254179325,0.0,0.9929483133573785,82.95918499849287,9,2.1246960290166155e-06,0.0003311332256886734,0.00033537251664628176,0.9941847658581524,0.9961231772387683,0.003876822761231691,0.0,1.0000000039152013,0.21938431499136837,9,0.000995381162260904,4.81381627070121e-06,0.0020966159022338584,0.005
15,5,0.01,0.002,0.01,0.01,0.9978771760212283,0.9985847840141521,0.0014152159858479285,0.0,0.9856187475631083,283.0153833280182,9,7.499501925737367e-06,0.0014078930659211508,0.0014233057553669813,0.988393296116067,0.9922621974107114,0.007737802589288578,0.0,1.0000000090862688,0.2984460587069977,9,0.001371250853409402,0.0025358219906417867,0.005347931879320687,0.01
15,6,0.025,0.005,0.025,0.025,0.9800641601993584,0.9867094401329055,0.013290559867094487,0.0,0.9618400905546274,1463.093728008455,9,5.361899260717334e-05,0.013243199867567945,0.013345971066540261,0.9721098242789018,0.9814065495192678,0.018593450480732243,0.0,1.0000000014532342,0.07238343350591371,9,0.001269454526192634,0.018007841206588337,0.020583460380832027,0.025
15,7,0.0375,0.0075,0.0375,0.0375,0.9117420388825795,0.9411613592550531,0.058838640744946935,0.0,0.9402832371762517,2658.9487590178915,9,9.828602888381754e-05,0.058747161865861826,0.05894076250392573,0.9584250364157496,0.9722833576104998,0.027716642389500223,0.0,1.0000000020878743,0.05661020046202163,9,0.00133318648259931,0.026856046451439453,0.029259939547400714,0.0375
15,8,0.05,0.01,0.05,0.05,0.8438632015613678,0.8959088010409119,0.10409119895908814,0.0,0.9175875584995635,1337.0299290440694,9,0.00020022231796830683,0.10387895362787712,0.10427741762389249,0.9434321365656786,0.9622880910437858,0.037711908956214235,0.0,1.0000000103376077,0.2031286863434013,9,0.001249015109978936,0.03367831976988352,0.0360911603857551,0.05
15,9,0.0625,0.0125,0.0625,0.0625,0.7838472021615278,0.8558981347743518,0.14410186522564816,0.0,0.8936265384709972,580.1964594000149,9,0.00034040502250314513,0.14378999322876684,0.14440533188928006,0.9318417286815827,0.9545611524543883,0.04543884754561167,0.0,0.999999996750448,0.12486171697076279,9,0.0011969782734138382,0.045621819383781806,0.0479966958400331,0.0625
15,10,0.075,0.015,0.075,0.075,0.7206896027931039,0.813793068528736,0.186206931471264,0.0,0.8686672603419398,231.45585986014848,9,0.0006066337979636711,0.18563603014363977,0.18683696879829698,0.9187431768125683,0.9458287845417122,0.05417121545828785,0.0,0.999999997478659,0.0931564882923289,9,0.0012414175156680856,0.05375750100909166,0.05627186967728127,0.075
15,11,0.1,0.02,0.1,0.1,0.5705640042943599,0.71370933619624,0.28629066380376,0.0,0.8156633617517504,69.71745350538808,9,0.001394686059807739,0.2847098851529011,0.28753525045798084,0.8933392010666079,0.9288928007110719,0.07110719928892806,0.0,0.9999999988575785,0.09767586652484836,9,0.0012086280874651727,0.0711290872887091,0.07350530059828037,0.1
15,12,0.15,0.03,0.15,0.15,0.3936584060634159,0.5957722707089439,0.4042277292910561,0.0,0.6978642146759036,22.490683548835698,9,0.003077246864439065,0.40143965465227005,0.4070932865957339,0.8435144015648559,0.8956762677099039,0.10432373229009606,0.0,0.9999999998594288,0.10379361007731319,9,0.0013097877721569503,0.1038467829615322,0.10646798826865359,0.15
15,13,0.2,0.04,0.2,0.2,0.21864240781357597,0.479094938542384,0.5209050614576161,0.0,0.5720007283672909,25.457653450238016,9,0.008119937018514555,0.5130387362029459,0.5298020853686458,0.8005168019948319,0.867011201329888,0.13298879867011204,0.0,0.9999999994891283,0.6517690872042772,9,0.0015382966235272415,0.13590188664098113,0.1388033479453,0.2
15,14,0.25,0.05,0.25,0.25,0.18917040810829597,0.459446938738864,0.540553061261136,0.0,0.44531664855770264,32.393708469722824,9,0.005256308472511414,0.5354701173119654,0.5458503412081632,0.7669304023306961,0.8446202682204641,0.1553797317795359,0.0,0.9999999991583706,5.622406459885563,9,0.0016519063448638032,0.16795214765381192,0.171146131621872,0.25
16,0,0.0,0.0,0.0,0.0,1.0,1.0,0.0,0.0,1.0,0.0,9,1.2163804313892337e-08,0.0,0.0,1.0,1.0,0.0,0.0,1.0,0.0,9,0.261035429046315,6.66598555283837e-06,0.6666665916666674,0.0
16,1,0.0005,0.0001,0.0005,0.0005,0.9999964634050353,0.9999976422700235,2.3577299764765414e-06,0.0,0.9992517929451842,0.5090774370571743,9,1.8385902249995893e-07,2.1843674781196754e-06,2.5433199745128476e-06,0.9994232162372804,0.9996154774915201,0.0003845225084798676,0.0,0.9999999998057135,0.18687999091659818,9,0.0016377417390153652,4.785440521888339e-06,0.0033301477946985937,0.0005
16,2,0.001,0.0002,0.001,0.001,0.9999817052801829,0.999987803520122,1.2196479878046063e-05,0.0,0.9985308766467241,1.6829612835301362,9,3.1504795166708285e-07,1.1865149881273851e-05,1.2489899875123278e-05,0.9988567325314327,0.9992378216876219,0.0007621783123781256,0.0,1.0000000010374837,0.11054266388967904,9,0.0005866886226346336,3.4505004314899774e-06,0.000482214256471294,0.001
16,3,0.0025,0.0005,0.0025,0.0025,0.9998771516812284,0.9999181011208189,8.189887918108596e-05,0.0,0.996443106324889,14.601842180119133,9,7.682800743003603e-07,8.114474585518838e-05,8.264324917350852e-05,0.9971623294283768,0.9981082196189179,0.0018917803810820644,0.0,0.9999999995397195,0.0679201315296185,9,0.001484954986083185,0.0003829364149586345,0.003688768498445616,0.0025
16,4,0.005,0.001,0.005,0.005,0.9994795501775795,0.9996530334517196,0.00034696654828036966,0.0,0.9929873159870387,89.39972822276675,9,2.173323668043402e-06,0.00034475791005250667,0.0003493855330062301,0.9941847658581524,0.9961231772387683,0.003876822761231691,0.0,1.0000000039152013,0.21938431499136837,9,0.000995381162260904,4.81381627070121e-06,0.0020966159022338584,0.005
16,5,0.01,0.002,0.01,0.01,0.997799498942005,0.9985329992946701,0.0014670007053299017,0.0,0.9856712426633392,330.5229039692952,9,7.402871549920622e-06,0.0014595649054044424,0.0014739672236602664,0.988393296116067,0.9922621974107114,0.007737802589288578,0.0,1.0000000090862688,0.2984460587069977,9,0.001371250853409402,0.0025358219906417867,0.005347931879320687,0.01
16,6,0.025,0.005,0.025,0.025,0.9779443522205565,0.9852962348137044,0.01470376518629557,0.0,0.9620249646762837,1791.887073282573,9,5.164959705042299e-05,0.014654483693455168,0.014751367959153008,0.9721098242789018,0.9814065495192678,0.018593450480732243,0.0,1.0000000014532342,0.07238343350591371,9,0.001269454526192634,0.018007841206588337,0.020583460380832027,0.025
16,7,0.0375,0.0075,0.0375,0.0375,0.9117337448826626,0.941155829921775,0.058844170078224955,0.0,0.9402834216781225,2660.360872401319,9,0.00010959492537504998,0.058739140532608765,0.058970158450298425,0.9584250364157496,0.9722833576104998,0.027716642389500223,0.0,1.0000000020878743,0.05661020046202163,9,0.00133318648259931,0.026856046451439453,0.029259939547400714,0.0375
16,8,0.05,0.01,0.05,0.05,0.8438296015617037,0.8958864010411358,0.10411359895886418,0.0,0.9175876852140523,1335.386329765435,9,0.0001920682825298832,0.10391778029415559,0.10429395095706058,0.9434321365656786,0.9622880910437858,0.037711908956214235,0.0,1.0000000103376077,0.2031286863434013,9,0.001249015109978936,0.03367831976988352,0.0360911603857551,0.05
16,9,0.0625,0.0125,0.0625,0.0625,0.7839648021603519,0.855976534773568,0.14402346522643195,0.0,0.8936262491712201,582.5986126913019,9,0.0003436753059251139,0.1436646385633536,0.14435955055640456,0.9318417286815827,0.9545611524543883,0.04543884754561167,0.0,0.999999996750448,0.12486171697076279,9,0.0011969782734138382,0.045621819383781806,0.0479966958400331,0.0625
16,10,0.075,0.015,0.075,0.075,0.7206696027933038,0.8137797351955358,0.1862202648044642,0.0,0.8686672842408486,230.09603344310304,9,0.0006027384071329357,0.18559359814406406,0.1868548247981185,0.9187431768125683,0.9458287845417122,0.05417121545828785,0.0,0.999999997478659,0.0931564882923289,9,0.0012414175156680856,0.05375750100909166,0.05627186967728127,0.075
16,11,0.1,0.02,0.1,0.1,0.5705616042943839,0.7137077361962559,0.28629226380374406,0.0,0.8156633629029341,64.9961355657991,9,0.0013835226295425256,0.2849284878173817,0.28777288245560445,0.8933392010666079,0.9288928007110719,0.07110719928892806,0.0,0.9999999988575785,0.09767586652484836,9,0.0012086280874651727,0.0711290872887091,0.07350530059828037,0.1
16,12,0.15,0.03,0.15,0.15,0.3936584060634159,0.5957722707089439,0.4042277292910561,0.0,0.6978642146756605,22.06806392988792,9,0.0033622067928839516,0.40077390532559426,0.40756485992435143,0.8435144015648559,0.8956762677099039,0.10432373229009606,0.0,0.9999999998594288,0.10379361007731319,9,0.0013097877721569503,0.1038467829615322,0.10646798826865359,0.15
16,13,0.2,0.04,0.2,0.2,0.21864240781357597,0.479094938542384,0.5209050614576161,0.0,0.5720007283672908,27.745624873437112,9,0.008160799506578347,0.513279632200537,0.5294057120392761,0.8005168019948319,0.867011201329888,0.13298879867011204,0.0,0.9999999994891283,0.6517690872042772,9,0.0015382966235272415,0.13590188664098113,0.1388033479453,0.2
16,14,0.25,0.05,0.25,0.25,0.18917040810829597,0.459446938738864,0.540553061261136,0.0,0.4453166485577027,33.764188960785525,9,0.005465391663248406,0.5352553546474466,0.5457488585425113,0.7669304023306961,0.8446202682204641,0.1553797317795359,0.0,0.9999999991583706,5.622406459885563,9,0.0016519063448638032,0.16795214765381192,0.171146131621872,0.25
17,0,0.0,0.0,0.0,0.0,1.0,1.0,0.0,0.0,1.0,0.0,9,1.2884046744039216e-08,0.0,3.333333298272123e-08,1.0,1.0,0.0,0.0,1.0,0.0,9,0.261035429046315,6.66598555283837e-06,0.6666665916666674,0.0
17,1,0.0005,0.0001,0.0005,0.0005,0.9999961850200382,0.9999974566800255,2.5433199745128476e-06,0.0,0.9992529081885313,0.5238569744531709,9,1.8788070935636528e-07,2.3577299764765414e-06,2.7175199729390087e-06,0.9994232162372804,0.9996154774915201,0.0003845225084798676,0.0,0.9999999998057135,0.18687999091659818,9,0.0016377417390153652,4.785440521888339e-06,0.0033301477946985937,0.0005
17,2,0.001,0.0002,0.001,0.001,0.9999805792001942,0.9999870528001296,1.2947199870438908e-05,0.0,0.9985360846300553,1.3188967010631025,9,3.179311849289513e-07,1.257047987424098e-05,1.32453798675769e-05,0.9988567325314327,0.9992378216876219,0.0007621783123781256,0.0,1.0000000010374837,0.11054266388967904,9,0.0005866886226346336,3.4505004314899774e-06,0.000482214256471294,0.001
17,3,0.0025,0.0005,0.0025,0.0025,0.9998684448363157,0.9999122965575437,8.770344245634387e-05,0.0,0.9964720341138324,15.164083607834405,9,8.247273188299932e-07,8.693880913057672e-05,8.862100244710902e-05,0.9971623294283768,0.9981082196189179,0.0018917803810820644,0.0,0.9999999995397195,0.0679201315296185,9,0.001484954986083185,0.0003829364149586345,0.003688768498445616,0.0025
17,4,0.005,0.001,0.005,0.005,0.999456261827875,0.9996375078852499,0.00036249211475014587,0.0,0.9930313188300456,101.45201224037339,9,2.2872674073478135e-06,0.000360228427647713,0.00036474095800242967,0.9941847658581524,0.9961231772387683,0.003876822761231691,0.0,1.0000000039152013,0.21938431499136837,9,0.000995381162260904,4.81381627070121e-06,0.0020966159022338584,0.005
17,5,0.01,0.002,0.01,0.01,0.9977082332729177,0.9984721555152785,0.001527844484721541,0.0,0.9857332303670656,401.77365992612926,9,8.326492811555849e-06,0.001518580507480931,0.001535880484641261,0.988393296116067,0.9922621974107114,0.007737802589288578,0.0,1.0000000090862688,0.2984460587069977,9,0.001371250853409402,0.0025358219906417867,0.005347931879320687,0.01
17,6,0.025,0.005,0.025,0.025,0.9763319662366804,0.9842213108244536,0.015778689175546368,0.0,0.9621644602611296,2129.893755276364,9,5.1250246460261385e-05,0.01573154181601799,0.015832752535005917,0.9721098242789018,0.9814065495192678,0.018593450480732243,0.0,1.0000000014532342,0.07238343350591371,9,0.001269454526192634,0.018007841206588337,0.020583460380832027,0.025
17,7,0.0375,0.0075,0.0375,0.0375,0.9107564688924351,0.9405043125949568,0.059495687405043185,0.0,0.9402962551174439,2697.4279794846584,9,0.00010812213157984987,0.05939087556609137,0.05960667359059996,0.9584250364157496,0.9722833576104998,0.027716642389500223,0.0,1.0000000020878743,0.05661020046202163,9,0.00133318648259931,0.026856046451439453,0.029259939547400714,0.0375
17,8,0.05,0.01,0.05,0.05,0.8437736015622639,0.895849067708176,0.10415093229182404,0.0,0.917587906940328,1334.004322418391,9,0.00019562535364040648,0.10395417496045836,0.10434790295652102,0.9434321365656786,0.9622880910437858,0.037711908956214235,0.0,1.0000000103376077,0.2031286863434013,9,0.001249015109978936,0.03367831976988352,0.0360911603857551,0.05
17,9,0.0625,0.0125,0.0625,0.0625,0.783884802161152,0.855923201440768,0.14407679855923206,0.0,0.8936264408170946,580.3366904267588,9,0.00033945445643297144,0.14373813189595197,0.14440612122260554,0.9318417286815827,0.9545611524543883,0.04543884754561167,0.0,0.999999996750448,0.12486171697076279,9,0.0011969782734138382,0.045621819383781806,0.0479966958400331,0.0625
17,10,0.075,0.015,0.075,0.075,0.720754402792456,0.8138362685283039,0.18616373147169607,0.0,0.8686671796946631,236.1811618698606,9,0.0005716286778776164,0.18564108614358915,0.1867334167993326,0.9187431768125683,0.9458287845417122,0.05417121545828785,0.0,0.999999997478659,0.0931564882923289,9,0.0012414175156680856,0.05375750100909166,0.05627186967728127,0.075
17,11,0.1,0.02,0.1,0.1,0.5705632042943679,0.713708802862912,0.28629119713708795,0.0,0.8156633621036391,64.61743300746325,9,0.00135176316631472,0.2847489891525101,0.2874866957917996,0.8933392010666079,0.9288928007110719,0.07110719928892806,0.0,0.9999999988575785,0.09767586652484836,9,0.0012086280874651727,0.0711290872887091,0.07350530059828037,0.1
17,12,0.15,0.03,0.15,0.15,0.3936584060634159,0.5957722707089439,0.4042277292910561,0.0,0.6978642146744723,19.520554579356833,9,0.003152820976426654,0.4012077399879226,0.4076064599239354,0.8435144015648559,0.8956762677099039,0.10432373229009606,0.0,0.9999999998594288,0.10379361007731319,9,0.0013097877721569503,0.1038467829615322,0.10646798826865359,0.15
17,13,0.2,0.04,0.2,0.2,0.21864240781357597,0.479094938542384,0.5209050614576161,0.0,0.5720007283672907,23.078830848545323,9,0.007989423925090442,0.5136632481967008,0.5291570080417632,0.8005168019948319,0.867011201329888,0.13298879867011204,0.0,0.9999999994891283,0.6517690872042772,9,0.0015382966235272415,0.13590188664098113,0.1388033479453,0.2
17,14,0.25,0.05,0.25,0.25,0.18917040810829597,0.459446938738864,0.540553061261136,0.0,0.44531664855770264,33.99634694655387,9,0.006104701273043067,0.5352006559813267,0.5472542025274579,0.7669304023306961,0.8446202682204641,0.1553797317795359,0.0,0.9999999991583706,5.622406459885563,9,0.0016519063448638032,0.16795214765381192,0.171146131621872,0.25
18,0,0.0,0.0,0.0,0.0,1.0,1.0,0.0,0.0,1.0,0.0,9,1.3225179114427734e-08,0.0,3.333333298272123e-08,1.0,1.0,0.0,0.0,1.0,0.0,9,0.261035429046315,6.66598555283837e-06,0.6666665916666674,0.0
18,1,0.0005,0.0001,0.0005,0.0005,0.9999958192000418,0.9999972128000278,2.787199972154042e-06,0.0,0.999254147765346,0.5796524931573425,9,1.8564472494982534e-07,2.612999973838903e-06,3.0106449698807936e-06,0.9994232162372804,0.9996154774915201,0.0003845225084798676,0.0,0.9999999998057135,0.18687999091659818,9,0.0016377417390153652,4.785440521888339e-06,0.0033301477946985937,0.0005
18,2,0.001,0.0002,0.001,0.001,0.9999789823902102,0.9999859882601401,1.4011739859931538e-05,0.0,0.9985433151740677,1.1055435499037325,9,3.118745456343775e-07,1.3708799862954812e-05,1.4316719856743987e-05,0.9988567325314327,0.9992378216876219,0.0007621783123781256,0.0,1.0000000010374837,0.11054266388967904,9,0.0005866886226346336,3.4505004314899774e-06,0.000482214256471294,0.001
18,3,0.0025,0.0005,0.0025,0.0025,0.9998598751914013,0.9999065834609343,9.34165390656938e-05,0.0,0.9965006438068027,17.341323353701366,9,8.576423243586826e-07,9.246920574190742e-05,9.418793905802136e-05,0.9971623294283768,0.9981082196189179,0.0018917803810820644,0.0,0.9999999995397195,0.0679201315296185,9,0.001484954986083185,0.0003829364149586345,0.003688768498445616,0.0025
18,4,0.005,0.001,0.005,0.005,0.9994349243238507,0.9996232828825672,0.0003767171174328121,0.0,0.9930718636924994,119.45786483400708,9,2.5087132239357508e-06,0.0003740841012090934,0.0003791041498590886,0.9941847658581524,0.9961231772387683,0.003876822761231691,0.0,1.0000000039152013,0.21938431499136837,9,0.000995381162260904,4.81381627070121e-06,0.0020966159022338584,0.005
18,5,0.01,0.002,0.01,0.01,0.9975890144991099,0.99839267633274,0.0016073236672600189,0.0,0.9858137125362667,508.7365619859653,9,7.916136207418196e-06,0.0016000659839994213,0.0016154252671790603,0.988393296116067,0.9922621974107114,0.007737802589288578,0.0,1.0000000090862688,0.2984460587069977,9,0.001371250853409402,0.0025358219906417867,0.005347931879320687,0.01
18,6,0.025,0.005,0.025,0.025,0.9752055002479448,0.9834703334986298,0.01652966650137022,0.0,0.9622616526114849,2433.7639184141476,9,5.338460927986394e-05,0.016475114715248814,0.01658571983414294,0.9721098242789018,0.9814065495192678,0.018593450480732243,0.0,1.0000000014532342,0.07238343350591371,9,0.001269454526192634,0.018007841206588337,0.020583460380832027,0.025
18,7,0.0375,0.0075,0.0375,0.0375,0.910152800898472,0.940101867265648,0.05989813273435196,0.0,0.9403038479860995,2728.213371831133,9,0.00010026942715126028,0.05980013540199869,0.06000410713329222,0.9584250364157496,0.9722833576104998,0.027716642389500223,0.0,1.0000000020878743,0.05661020046202163,9,0.00133318648259931,0.026856046451439453,0.029259939547400714,0.0375
18,8,0.05,0.01,0.05,0.05,0.8437192015628079,0.8958128010418719,0.10418719895812811,0.0,0.917588083951316,1335.783922252059,9,0.00019934995396695844,0.10400400962662668,0.10441314028920201,0.9434321365656786,0.9622880910437858,0.037711908956214235,0.0,1.0000000103376077,0.2031286863434013,9,0.001249015109978936,0.03367831976988352,0.0360911603857551,0.05
18,9,0.0625,0.0125,0.0625,0.0625,0.7840056021599439,0.8560037347732958,0.14399626522670417,0.0,0.8936261378198331,580.5750214876791,9,0.0003335289523180168,0.14367637189656962,0.14430984389023496,0.9318417286815827,0.9545611524543883,0.04543884754561167,0.0,0.999999996750448,0.12486171697076279,9,0.0011969782734138382,0.045621819383781806,0.0479966958400331,0.0625
18,10,0.075,0.015,0.075,0.075,0.720792802792072,0.813861868528048,0.18613813147195202,0.0,0.8686671385349697,231.3713033111093,9,0.0005684886665302617,0.18548951281177153,0.1866310168003565,0.9187431768125683,0.9458287845417122,0.05417121545828785,0.0,0.999999997478659,0.0931564882923289,9,0.0012414175156680856,0.05375750100909166,0.05627186967728127,0.075
18,11,0.1,0.02,0.1,0.1,0.5705640042943599,0.71370933619624,0.28629066380376,0.0,0.8156633616840747,64.82188601087984,9,0.0013931853645219607,0.2850068238165985,0.2878037517886292,0.8933392010666079,0.9288928007110719,0.07110719928892806,0.0,0.9999999988575785,0.09767586652484836,9,0.0012086280874651727,0.0711290872887091,0.07350530059828037,0.1
18,12,0.15,0.03,0.15,0.15,0.3936584060634159,0.5957722707089439,0.4042277292910561,0.0,0.6978642146741053,21.229875383551935,9,0.0031692364615316807,0.40096560665701064,0.40722450792775494,0.8435144015648559,0.8956762677099039,0.10432373229009606,0.0,0.9999999998594288,0.10379361007731319,9,0.0013097877721569503,0.1038467829615322,0.10646798826865359,0.15
18,13,0.2,0.04,0.2,0.2,0.21864240781357597,0.479094938542384,0.5209050614576161,0.0,0.5720007283672909,26.058438982505784,9,0.00777034820644783,0.5139427148605729,0.5291228747087712,0.8005168019948319,0.867011201329888,0.13298879867011204,0.0,0.9999999994891283,0.6517690872042772,9,0.0015382966235272415,0.13590188664098113,0.1388033479453,0.2
18,14,0.25,0.05,0.25,0.25,0.18917040810829597,0.459446938738864,0.540553061261136,0.0,0.44531664855770264,32.19458600623954,9,0.005540572822522928,0.5350133066498669,0.5459993118733402,0.7669304023306961,0.8446202682204641,0.1553797317795359,0.0,0.9999999991583706,5.622406459885563,9,0.0016519063448638032,0.16795214765381192,0.171146131621872,0.25
19,0,0.0,0.0,0.0,0.0,1.0,1.0,0.0,0.0,1.0,0.0,9,1.2826714361208278e-08,0.0,3.333333298272123e-08,1.0,1.0,0.0,0.0,1.0,0.0,9,0.261035429046315,6.66598555283837e-06,0.6666665916666674,0.0
19,1,0.0005,0.0001,0.0005,0.0005,0.9999949348000506,0.9999966232000338,3.3767999662037695e-06,0.0,0.999256749390937,2.327630378545076,9,1.9021214621851016e-07,3.1856824680431828e-06,3.569592464280902e-06,0.9994232162372804,0.9996154774915201,0.0003845225084798676,0.0,0.9999999998057135,0.18687999091659818,9,0.0016377417390153652,4.785440521888339e-06,0.0033301477946985937,0.0005
19,2,0.001,0.0002,0.001,0.001,0.9999749911405625,0.9999833274270417,1.667257295834279e-05,0.0,0.998559652954887,7.0964674255424995,9,3.257104491565447e-07,1.6353533169755075e-05,1.6997062330048607e-05,0.9988567325314327,0.9992378216876219,0.0007621783123781256,0.0,1.0000000010374837,0.11054266388967904,9,0.0005866886226346336,3.4505004314899774e-06,0.000482214256471294,0.001
19,3,0.0025,0.0005,0.0025,0.0025,0.9998430256840697,0.9998953504560465,0.00010464954395350556,0.0,0.996555047087933,37.422888469674625,9,9.099896628316781e-07,0.00010355537396444792,0.00010543109394556271,0.9971623294283768,0.9981082196189179,0.0018917803810820644,0.0,0.9999999995397195,0.0679201315296185,9,0.001484954986083185,0.0003829364149586345,0.003688768498445616,0.0025
19,4,0.005,0.001,0.005,0.005,0.9993952164124479,0.9995968109416319,0.00040318905836811414,0.0,0.9931464698261434,186.36736100433262,9,2.4900867882713707e-06,0.00040079355379207815,0.00040564208914350974,0.9941847658581524,0.9961231772387683,0.003876822761231691,0.0,1.0000000039152013,0.21938431499136837,9,0.000995381162260904,4.81381627070121e-06,0.0020966159022338584,0.005
19,5,0.01,0.002,0.01,0.01,0.9975733176492668,0.9983822117661779,0.0016177882338220817,0.0,0.9858249108145232,683.1014351261704,9,8.587439271092112e-06,0.001608673933913285,0.00162535478374648,0.988393296116067,0.9922621974107114,0.007737802589288578,0.0,1.0000000090862688,0.2984460587069977,9,0.001371250853409402,0.0025358219906417867,0.005347931879320687,0.01
19,6,0.025,0.005,0.025,0.025,0.96785800032142,0.9785720002142799,0.021427999785720075,0.0,0.9628614207481633,4408.865517164169,9,4.335752629272894e-05,0.02138851946611485,0.021473112105268918,0.9721098242789018,0.9814065495192678,0.018593450480732243,0.0,1.0000000014532342,0.07238343350591371,9,0.001269454526192634,0.018007841206588337,0.020583460380832027,0.025
19,7,0.0375,0.0075,0.0375,0.0375,0.8996848010031521,0.933123200668768,0.06687679933123203,0.0,0.9404293567669844,3268.403910822554,9,9.749407988120251e-05,0.06676791399898767,0.0669663993303361,0.9584250364157496,0.9722833576104998,0.027716642389500223,0.0,1.0000000020878743,0.05661020046202163,9,0.00133318648259931,0.026856046451439453,0.029259939547400714,0.0375
19,8,0.05,0.01,0.05,0.05,0.838510401614896,0.8923402677432639,0.10765973225673608,0.0,0.9176068892611088,1392.5284753838941,9,0.0001798662770088943,0.10746952425863832,0.10782613225507198,0.9434321365656786,0.9622880910437858,0.037711908956214235,0.0,1.0000000103376077,0.2031286863434013,9,0.001249015109978936,0.03367831976988352,0.0360911603857551,0.05
19,9,0.0625,0.0125,0.0625,0.0625,0.783612802163872,0.855741868109248,0.14425813189075198,0.0,0.8936271206112303,576.5876749311262,9,0.00032942346273310625,0.14391626522750423,0.14459803588735304,0.9318417286815827,0.9545611524543883,0.04543884754561167,0.0,0.999999996750448,0.12486171697076279,9,0.0011969782734138382,0.045621819383781806,0.0479966958400331,0.0625
19,10,0.075,0.015,0.075,0.075,0.72119200278808,0.81412800185872,0.18587199814127997,0.0,0.8686666628603245,228.09025894887205,9,0.0006025527839354951,0.18530643014693574,0.18644398746889357,0.9187431768125683,0.9458287845417122,0.05417121545828785,0.0,0.999999997478659,0.0931564882923289,9,0.0012414175156680856,0.05375750100909166,0.05627186967728127,0.075
19,11,0.1,0.02,0.1,0.1,0.5706184042938159,0.7137456028625438,0.28625439713745615,0.0,0.815663334953274,66.90806613835541,9,0.001422729565615958,0.2847062584862706,0.28754113845792195,0.8933392010666079,0.9288928007110719,0.07110719928892806,0.0,0.9999999988575785,0.09767586652484836,9,0.0012086280874651727,0.0711290872887091,0.07350530059828037,0.1
19,12,0.15,0.03,0.15,0.15,0.3936584060634159,0.5957722707089439,0.4042277292910561,0.0,0.6978642147275289,21.237186915487044,9,0.0030378771885372063,0.40127845998721545,0.4071688065949786,0.8435144015648559,0.8956762677099039,0.10432373229009606,0.0,0.9999999998594288,0.10379361007731319,9,0.0013097877721569503,0.1038467829615322,0.10646798826865359,0.15
19,13,0.2,0.04,0.2,0.2,0.21864240781357597,0.479094938542384,0.5209050614576161,0.0,0.5720007283672932,23.21061706789928,9,0.007814045529260365,0.5126372215402943,0.5288613707113862,0.8005168019948319,0.867011201329888,0.13298879867011204,0.0,0.9999999994891283,0.6517690872042772,9,0.0015382966235272415,0.13590188664098113,0.1388033479453,0.2
19,14,0.25,0.05,0.25,0.25,0.18917040810829597,0.459446938738864,0.540553061261136,0.0,0.44531664855770303,32.38293495298229,9,0.005598464576285509,0.5343929759894036,0.5457497118758361,0.7669304023306961,0.8446202682204641,0.1553797317795359,0.0,0.9999999991583706,5.622406459885563,9,0.0016519063448638032,0.16795214765381192,0.171146131621872,0.25
20,0,0.0,0.0,0.0,0.0,1.0,1.0,0.0,0.0,1.0,0.0,9,1.1147479884907557e-08,0.0,0.0,1.0,1.0,0.0,0.0,1.0,0.0,9,0.261035429046315,6.66598555283837e-06,0.6666665916666674,0.0
20,1,0.0005,0.0001,0.0005,0.0005,0.9999945925975541,0.9999963950650361,3.6049349638744843e-06,0.0,0.9992583776094689,1.9872359128661752,9,1.8727761293649338e-07,3.4119749660055376e-06,3.7816474621754637e-06,0.9994232162372804,0.9996154774915201,0.0003845225084798676,0.0,0.9999999998057135,0.18687999091659818,9,0.0016377417390153652,4.785440521888339e-06,0.0033301477946985937,0.0005
20,2,0.001,0.0002,0.001,0.001,0.9999739499417293,0.9999826332944862,1.736670551377717e-05,0.0,0.9985651592564604,5.839591685163603,9,3.1082197420411333e-07,1.7039984204658687e-05,1.7668360448364062e-05,0.9988567325314327,0.9992378216876219,0.0007621783123781256,0.0,1.0000000010374837,0.11054266388967904,9,0.0005866886226346336,3.4505004314899774e-06,0.000482214256471294,0.001
20,3,0.0025,0.0005,0.0025,0.0025,0.999834689996653,0.9998897933311021,0.00011020666889793862,0.0,0.9965836750069084,38.941214898925445,9,9.564062326911753e-07,0.00010934121223993287,0.00011115264888850174,0.9971623294283768,0.9981082196189179,0.0018917803810820644,0.0,0.9999999995397195,0.0679201315296185,9,0.001484954986083185,0.0003829364149586345,0.003688768498445616,0.0025
20,4,0.005,0.001,0.005,0.005,0.9993722677200773,0.999581511813385,0.0004184881866150514,0.0,0.9931911710217308,208.1787199317132,9,2.6240018953937953e-06,0.0004161410750665917,0.0004208207035537015,0.9941847658581524,0.9961231772387683,0.003876822761231691,0.0,1.0000000039152013,0.21938431499136837,9,0.000995381162260904,4.81381627070121e-06,0.0020966159022338584,0.005
20,5,0.01,0.002,0.01,0.01,0.997494200975058,0.9983294673167054,0.0016705326832946454,0.0,0.9858790267296379,783.7854905117237,9,8.582201866785639e-06,0.0016611744333882017,0.0016785569572144432,0.988393296116067,0.9922621974107114,0.007737802589288578,0.0,1.0000000090862688,0.2984460587069977,9,0.001371250853409402,0.0025358219906417867,0.005347931879320687,0.01
20,6,0.025,0.005,0.025,0.025,0.9664936363350637,0.9776624242233757,0.02233757577662432,0.0,0.9629735410553764,4726.027720237462,9,4.533342173208288e-05,0.02229195081708054,0.02238314377616868,0.9721098242789018,0.9814065495192678,0.018593450480732243,0.0,1.0000000014532342,0.07238343350591371,9,0.001269454526192634,0.018007841206588337,0.020583460380832027,0.025
20,7,0.0375,0.0075,0.0375,0.0375,0.8987752010122478,0.9325168006748319,0.06748319932516811,0.0,0.94044033388948,3309.3032723597526,9,8.742821617277803e-05,0.06740319932596817,0.06757128465762058,0.9584250364157496,0.9722833576104998,0.027716642389500223,0.0,1.0000000020878743,0.05661020046202163,9,0.00133318648259931,0.026856046451439453,0.029259939547400714,0.0375
20,8,0.05,0.01,0.05,0.05,0.838494401615056,0.892329601076704,0.107670398923296,0.0,0.91760694692887,1391.6999449802427,9,0.0001786418165987412,0.10749725759169416,0.10783908158827579,0.9434321365656786,0.9622880910437858,0.037711908956214235,0.0,1.0000000103376077,0.2031286863434013,9,0.001249015109978936,0.03367831976988352,0.0360911603857551,0.05
20,9,0.0625,0.0125,0.0625,0.0625,0.7837256021627439,0.8558170681084959,0.1441829318915041,0.0,0.8936268170606926,579.4791058725426,9,0.0003301444554218125,0.14384089456159116,0.14452673988806608,0.9318417286815827,0.9545611524543883,0.04543884754561167,0.0,0.999999996750448,0.12486171697076279,9,0.0011969782734138382,0.045621819383781806,0.0479966958400331,0.0625
20,10,0.075,0.015,0.075,0.075,0.721216802787832,0.8141445351918879,0.1858554648081121,0.0,0.8686666309552007,229.62841041305518,9,0.0006292168348710373,0.18522184348111484,0.18649828080168382,0.9187431768125683,0.9458287845417122,0.05417121545828785,0.0,0.999999997478659,0.0931564882923289,9,0.0012414175156680856,0.05375750100909166,0.05627186967728127,0.075
20,11,0.1,0.02,0.1,0.1,0.5706192042938079,0.7137461361958719,0.2862538638041281,0.0,0.8156633344930372,68.06590314050432,9,0.001432930405952879,0.28496701581699646,0.2878326371216736,0.8933392010666079,0.9288928007110719,0.07110719928892806,0.0,0.9999999988575785,0.09767586652484836,9,0.0012086280874651727,0.0711290872887091,0.07350530059828037,0.1
20,12,0.15,0.03,0.15,0.15,0.3936584060634159,0.5957722707089439,0.4042277292910561,0.0,0.697864214727652,22.969720000215332,9,0.003071386304286373,0.401137937321954,0.40712217192877836,0.8435144015648559,0.8956762677099039,0.10432373229009606,0.0,0.9999999998594288,0.10379361007731319,9,0.0013097877721569503,0.1038467829615322,0.10646798826865359,0.15
20,13,0.2,0.04,0.2,0.2,0.21864240781357597,0.479094938542384,0.5209050614576161,0.0,0.5720007283672932,25.786267842082125,9,0.007976060452042204,0.5133750348662497,0.5291646453750201,0.8005168019948319,0.867011201329888,0.13298879867011204,0.0,0.9999999994891283,0.6517690872042772,9,0.0015382966235272415,0.13590188664098113,0.1388033479453,0.2
20,14,0.25,0.05,0.25,0.25,0.18917040810829597,0.459446938738864,0.540553061261136,0.0,0.44531664855770303,31.053409224798767,9,0.005444521558196115,0.5356553333101133,0.5466397812002689,0.7669304023306961,0.8446202682204641,0.1553797317795359,0.0,0.9999999991583706,5.622406459885563,9,0.0016519063448638032,0.16795214765381192,0.171146131621872,0.25
21,0,0.0,0.0,0.0,0.0,1.0,1.0,0.0,0.0,1.0,0.0,9,1.2415109073111347e-08,0.0,3.333333298272123e-08,1.0,1.0,0.0,0.0,1.0,0.0,9,0.261035429046315,6.66598555283837e-06,0.6666665916666674,0.0
21,1,0.0005,0.0001,0.0005,0.0005,0.9999938212600618,0.9999958808400411,4.119159958904106e-06,0.0,0.9992614456593142,1.9405964209312794,9,1.9244709258581028e-07,3.941609960533832e-06,4.316977456841897e-06,0.9994232162372804,0.9996154774915201,0.0003845225084798676,0.0,0.9999999998057135,0.18687999091659818,9,0.0016377417390153652,4.785440521888339e-06,0.0033301477946985937,0.0005
21,2,0.001,0.0002,0.001,0.001,0.9999712476738875,0.9999808317825917,1.9168217408327415e-05,0.0,0.9985786532165699,6.567062009317374,9,3.4363819209156196e-07,1.8873372186312132e-05,1.9553465729571506e-05,0.9988567325314327,0.9992378216876219,0.0007621783123781256,0.0,1.0000000010374837,0.11054266388967904,9,0.0005866886226346336,3.4505004314899774e-06,0.000482214256471294,0.001
21,3,0.0025,0.0005,0.0025,0.0025,0.9998138602018614,0.9998759068012409,0.00012409319875905656,0.0,0.9966544353017003,65.29536121287299,9,1.0091862065260417e-06,0.0001230753203692858,0.0001251407387486969,0.9971623294283768,0.9981082196189179,0.0018917803810820644,0.0,0.9999999995397195,0.0679201315296185,9,0.001484954986083185,0.0003829364149586345,0.003688768498445616,0.0025
21,4,0.005,0.001,0.005,0.005,0.9993467260724577,0.9995644840483052,0.00043551595169477597,0.0,0.9932402744893557,279.4362239041151,9,2.6880341877003835e-06,0.0004330181699447877,0.00043836658391638306,0.9941847658581524,0.9961231772387683,0.003876822761231691,0.0,1.0000000039152013,0.21938431499136837,9,0.000995381162260904,4.81381627070121e-06,0.0020966159022338584,0.005
21,5,0.01,0.002,0.01,0.01,0.997501602499984,0.9983344016666559,0.0016655983333441204,0.0,0.9858740561323014,949.9681540963696,9,9.222182982206077e-06,0.0016556622021101043,0.001674473357255244,0.988393296116067,0.9922621974107114,0.007737802589288578,0.0,1.0000000090862688,0.2984460587069977,9,0.001371250853409402,0.0025358219906417867,0.005347931879320687,0.01
21,6,0.025,0.005,0.025,0.025,0.9600305603996944,0.9733537069331296,0.026646293066870386,0.0,0.9634889125303983,6475.70541464278,9,4.064413335707715e-05,0.026604420000622454,0.026683686133163197,0.9721098242789018,0.9814065495192678,0.018593450480732243,0.0,1.0000000014532342,0.07238343350591371,9,0.001269454526192634,0.018007841206588337,0.020583460380832027,0.025
21,7,0.0375,0.0075,0.0375,0.0375,0.889300801106992,0.9262005340713279,0.07379946592867215,0.0,0.9405479913720962,3817.7328103441137,9,8.411878860136829e-05,0.07370551392961155,0.07388648459446853,0.9584250364157496,0.9722833576104998,0.027716642389500223,0.0,1.0000000020878743,0.05661020046202163,9,0.00133318648259931,0.026856046451439453,0.029259939547400714,0.0375
21,8,0.05,0.01,0.05,0.05,0.8363248016367519,0.8908832010911679,0.10911679890883208,0.0,0.9176149748720984,1414.1111588028666,9,0.00017432437080087734,0.1089677429103226,0.10929092157375755,0.9434321365656786,0.9622880910437858,0.037711908956214235,0.0,1.0000000103376077,0.2031286863434013,9,0.001249015109978936,0.03367831976988352,0.0360911603857551,0.05
21,9,0.0625,0.0125,0.0625,0.0625,0.7837376021626239,0.855825068108416,0.14417493189158403,0.0,0.8936267865531259,575.0366430084347,9,0.0003289447408236798,0.1438402972282638,0.14453661722130068,0.9318417286815827,0.9545611524543883,0.04543884754561167,0.0,0.999999996750448,0.12486171697076279,9,0.0011969782734138382,0.045621819383781806,0.0479966958400331,0.0625
21,10,0.075,0.015,0.075,0.075,0.7214752027852479,0.814316801856832,0.18568319814316803,0.0,0.8686663034228218,228.41500502864588,9,0.000597673881965402,0.18509049414909512,0.18632503280341645,0.9187431768125683,0.9458287845417122,0.05417121545828785,0.0,0.999999997478659,0.0931564882923289,9,0.0012414175156680856,0.05375750100909166,0.05627186967728127,0.075
21,11,0.1,0.02,0.1,0.1,0.5706400042936,0.7137600028623999,0.28623999713760007,0.0,0.8156633238725706,66.33587243316649,9,0.0014113035192560293,0.2848991331510087,0.2875468557911982,0.8933392010666079,0.9288928007110719,0.07110719928892806,0.0,0.9999999988575785,0.09767586652484836,9,0.0012086280874651727,0.0711290872887091,0.07350530059828037,0.1
21,12,0.15,0.03,0.15,0.15,0.3936584060634159,0.5957722707089439,0.4042277292910561,0.0,0.6978642147353161,21.038495701809982,9,0.0031626370447876773,0.4011613186550535,0.40727564392724364,0.8435144015648559,0.8956762677099039,0.10432373229009606,0.0,0.9999999998594288,0.10379361007731319,9,0.0013097877721569503,0.1038467829615322,0.10646798826865359,0.15
21,13,0.2,0.04,0.2,0.2,0.21864240781357597,0.479094938542384,0.5209050614576161,0.0,0.5720007283672932,23.843220165386207,9,0.0074294946098240125,0.5143107575235591,0.5291198880421344,0.8005168019948319,0.867011201329888,0.13298879867011204,0.0,0.9999999994891283,0.6517690872042772,9,0.0015382966235272415,0.13590188664098113,0.1388033479453,0.2
21,14,0.25,0.05,0.25,0.25,0.18917040810829597,0.459446938738864,0.540553061261136,0.0,0.44531664855770303,31.061063987658038,9,0.005603994361176367,0.5345333706546662,0.5457457225425428,0.7669304023306961,0.8446202682204641,0.1553797317795359,0.0,0.9999999991583706,5.622406459885563,9,0.0016519063448638032,0.16795214765381192,0.171146131621872,0.25
22,0,0.0,0.0,0.0,0.0,1.0,1.0,0.0,0.0,1.0,0.0,9,1.2530790269557251e-08,0.0,0.0,1.0,1.0,0.0,0.0,1.0,0.0,9,0.261035429046315,6.66598555283837e-06,0.6666665916666674,0.0
22,1,0.0005,0.0001,0.0005,0.0005,0.9999936315663137,0.9999957543775425,4.245622457488274e-06,0.0,0.9992623829814133,1.6778799124707444,9,1.9503063384721293e-07,4.048139959578201e-06,4.424009955705799e-06,0.9994232162372804,0.9996154774915201,0.0003845225084798676,0.0,0.9999999998057135,0.18687999091659818,9,0.0016377417390153652,4.785440521888339e-06,0.0033301477946985937,0.0005
22,2,0.001,0.0002,0.001,0.001,0.999970603293019,0.9999804021953459,1.9597804654103435e-05,0.0,0.9985824106163775,6.0786388348030815,9,3.403956181676431e-07,1.925655020740269e-05,1.9903739783022624e-05,0.9988567325314327,0.9992378216876219,0.0007621783123781256,0.0,1.0000000010374837,0.11054266388967904,9,0.0005866886226346336,3.4505004314899774e-06,0.000482214256471294,0.001
22,3,0.0025,0.0005,0.0025,0.0025,0.9998103549718964,0.9998735699812643,0.00012643001873569037,0.0,0.9966669344006044,66.0358145368379,9,1.0055214199358662e-06,0.00012554363874450747,0.00012752991872477804,0.9971623294283768,0.9981082196189179,0.0018917803810820644,0.0,0.9999999995397195,0.0679201315296185,9,0.001484954986083185,0.0003829364149586345,0.003688768498445616,0.0025
22,4,0.005,0.001,0.005,0.005,0.9993371199056788,0.9995580799371192,0.0004419200628807962,0.0,0.993259208080388,295.3153215895393,9,2.740899357902156e-06,0.0004394037288308894,0.0004449073399258596,0.9941847658581524,0.9961231772387683,0.003876822761231691,0.0,1.0000000039152013,0.21938431499136837,9,0.000995381162260904,4.81381627070121e-06,0.0020966159022338584,0.005
22,5,0.01,0.002,0.01,0.01,0.9974809292751907,0.9983206195167939,0.0016793804832061499,0.0,0.9858883312781838,1010.1407776849951,9,9.032204202362045e-06,0.0016705054592949331,0.001689249183107422,0.988393296116067,0.9922621974107114,0.007737802589288578,0.0,1.0000000090862688,0.2984460587069977,9,0.001371250853409402,0.0025358219906417867,0.005347931879320687,0.01
22,6,0.025,0.005,0.025,0.025,0.9583882464161175,0.9722588309440784,0.02774116905592161,0.0,0.9636191945180754,6896.720524750295,9,3.967916825396287e-05,0.027704190389624794,0.027780532468861384,0.9721098242789018,0.9814065495192678,0.018593450480732243,0.0,1.0000000014532342,0.07238343350591371,9,0.001269454526192634,0.018007841206588337,0.020583460380832027,0.025
22,7,0.0375,0.0075,0.0375,0.0375,0.8891776011082239,0.9261184007388158,0.0738815992611842,0.0,0.9405494076232065,3823.5259411875763,9,8.590585646242186e-05,0.07378818059545167,0.07395893259374409,0.9584250364157496,0.9722833576104998,0.027716642389500223,0.0,1.0000000020878743,0.05661020046202163,9,0.00133318648259931,0.026856046451439453,0.029259939547400714,0.0375
22,8,0.05,0.01,0.05,0.05,0.83629200163708,0.89086133442472,0.10913866557527996,0.0,0.9176151037258742,1412.5461619216767,9,0.00016269687540038566,0.10898054291019463,0.10928834024045006,0.9434321365656786,0.9622880910437858,0.037711908956214235,0.0,1.0000000103376077,0.2031286863434013,9,0.001249015109978936,0.03367831976988352,0.0360911603857551,0.05
22,9,0.0625,0.0125,0.0625,0.0625,0.7837256021627439,0.8558170681084959,0.1441829318915041,0.0,0.8936268195728061,573.478283265889,9,0.00034181406928214086,0.14380925722857418,0.14448853188844824,0.9318417286815827,0.9545611524543883,0.04543884754561167,0.0,0.999999996750448,0.12486171697076279,9,0.0011969782734138382,0.045621819383781806,0.0479966958400331,0.0625
22,10,0.075,0.015,0.075,0.075,0.7214960027850399,0.8143306685233599,0.1856693314766401,0.0,0.8686662757878085,228.7727764990294,9,0.0006088567583243244,0.18509655281570123,0.18626395547069372,0.9187431768125683,0.9458287845417122,0.05417121545828785,0.0,0.999999997478659,0.0931564882923289,9,0.0012414175156680856,0.05375750100909166,0.05627186967728127,0.075
22,11,0.1,0.02,0.1,0.1,0.5706400042936,0.7137600028623999,0.28623999713760007,0.0,0.8156633238939829,66.92580062028398,9,0.0014444177180424368,0.28464810382018574,0.2874932664584007,0.8933392010666079,0.9288928007110719,0.07110719928892806,0.0,0.9999999988575785,0.09767586652484836,9,0.0012086280874651727,0.0711290872887091,0.07350530059828037,0.1
22,12,0.15,0.03,0.15,0.15,0.3936584060634159,0.5957722707089439,0.4042277292910561,0.0,0.6978642147352921,20.943657077606822,9,0.003142472834425337,0.40123647598763523,0.4073467479265325,0.8435144015648559,0.8956762677099039,0.10432373229009606,0.0,0.9999999998594288,0.10379361007731319,9,0.0013097877721569503,0.1038467829615322,0.10646798826865359,0.15
22,13,0.2,0.04,0.2,0.2,0.21864240781357597,0.479094938542384,0.5209050614576161,0.0,0.5720007283672932,24.213061448631855,9,0.007590845654528316,0.5141636428583636,0.5290290720430425,0.8005168019948319,0.867011201329888,0.13298879867011204,0.0,0.9999999994891283,0.6517690872042772,9,0.0015382966235272415,0.13590188664098113,0.1388033479453,0.2
22,14,0.25,0.05,0.25,0.25,0.18917040810829597,0.459446938738864,0.540553061261136,0.0,0.44531664855770303,30.24907391464964,9,0.005987702365252877,0.5344773919885594,0.5467017118663162,0.7669304023306961,0.8446202682204641,0.1553797317795359,0.0,0.9999999991583706,5.622406459885563,9,0.0016519063448638032,0.16795214765381192,0.171146131621872,0.25
