Probability,3.35981829e-05
Fidelity averages,0.9999728915077777,0.9999649696950125,0.999953583726947,0.999937476037292,0.9999491615182327,0.9999272492310263,0.9999043338407829,0.9998936608835819,0.9998807589752616
Fidelity Standard Deviations,5.719353295537852e-06,7.529648362657771e-06,9.090468999713427e-06,1.1108038347468724e-05,9.246318767021786e-06,1.2935889630179788e-05,1.2674287058076717e-05,1.5000026222319821e-05,1.1868615360965175e-05
Rejected Runs,0.000313000626001252,0.0008666350666034668,0.001428936191205716,0.001987403974807949,0.0037054740776148224,0.004823909647819296,0.0059210785088236835,0.006480712961425923,0.007053614107228215
Rejected Standard Deviations,5.719353295537852e-06,7.529648362657771e-06,9.090468999713427e-06,1.1108038347468724e-05,9.246318767021786e-06,1.2935889630179788e-05,1.2674287058076717e-05,1.5000026222319821e-05,1.1868615360965175e-05
