Probability,3.35981829e-05
Fidelity averages,0.9999728915077777,0.9999649696950125,0.9999535837269471,0.999937476037292,0.9999491615182328,0.9999272492310264,0.9999043338407829,0.9998936608835819,0.9998807589752617
Fidelity Standard Deviations,5.719353295550536e-06,7.529648362650635e-06,9.090468999694959e-06,1.1108038347457106e-05,9.24631876702482e-06,1.293588963019854e-05,1.2674287058088872e-05,1.500002622233592e-05,1.1868615360969488e-05
Rejected Runs,0.00031300000000000007,0.0008666333333333334,0.0014289333333333332,0.0019874,0.003705466666666667,0.0048239,0.005921066666666666,0.0064807,0.007053600000000001
Rejected Standard Deviations,2.102062479249051e-05,2.479043274240198e-05,3.903240818715761e-05,5.941245660633804e-05,7.191278668560198e-05,6.980465600516918e-05,0.00010464445624218334,9.80085540484435e-05,0.00011505088729195729
