Probability,3.35981829e-05
Fidelity averages,0.9999728915077777,0.9999649696950125,0.999953583726947,0.999937476037292,0.9999131799881785,0.9999316158191732,0.999908803926703,0.9998971274255424,0.9998850315303183
Fidelity Standard Deviations,5.719353295537852e-06,7.529648362657771e-06,9.090468999713427e-06,1.1108038347468724e-05,1.1106465492627956e-05,1.0590470429132711e-05,1.1429748046712002e-05,1.2939883816616358e-05,1.2005201975781899e-05
Rejected Runs,0.000313000626001252,0.0008666350666034668,0.001428936191205716,0.001987403974807949,0.003109139551612436,0.004888709777419555,0.005989645312623958,0.006538146409626152,0.007120114240228479
Rejected Standard Deviations,5.719353295537852e-06,7.529648362657771e-06,9.090468999713427e-06,1.1108038347468724e-05,1.1106465492627956e-05,1.0590470429132711e-05,1.1429748046712002e-05,1.2939883816616358e-05,1.2005201975781899e-05
