Probability,3.35981829e-05
Fidelity averages,0.9999728915077777,0.9999649696950125,0.9999535837269471,0.999937476037292,0.9999131799881786,0.9999316158191732,0.999908803926703,0.9998971274255423,0.9998850315303183
Fidelity Standard Deviations,5.719353295550536e-06,7.529648362650635e-06,9.090468999694959e-06,1.1108038347457106e-05,1.1106465492625504e-05,1.059047042913494e-05,1.1429748046716e-05,1.2939883816666794e-05,1.2005201975772883e-05
Rejected Runs,0.00031300000000000007,0.0008666333333333334,0.0014289333333333332,0.0019874,0.003109133333333334,0.004888699999999999,0.005989633333333333,0.006538133333333335,0.0071201
Rejected Standard Deviations,2.102062479249051e-05,2.479043274240198e-05,3.903240818715761e-05,5.941245660633804e-05,5.9268166460213264e-05,6.86003644305189e-05,0.0001025642833652253,9.610713928851606e-05,0.00011642289293777235
