Probability,3.35981829e-05
Fidelity averages,0.9999728915077777,0.9999649696950125,0.9999535837269471,0.999937476037292,0.9999131799881786,0.9999362845719342,0.9999132749988591,0.9999009965516575,0.9998882974945087
Fidelity Standard Deviations,5.719353295550536e-06,7.529648362650635e-06,9.090468999694959e-06,1.1108038347457106e-05,1.1106465492625504e-05,1.0715008741167876e-05,1.2551725369371755e-05,1.3144142517018735e-05,1.1348277249678741e-05
Rejected Runs,0.00031300000000000007,0.0008666333333333334,0.0014289333333333332,0.0019874,0.003109133333333334,0.004953300000000002,0.006055133333333334,0.006600866666666665,0.007182533333333334
Rejected Standard Deviations,2.102062479249051e-05,2.479043274240198e-05,3.903240818715761e-05,5.941245660633804e-05,5.9268166460213264e-05,6.885450844594954e-05,0.00010147437552845,9.807199169770921e-05,0.00011692240541867449
