Probability,3.35981829e-05
Fidelity averages,0.9999728915077777,0.9999649696950125,0.999953583726947,0.999937476037292,0.9999131799881785,0.9999362845719341,0.999913274998859,0.9999009965516575,0.9998882974945086
Fidelity Standard Deviations,5.719353295537852e-06,7.529648362657771e-06,9.090468999713427e-06,1.1108038347468724e-05,1.1106465492627956e-05,1.0715008741171695e-05,1.2551725369359905e-05,1.3144142517017606e-05,1.1348277249663966e-05
Rejected Runs,0.000313000626001252,0.0008666350666034668,0.001428936191205716,0.001987403974807949,0.003109139551612436,0.004953309906619814,0.00605514544362422,0.006600879868426403,0.00718254769842873
Rejected Standard Deviations,5.719353295537852e-06,7.529648362657771e-06,9.090468999713427e-06,1.1108038347468724e-05,1.1106465492627956e-05,1.0715008741171695e-05,1.2551725369359905e-05,1.3144142517017606e-05,1.1348277249663966e-05
