Probability,3.35981829e-05
Fidelity averages,0.9999728915077777,0.9999649696950125,0.999953583726947,0.999937476037292,0.9999131799881785,0.9999396474493019,0.9999168413405329,0.9999045134150192,0.9998931756155507
Fidelity Standard Deviations,5.719353295537852e-06,7.529648362657771e-06,9.090468999713427e-06,1.1108038347468724e-05,1.1106465492627956e-05,9.47397818333396e-06,1.2100444798187861e-05,1.2015167250057754e-05,1.1555831875144084e-05
Rejected Runs,0.000313000626001252,0.0008666350666034668,0.001428936191205716,0.001987403974807949,0.003109139551612436,0.005015876698420063,0.006118545570424473,0.006667280001226669,0.007247881162428991
Rejected Standard Deviations,5.719353295537852e-06,7.529648362657771e-06,9.090468999713427e-06,1.1108038347468724e-05,1.1106465492627956e-05,9.47397818333396e-06,1.2100444798187861e-05,1.2015167250057754e-05,1.1555831875144084e-05
