Probability,3.35981829e-05
Fidelity averages,0.9999728915077777,0.9999649696950125,0.9999535837269471,0.999937476037292,0.9999131799881786,0.9999396474493019,0.9999168413405329,0.9999045134150192,0.9998931756155507
Fidelity Standard Deviations,5.719353295550536e-06,7.529648362650635e-06,9.090468999694959e-06,1.1108038347457106e-05,1.1106465492625504e-05,9.473978183344128e-06,1.2100444798189101e-05,1.2015167250041605e-05,1.1555831875134541e-05
Rejected Runs,0.00031300000000000007,0.0008666333333333334,0.0014289333333333332,0.0019874,0.003109133333333334,0.005015866666666666,0.006118533333333334,0.006667266666666666,0.0072478666666666676
Rejected Standard Deviations,2.102062479249051e-05,2.479043274240198e-05,3.903240818715761e-05,5.941245660633804e-05,5.9268166460213264e-05,6.660266928251118e-05,0.00010176631182381634,0.00010181647978375393,0.00011925623207568182
