Probability,3.35981829e-05
Fidelity averages,0.9999728915077777,0.9999649696950125,0.999953583726947,0.999937476037292,0.9999131799881785,0.9999428599034254,0.9999210116759413,0.9999078297306695,0.9998979032987934
Fidelity Standard Deviations,5.719353295537852e-06,7.529648362657771e-06,9.090468999713427e-06,1.1108038347468724e-05,1.1106465492627956e-05,9.2711985535144e-06,1.1801935188406869e-05,1.1331095233726606e-05,1.1034187436920134e-05
Rejected Runs,0.000313000626001252,0.0008666350666034668,0.001428936191205716,0.001987403974807949,0.003109139551612436,0.005080576827820321,0.006185212370424741,0.00672984679302692,0.007312714625429251
Rejected Standard Deviations,5.719353295537852e-06,7.529648362657771e-06,9.090468999713427e-06,1.1108038347468724e-05,1.1106465492627956e-05,9.2711985535144e-06,1.1801935188406869e-05,1.1331095233726606e-05,1.1034187436920134e-05
