Probability,3.35981829e-05
Fidelity averages,0.9999728915077777,0.9999649696950125,0.999953583726947,0.999937476037292,0.9999131799881785,0.9998920930448792,0.9999240756207137,0.9999118510347992,0.9999016241757789
Fidelity Standard Deviations,5.719353295537852e-06,7.529648362657771e-06,9.090468999713427e-06,1.1108038347468724e-05,1.1106465492627956e-05,1.4571715809985052e-05,1.1308821234468544e-05,1.1371223615735915e-05,1.1129257790108384e-05
Rejected Runs,0.000313000626001252,0.0008666350666034668,0.001428936191205716,0.001987403974807949,0.003109139551612436,0.004234308468616938,0.0062507125014250025,0.006796280259227184,0.007376414752829505
Rejected Standard Deviations,5.719353295537852e-06,7.529648362657771e-06,9.090468999713427e-06,1.1108038347468724e-05,1.1106465492627956e-05,1.4571715809985052e-05,1.1308821234468544e-05,1.1371223615735915e-05,1.1129257790108384e-05
