Probability,3.35981829e-05
Fidelity averages,0.9999728915077777,0.9999649696950125,0.9999535837269471,0.999937476037292,0.9999131799881786,0.9998920930448792,0.9999274421488342,0.9999157722199167,0.9999052951700054
Fidelity Standard Deviations,5.719353295550536e-06,7.529648362650635e-06,9.090468999694959e-06,1.1108038347457106e-05,1.1106465492625504e-05,1.4571715809988001e-05,1.1500654562266992e-05,1.1735161300468129e-05,1.0916078696944449e-05
Rejected Runs,0.00031300000000000007,0.0008666333333333334,0.0014289333333333332,0.0019874,0.003109133333333334,0.004234299999999999,0.0063143666666666655,0.006860866666666667,0.007440266666666666
Rejected Standard Deviations,2.102062479249051e-05,2.479043274240198e-05,3.903240818715761e-05,5.941245660633804e-05,5.9268166460213264e-05,6.705925240660932e-05,0.00010200832754676895,9.847122535148133e-05,0.0001229170271181155
