Probability,3.35981829e-05
Fidelity averages,0.9999728915077777,0.9999649696950125,0.999953583726947,0.999937476037292,0.9999131799881785,0.9998920930448792,0.999936340025738,0.9999236162061678,0.9999136462325834
Fidelity Standard Deviations,5.719353295537852e-06,7.529648362657771e-06,9.090468999713427e-06,1.1108038347468724e-05,1.1106465492627956e-05,1.4571715809985052e-05,1.1168324110619698e-05,1.0931884371161619e-05,1.0829059783470067e-05
Rejected Runs,0.000313000626001252,0.0008666350666034668,0.001428936191205716,0.001987403974807949,0.003109139551612436,0.004234308468616938,0.006444779556225781,0.0069891806450279575,0.007568315136630272
Rejected Standard Deviations,5.719353295537852e-06,7.529648362657771e-06,9.090468999713427e-06,1.1108038347468724e-05,1.1106465492627956e-05,1.4571715809985052e-05,1.1168324110619698e-05,1.0931884371161619e-05,1.0829059783470067e-05
