Probability,3.35981829e-05
Fidelity averages,0.9999728915077777,0.9999691714099898,0.9999572862223224,0.999941981196331,0.9999173876197086,0.9998959025108574,0.9998741209167097,0.9998638895961799,0.9998503723717389
Fidelity Standard Deviations,5.719353295537852e-06,7.342053272357341e-06,9.14336267027851e-06,1.0834350813940335e-05,1.0826450860859265e-05,1.4262268096806997e-05,1.5655104281268996e-05,1.5196196606236704e-05,1.4514527051206008e-05
Rejected Runs,0.000313000626001252,0.0009300685268037203,0.001494102988205976,0.0020528707724082112,0.0031750396834127003,0.004298408596817194,0.005397244127821588,0.005954711909423819,0.006534679736026139
Rejected Standard Deviations,5.719353295537852e-06,7.342053272357341e-06,9.14336267027851e-06,1.0834350813940335e-05,1.0826450860859265e-05,1.4262268096806997e-05,1.5655104281268996e-05,1.5196196606236704e-05,1.4514527051206008e-05
