Probability,3.35981829e-05
Fidelity averages,0.9999728915077777,0.9999691714099898,0.9999572862223223,0.999941981196331,0.9999173876197086,0.9998959025108574,0.9998741209167097,0.99986388959618,0.9998503723717389
Fidelity Standard Deviations,5.719353295550536e-06,7.342053272365964e-06,9.143362670274433e-06,1.0834350813934685e-05,1.0826450860848772e-05,1.4262268096832683e-05,1.5655104281256375e-05,1.5196196606213695e-05,1.4514527051205358e-05
Rejected Runs,0.00031300000000000007,0.0009300666666666665,0.0014941000000000002,0.0020528666666666663,0.003175033333333332,0.0042984,0.005397233333333334,0.005954699999999999,0.006534666666666666
Rejected Standard Deviations,2.102062479249051e-05,2.7305595682122667e-05,3.9300000000000007e-05,6.0065926743500417e-05,5.9095675720723356e-05,6.635892303727262e-05,9.584803365513327e-05,8.974116483903392e-05,0.00011032507521965362
