Probability,3.35981829e-05
Fidelity averages,0.9999728915077777,0.9999649696950125,0.9999535837269471,0.999937476037292,0.9999131799881786,0.9998920930448792,0.9998693036792619,0.9999312605738165,0.9999197820478146
Fidelity Standard Deviations,5.719353295550536e-06,7.529648362650635e-06,9.090468999694959e-06,1.1108038347457106e-05,1.1106465492625504e-05,1.4571715809988001e-05,1.5729197592008905e-05,1.0800118025582836e-05,1.1027729511057219e-05
Rejected Runs,0.00031300000000000007,0.0008666333333333334,0.0014289333333333332,0.0019874,0.003109133333333334,0.004234299999999999,0.005330366666666666,0.0071228666666666674,0.0076996
Rejected Standard Deviations,2.102062479249051e-05,2.479043274240198e-05,3.903240818715761e-05,5.941245660633804e-05,5.9268166460213264e-05,6.705925240660932e-05,9.506681276286111e-05,0.00010492750936824065,0.00012348511381269145
