Probability,3.35981829e-05
Fidelity averages,0.9999728915077777,0.9999649696950125,0.9999603881531385,0.9999447833215387,0.9999225485302597,0.9999010177945256,0.9998775818456359,0.9998664463495103,0.9998552948260974
Fidelity Standard Deviations,5.719353295550536e-06,7.529648362650635e-06,8.712552750374081e-06,1.0754004251366707e-05,1.0927108780366332e-05,1.481896009599009e-05,1.4416694761475246e-05,1.3954826968207317e-05,1.4326183437638192e-05
Rejected Runs,0.00031300000000000007,0.0008666333333333334,0.0015623333333333331,0.0021173000000000003,0.0032452333333333333,0.0043662,0.0054613000000000005,0.0060176,0.0066004666666666665
Rejected Standard Deviations,2.102062479249051e-05,2.479043274240198e-05,4.0377661590978165e-05,6.05150945357162e-05,6.313672113402433e-05,6.873834446653478e-05,9.710308954920024e-05,8.95662138681024e-05,0.00011254650396860647
