Probability,3.35981829e-05
Fidelity averages,0.9999728915077777,0.9999649696950125,0.9999603881531385,0.9999447833215387,0.9999225485302597,0.9999010177945256,0.9998775818456359,0.99986644634951,0.9998552948260974
Fidelity Standard Deviations,5.719353295537852e-06,7.529648362657771e-06,8.712552750379799e-06,1.075400425136488e-05,1.0927108780371191e-05,1.4818960095961798e-05,1.4416694761479972e-05,1.3954826968240326e-05,1.4326183437671431e-05
Rejected Runs,0.000313000626001252,0.0008666350666034668,0.0015623364580062494,0.0021173042346084693,0.0032452398238129814,0.004366208732417465,0.005461310922621845,0.00601761203522407,0.0066004798676264015
Rejected Standard Deviations,5.719353295537852e-06,7.529648362657771e-06,8.712552750379799e-06,1.075400425136488e-05,1.0927108780371191e-05,1.4818960095961798e-05,1.4416694761479972e-05,1.3954826968240326e-05,1.4326183437671431e-05
