Probability,3.35981829e-05
Fidelity averages,0.9999728915077777,0.9999649696950125,0.9999642419373376,0.9999492895265172,0.9999249015559614,0.9999037231288521,0.9998811431203618,0.9998719708724411,0.9998585569906285
Fidelity Standard Deviations,5.719353295550536e-06,7.529648362650635e-06,7.664645080580796e-06,1.0052456417927486e-05,9.756930399967442e-06,1.3360115510596669e-05,1.4664849897810261e-05,1.558146205901641e-05,1.3558617074530908e-05
Rejected Runs,0.00031300000000000007,0.0008666333333333334,0.0016261000000000003,0.0021835333333333337,0.0033067000000000005,0.0044339,0.0055296,0.006086033333333334,0.0066676
Rejected Standard Deviations,2.102062479249051e-05,2.479043274240198e-05,4.1212740748462716e-05,6.334494630372833e-05,6.387547781947833e-05,6.7340106920022e-05,9.826515150347048e-05,8.673234050161965e-05,0.00011388491266771611
