Probability,3.35981829e-05
Fidelity averages,0.9999728915077777,0.9999649696950125,0.9999642419373376,0.9999492895265171,0.9999249015559613,0.999903723128852,0.9998811431203618,0.9998719708724411,0.9998585569906285
Fidelity Standard Deviations,5.719353295537852e-06,7.529648362657771e-06,7.664645080590952e-06,1.0052456417922658e-05,9.756930399960308e-06,1.3360115510578922e-05,1.4664849897815211e-05,1.558146205900853e-05,1.3558617074530757e-05
Rejected Runs,0.000313000626001252,0.0008666350666034668,0.0016261032522065049,0.002183537700408734,0.003306706613413227,0.0044339088678177355,0.005529611059222117,0.006086045505424343,0.006667613335226669
Rejected Standard Deviations,5.719353295537852e-06,7.529648362657771e-06,7.664645080590952e-06,1.0052456417922658e-05,9.756930399960308e-06,1.3360115510578922e-05,1.4664849897815211e-05,1.558146205900853e-05,1.3558617074530757e-05
