Probability,3.35981829e-05
Fidelity averages,0.9999728915077777,0.9999649696950125,0.9999535837269471,0.9999532952404787,0.9999288599132431,0.9999083377969512,0.9998858622994522,0.9998746287549125,0.9998627765662875
Fidelity Standard Deviations,5.719353295550536e-06,7.529648362650635e-06,9.090468999694959e-06,9.530294724053331e-06,9.383519220890715e-06,1.4687581966055282e-05,1.3862582368447154e-05,1.4818051149332785e-05,1.2872115031624018e-05
Rejected Runs,0.00031300000000000007,0.0008666333333333334,0.0014289333333333332,0.002247266666666666,0.0033728,0.004496166666666666,0.005590299999999999,0.006151866666666667,0.006729633333333334
Rejected Standard Deviations,2.102062479249051e-05,2.479043274240198e-05,3.903240818715761e-05,6.327555258988704e-05,6.443932546719177e-05,6.799121675301565e-05,9.7287597702208e-05,9.384552318689585e-05,0.0001122641181420948
