Probability,3.35981829e-05
Fidelity averages,0.9999728915077777,0.9999649696950125,0.999953583726947,0.9999532952404787,0.9999288599132431,0.999908337796951,0.9998858622994522,0.9998746287549125,0.9998627765662874
Fidelity Standard Deviations,5.719353295537852e-06,7.529648362657771e-06,9.090468999713427e-06,9.530294724056358e-06,9.38351922090046e-06,1.4687581966059333e-05,1.386258236845734e-05,1.4818051149291594e-05,1.2872115031643197e-05
Rejected Runs,0.000313000626001252,0.0008666350666034668,0.001428936191205716,0.0022472711612089888,0.0033728067456134914,0.004496175659017985,0.005590311180622361,0.006151878970424607,0.0067296467926269195
Rejected Standard Deviations,5.719353295537852e-06,7.529648362657771e-06,9.090468999713427e-06,9.530294724056358e-06,9.38351922090046e-06,1.4687581966059333e-05,1.386258236845734e-05,1.4818051149291594e-05,1.2872115031643197e-05
