Probability,3.35981829e-05
Fidelity averages,0.9999728915077777,0.9999649696950125,0.999953583726947,0.9999572513460859,0.9999334712976163,0.9999127519434257,0.9998892744251477,0.9998781431455975,0.999866644572006
Fidelity Standard Deviations,5.719353295537852e-06,7.529648362657771e-06,9.090468999713427e-06,8.633157046674148e-06,1.1835686543439482e-05,1.2556537628410959e-05,1.4236685436254437e-05,1.2983689185182416e-05,1.4313148954288049e-05
Rejected Runs,0.000313000626001252,0.0008666350666034668,0.001428936191205716,0.0023115046230092464,0.0034358735384137436,0.004561109122218245,0.0056540113080226165,0.006210945755224842,0.006789346912027158
Rejected Standard Deviations,5.719353295537852e-06,7.529648362657771e-06,9.090468999713427e-06,8.633157046674148e-06,1.1835686543439482e-05,1.2556537628410959e-05,1.4236685436254437e-05,1.2983689185182416e-05,1.4313148954288049e-05
