Probability,3.35981829e-05
Fidelity averages,0.9999728915077777,0.9999649696950125,0.9999535837269471,0.999957251346086,0.9999334712976163,0.9999127519434258,0.9998892744251477,0.9998781431455978,0.9998666445720061
Fidelity Standard Deviations,5.719353295550536e-06,7.529648362650635e-06,9.090468999694959e-06,8.633157046668029e-06,1.1835686543440324e-05,1.2556537628417979e-05,1.4236685436261242e-05,1.2983689185170248e-05,1.4313148954283471e-05
Rejected Runs,0.00031300000000000007,0.0008666333333333334,0.0014289333333333332,0.0023115,0.003435866666666667,0.0045611,0.005654,0.006210933333333333,0.006789333333333332
Rejected Standard Deviations,2.102062479249051e-05,2.479043274240198e-05,3.903240818715761e-05,6.41585276223408e-05,6.883058105877715e-05,6.653337508348727e-05,0.00010047984872600079,9.01764689681047e-05,0.00011522798656962166
