Probability,3.35981829e-05
Fidelity averages,0.9999728915077777,0.9999649696950125,0.9999535837269471,0.999937476037292,0.9999376312231933,0.9999161622799145,0.9998919310375283,0.9998816063100318,0.9998698577557807
Fidelity Standard Deviations,5.719353295550536e-06,7.529648362650635e-06,9.090468999694959e-06,1.1108038347457106e-05,1.0663572775273242e-05,1.1368256316703387e-05,1.279655760224774e-05,1.4233378329415526e-05,1.502388512970414e-05
Rejected Runs,0.00031300000000000007,0.0008666333333333334,0.0014289333333333332,0.0019874,0.003505666666666667,0.0046237,0.0057297999999999984,0.006281333333333334,0.006855633333333334
Rejected Standard Deviations,2.102062479249051e-05,2.479043274240198e-05,3.903240818715761e-05,5.941245660633804e-05,6.93418264028926e-05,6.505492551170391e-05,0.00010032493874074048,9.553300767564867e-05,0.00011660945740185723
