Probability,3.35981829e-05
Fidelity averages,0.9999728915077777,0.9999649696950125,0.999953583726947,0.999937476037292,0.9999376312231933,0.9999161622799144,0.9998919310375283,0.9998816063100316,0.9998698577557807
Fidelity Standard Deviations,5.719353295537852e-06,7.529648362657771e-06,9.090468999713427e-06,1.1108038347468724e-05,1.0663572775281343e-05,1.1368256316692848e-05,1.2796557602230039e-05,1.423337832940715e-05,1.5023885129711721e-05
Rejected Runs,0.000313000626001252,0.0008666350666034668,0.001428936191205716,0.001987403974807949,0.0035056736780140225,0.004623709247418495,0.005729811459622919,0.006281345896025125,0.006855647044627422
Rejected Standard Deviations,5.719353295537852e-06,7.529648362657771e-06,9.090468999713427e-06,1.1108038347468724e-05,1.0663572775281343e-05,1.1368256316692848e-05,1.2796557602230039e-05,1.423337832940715e-05,1.5023885129711721e-05
