Probability,3.35981829e-05
Fidelity averages,0.9999728915077777,0.9999649696950125,0.999953583726947,0.999937476037292,0.9999408888442856,0.9999192713340915,0.9998950419208565,0.9998857749780837,0.9998743802374211
Fidelity Standard Deviations,5.719353295537852e-06,7.529648362657771e-06,9.090468999713427e-06,1.1108038347468724e-05,1.048740061258118e-05,1.3671830512895248e-05,1.1722219154330265e-05,1.4801953448953056e-05,1.1594972620323962e-05
Rejected Runs,0.000313000626001252,0.0008666350666034668,0.001428936191205716,0.001987403974807949,0.003570440474214282,0.004693742720818776,0.005795378257423182,0.006348012696025392,0.0069248805164277
Rejected Standard Deviations,5.719353295537852e-06,7.529648362657771e-06,9.090468999713427e-06,1.1108038347468724e-05,1.048740061258118e-05,1.3671830512895248e-05,1.1722219154330265e-05,1.4801953448953056e-05,1.1594972620323962e-05
