Probability,3.35981829e-05
Fidelity averages,0.9999728915077777,0.9999649696950125,0.9999535837269471,0.999937476037292,0.9999408888442856,0.9999192713340916,0.9998950419208565,0.9998857749780838,0.9998743802374214
Fidelity Standard Deviations,5.719353295550536e-06,7.529648362650635e-06,9.090468999694959e-06,1.1108038347457106e-05,1.0487400612586449e-05,1.367183051289808e-05,1.1722219154327038e-05,1.4801953448955078e-05,1.1594972620294396e-05
Rejected Runs,0.00031300000000000007,0.0008666333333333334,0.0014289333333333332,0.0019874,0.003570433333333333,0.004693733333333334,0.005795366666666667,0.006348,0.0069248666666666655
Rejected Standard Deviations,2.102062479249051e-05,2.479043274240198e-05,3.903240818715761e-05,5.941245660633804e-05,7.16420190173957e-05,6.930605232509558e-05,9.725755611890634e-05,9.641300050650165e-05,0.00011539576345006004
