Probability,3.35981829e-05
Fidelity averages,0.9999728915077777,0.9999649696950125,0.9999535837269471,0.999937476037292,0.9999448493036847,0.999923938238491,0.9998989078535004,0.999889793166494,0.9998775444355569
Fidelity Standard Deviations,5.719353295550536e-06,7.529648362650635e-06,9.090468999694959e-06,1.1108038347457106e-05,9.830344436932495e-06,1.353431100456876e-05,1.1860084887186139e-05,1.4657332087790146e-05,1.128285025337372e-05
Rejected Runs,0.00031300000000000007,0.0008666333333333334,0.0014289333333333332,0.0019874,0.0036365333333333335,0.004758833333333334,0.0058596333333333335,0.006413833333333333,0.006987333333333334
Rejected Standard Deviations,2.102062479249051e-05,2.479043274240198e-05,3.903240818715761e-05,5.941245660633804e-05,7.180563271003808e-05,6.856582401037865e-05,9.811030640163258e-05,9.543447432080764e-05,0.00011372286001015317
