Probability,3.35981829e-05
Fidelity averages,0.9999728915077777,0.9999649696950125,0.999953583726947,0.999937476037292,0.9999448493036845,0.999923938238491,0.9998989078535004,0.999889793166494,0.9998775444355569
Fidelity Standard Deviations,5.719353295537852e-06,7.529648362657771e-06,9.090468999713427e-06,1.1108038347468724e-05,9.830344436924899e-06,1.3534311004577825e-05,1.1860084887168736e-05,1.4657332087803864e-05,1.1282850253377282e-05
Rejected Runs,0.000313000626001252,0.0008666350666034668,0.001428936191205716,0.001987403974807949,0.0036365406064145464,0.004758842851019035,0.00585964505262344,0.0064138461610256554,0.00698734730802795
Rejected Standard Deviations,5.719353295537852e-06,7.529648362657771e-06,9.090468999713427e-06,1.1108038347468724e-05,9.830344436924899e-06,1.3534311004577825e-05,1.1860084887168736e-05,1.4657332087803864e-05,1.1282850253377282e-05
