Probability,0.143844989
Fidelity averages,0.8377844670563689,0.586095802107554,0.4137747442596322,0.28931407739732706,0.14447784468917624,0.06946269123226255,0.03402452420309863,0.026661369353361365,0.019371437505783518
Fidelity Standard Deviations,0.005237342749522137,0.007157635915792606,0.008747343189559768,0.005569256658967504,0.007963001567893232,0.006771375544994683,0.005596852039562319,0.006907342774442337,0.007175194001525139
Rejected Runs,0.0,0.0,0.0,0.0,0.0,0.0,0.0,0.0,0.0
Rejected Standard Deviations,0.0,0.0,0.0,0.0,0.0,0.0,0.0,0.0,0.0
