Probability,0.206913808
Fidelity averages,0.7651498196588052,0.4515918119599374,0.26716316715226696,0.15756934527626296,0.05554285441631397,0.02236214689941409,0.010254920538197505,0.011290735801364067,0.009982385412914796
Fidelity Standard Deviations,0.0047453636423520585,0.008421126453177758,0.005644742436094736,0.006730410775712701,0.006943869475166501,0.006274821594995615,0.006082565639206384,0.005173034415485318,0.004462060226848778
Rejected Runs,0.0,0.0,0.0,0.0,0.0,0.0,0.0,0.0,0.0
Rejected Standard Deviations,0.0,0.0,0.0,0.0,0.0,0.0,0.0,0.0,0.0
