Probability,0.335981829
Fidelity averages,0.6241318585582928,0.2386140822279807,0.0955597965002818,0.035478357937366235,0.009715087953551175,0.00732181303243354,0.009697399217915004,0.008374284543532352,0.007783332878725933
Fidelity Standard Deviations,0.005538242733142241,0.0070477487539262725,0.008502016985676188,0.009006670753842353,0.005509633931103251,0.0040685444471071286,0.004382744392316555,0.0037709890458544637,0.0034507577861890406
Rejected Runs,0.0,0.0,0.0,0.0,0.0,0.0,0.0,0.0,0.0
Rejected Standard Deviations,0.0,0.0,0.0,0.0,0.0,0.0,0.0,0.0,0.0
