Probability,0.143844989
Fidelity averages,0.7300615289109067,0.5589661075757865,0.44811019437759486,0.36847189823479987,nan,nan,nan,nan,nan
Fidelity Standard Deviations,0.0009506016493145589,0.010715165123249786,0.028587898973483586,0.10622286917649579,nan,nan,nan,nan,nan
Rejected Runs,0.7001015668698003,0.9834185335037338,0.9991299982599966,0.9999584332502001,1.0000018666703998,1.0000020000039997,1.0000020000039997,1.0000020000039997,1.0000020000039997
Rejected Standard Deviations,0.0009506016493145589,0.010715165123249786,0.028587898973483586,0.10622286917649579,nan,nan,nan,nan,nan
