Probability,0.143844989
Fidelity averages,0.7300615289109067,0.5589661075757865,0.44811019437759486,0.3684718982347998,nan,nan,nan,nan,nan
Fidelity Standard Deviations,0.0009506016493145585,0.010715165123249796,0.028587898973483607,0.10622286917649582,nan,nan,nan,nan,nan
Rejected Runs,0.7001001666666667,0.9834165666666668,0.9991279999999999,0.9999564333333332,0.9999998666666666,1.0,1.0,1.0,1.0
Rejected Standard Deviations,0.0004055497571883876,0.0007298578712477017,0.00010702523067015402,9.94881344125587e-06,3.39934634249294e-07,0.0,0.0,0.0,0.0
