Probability,0.143844989
Fidelity averages,0.7300615289109067,0.15225223770634122,0.016644303275335566,0.002878215843992291,0.006272244606832847,0.008339476131592742,0.008317496748758571,0.019815792889199293,0.027811091045992078
Fidelity Standard Deviations,0.0009506016493145589,0.006636692454704073,0.0030419482197414555,0.0014822917427853193,0.003519931475340189,0.0033138475867321086,0.004222800268956465,0.011388729507981084,0.01010086457421749
Rejected Runs,0.7001015668698003,0.8787939909213152,0.8883397766795533,0.8889431778863559,0.9804921276509221,0.9876538753077508,0.9876352419371505,0.9978177289687913,0.9985894638455943
Rejected Standard Deviations,0.0009506016493145589,0.006636692454704073,0.0030419482197414555,0.0014822917427853193,0.003519931475340189,0.0033138475867321086,0.004222800268956465,0.011388729507981084,0.01010086457421749
