Probability,0.143844989
Fidelity averages,0.7300615289109067,0.15225223770634125,0.016644303275335563,0.002878215843992291,0.006272244606832847,0.008339476131592742,0.008317496748758571,0.0198157928891993,0.027811091045992078
Fidelity Standard Deviations,0.0009506016493145585,0.006636692454704073,0.0030419482197414555,0.0014822917427853193,0.003519931475340189,0.0033138475867321086,0.004222800268956465,0.011388729507981084,0.01010086457421749
Rejected Runs,0.7001001666666667,0.8787922333333333,0.8883379999999998,0.8889414000000002,0.9804901666666666,0.9876519,0.9876332666666667,0.9978157333333333,0.9985874666666665
Rejected Standard Deviations,0.0004055497571883876,0.0007269018128712713,0.000377160354933189,0.0003380409837085811,0.00034416004836251434,0.00011435393886233558,9.102597919764155e-05,6.325342327143198e-05,4.3254852007859815e-05
