Probability,0.143844989
Fidelity averages,0.7300615289109067,0.15225223770634125,0.016644303275335563,0.002878215843992291,0.0028979839486934695,0.009964800385696403,0.008617484867733316,0.008096338256382766,0.02209701492751922
Fidelity Standard Deviations,0.0009506016493145585,0.006636692454704073,0.0030419482197414555,0.0014822917427853193,0.00156849457588134,0.0046263111151544425,0.005025794521053421,0.0033067771304395857,0.011176569268095396
Rejected Runs,0.7001001666666667,0.8787922333333333,0.8883379999999998,0.8889414000000002,0.8888510666666664,0.9875753,0.9876381333333334,0.9876748000000001,0.9978403666666666
Rejected Standard Deviations,0.0004055497571883876,0.0007269018128712713,0.000377160354933189,0.0003380409837085811,0.0003563859268951036,0.00014435792323249502,0.00012449330191708767,0.00012396730751828867,6.274205571668058e-05
