Probability,0.143844989
Fidelity averages,0.7300615289109067,0.15225223770634122,0.016644303275335566,0.002878215843992291,0.00289798394869347,0.009964800385696403,0.008617484867733316,0.008096338256382766,0.02209701492751922
Fidelity Standard Deviations,0.0009506016493145589,0.006636692454704073,0.0030419482197414555,0.0014822917427853193,0.0015684945758813397,0.0046263111151544425,0.005025794521053422,0.0033067771304395857,0.011176569268095397
Rejected Runs,0.7001015668698003,0.8787939909213152,0.8883397766795533,0.8889431778863559,0.8888528443723555,0.9875772751545501,0.9876401086135507,0.9876767753535507,0.9978423623513913
Rejected Standard Deviations,0.0009506016493145589,0.006636692454704073,0.0030419482197414555,0.0014822917427853193,0.0015684945758813397,0.0046263111151544425,0.005025794521053422,0.0033067771304395857,0.011176569268095397
