Probability,0.143844989
Fidelity averages,0.7300615289109067,0.15225223770634122,0.016644303275335566,0.002878215843992291,0.00289798394869347,0.007724963833797962,0.007271407064531779,0.007536708503499253,0.008722119599519016
Fidelity Standard Deviations,0.0009506016493145589,0.006636692454704073,0.0030419482197414555,0.0014822917427853193,0.0015684945758813397,0.004186026053378712,0.004426088048599964,0.004527526952665028,0.004874674579883349
Rejected Runs,0.7001015668698003,0.8787939909213152,0.8883397766795533,0.8889431778863559,0.8888528443723555,0.9872639078611489,0.9876626753253503,0.9876611086555507,0.9876564753129506
Rejected Standard Deviations,0.0009506016493145589,0.006636692454704073,0.0030419482197414555,0.0014822917427853193,0.0015684945758813397,0.004186026053378712,0.004426088048599964,0.004527526952665028,0.004874674579883349
