Probability,0.143844989
Fidelity averages,0.7300615289109067,0.15225223770634125,0.016644303275335563,0.002878215843992291,0.0028979839486934695,0.007553603876096793,0.00763130306331753,0.008332283610693547,0.0075681052111496545
Fidelity Standard Deviations,0.0009506016493145585,0.006636692454704073,0.0030419482197414555,0.0014822917427853193,0.00156849457588134,0.0030277360167363077,0.00396579813504975,0.003776497633271553,0.004648821262971834
Rejected Runs,0.7001001666666667,0.8787922333333333,0.8883379999999998,0.8889414000000002,0.8888510666666664,0.9859635666666667,0.9876563333333332,0.9876833333333335,0.9876918666666666
Rejected Standard Deviations,0.0004055497571883876,0.0007269018128712713,0.000377160354933189,0.0003380409837085811,0.0003563859268951036,0.000159523390831016,0.00010941521324244383,0.00012036564663095969,8.985756630481323e-05
