Probability,0.143844989
Fidelity averages,0.7300615289109067,0.15225223770634125,0.016644303275335563,0.002878215843992291,0.0028979839486934695,0.00544787022509311,0.008399818809451514,0.00840734360834027,0.008289641255151352
Fidelity Standard Deviations,0.0009506016493145585,0.006636692454704073,0.0030419482197414555,0.0014822917427853193,0.00156849457588134,0.0031800612328865526,0.005246542922394968,0.00430454323339403,0.004163519569154074
Rejected Runs,0.7001001666666667,0.8787922333333333,0.8883379999999998,0.8889414000000002,0.8888510666666664,0.9804126333333334,0.9876139333333335,0.9877028999999999,0.987686
Rejected Standard Deviations,0.0004055497571883876,0.0007269018128712713,0.000377160354933189,0.0003380409837085811,0.0003563859268951036,0.0003692267129495981,0.00012302328596201128,0.00010404913903216254,0.0001076955585589857
