Probability,0.143844989
Fidelity averages,0.7300615289109067,0.15225223770634122,0.016644303275335566,0.002878215843992291,0.00289798394869347,0.00544787022509311,0.008399818809451514,0.00840734360834027,0.008289641255151352
Fidelity Standard Deviations,0.0009506016493145589,0.006636692454704073,0.0030419482197414555,0.0014822917427853193,0.0015684945758813397,0.0031800612328865526,0.005246542922394968,0.00430454323339403,0.004163519569154074
Rejected Runs,0.7001015668698003,0.8787939909213152,0.8883397766795533,0.8889431778863559,0.8888528443723555,0.9804145941625216,0.9876159085651505,0.9877048754097508,0.987687975375951
Rejected Standard Deviations,0.0009506016493145589,0.006636692454704073,0.0030419482197414555,0.0014822917427853193,0.0015684945758813397,0.0031800612328865526,0.005246542922394968,0.00430454323339403,0.004163519569154074
