Probability,0.143844989
Fidelity averages,0.7300615289109067,0.15225223770634122,0.016644303275335566,0.002878215843992291,0.00289798394869347,0.0026756310472284286,0.00851230391672658,0.006229229855141116,0.006567511516047408
Fidelity Standard Deviations,0.0009506016493145589,0.006636692454704073,0.0030419482197414555,0.0014822917427853193,0.0015684945758813397,0.0010843700440751154,0.004922289891685013,0.003905582354944199,0.004144779157764842
Rejected Runs,0.7001015668698003,0.8787939909213152,0.8883397766795533,0.8889431778863559,0.8888528443723555,0.8888308443283554,0.98751417502835,0.9876449086231504,0.9876840753681506
Rejected Standard Deviations,0.0009506016493145589,0.006636692454704073,0.0030419482197414555,0.0014822917427853193,0.0015684945758813397,0.0010843700440751154,0.004922289891685013,0.003905582354944199,0.004144779157764842
