Probability,0.143844989
Fidelity averages,0.7300615289109067,0.15225223770634125,0.016644303275335563,0.002878215843992291,0.0028979839486934695,0.0026756310472284286,0.008512303916726582,0.006229229855141116,0.006567511516047408
Fidelity Standard Deviations,0.0009506016493145585,0.006636692454704073,0.0030419482197414555,0.0014822917427853193,0.00156849457588134,0.0010843700440751154,0.004922289891685013,0.0039055823549441985,0.004144779157764842
Rejected Runs,0.7001001666666667,0.8787922333333333,0.8883379999999998,0.8889414000000002,0.8888510666666664,0.8888290666666666,0.9875122,0.9876429333333332,0.9876821
Rejected Standard Deviations,0.0004055497571883876,0.0007269018128712713,0.000377160354933189,0.0003380409837085811,0.0003563859268951036,0.0002850576471912637,0.00011423642151257686,8.412369199909096e-05,0.00012646247137655987
