Probability,0.143844989
Fidelity averages,0.7300615289109067,0.15225223770634122,0.016644303275335566,0.002878215843992291,0.00289798394869347,0.0026756310472284286,0.007386611023013716,0.00866587556996832,0.008626685813916565
Fidelity Standard Deviations,0.0009506016493145589,0.006636692454704073,0.0030419482197414555,0.0014822917427853193,0.0015684945758813397,0.0010843700440751154,0.00438674050708573,0.0035584663971235967,0.005079217222836886
Rejected Runs,0.7001015668698003,0.8787939909213152,0.8883397766795533,0.8889431778863559,0.8888528443723555,0.8888308443283554,0.9872532745065491,0.9876184419035506,0.9876705086743505
Rejected Standard Deviations,0.0009506016493145589,0.006636692454704073,0.0030419482197414555,0.0014822917427853193,0.0015684945758813397,0.0010843700440751154,0.00438674050708573,0.0035584663971235967,0.005079217222836886
