Probability,0.143844989
Fidelity averages,0.7300615289109067,0.15225223770634122,0.016644303275335566,0.002878215843992291,0.00289798394869347,0.0026756310472284286,0.006184172995750576,0.009482491237176184,0.008556253701020682
Fidelity Standard Deviations,0.0009506016493145589,0.006636692454704073,0.0030419482197414555,0.0014822917427853193,0.0015684945758813397,0.0010843700440751154,0.0036972881122396438,0.003651271412437607,0.004841015439861395
Rejected Runs,0.7001015668698003,0.8787939909213152,0.8883397766795533,0.8889431778863559,0.8888528443723555,0.8888308443283554,0.9804340942015216,0.9872800412267494,0.9876353086039504
Rejected Standard Deviations,0.0009506016493145589,0.006636692454704073,0.0030419482197414555,0.0014822917427853193,0.0015684945758813397,0.0010843700440751154,0.0036972881122396438,0.003651271412437607,0.004841015439861395
