Probability,0.143844989
Fidelity averages,0.7300615289109067,0.39794653999600393,0.1840243222487019,0.09245366589970572,0.31536543588492183,nan,nan,nan,nan
Fidelity Standard Deviations,0.0009506016493145589,0.014600361732603814,0.022488483667786375,0.024345669354335808,0.16881241811919195,nan,nan,nan,nan
Rejected Runs,0.7001015668698003,0.9683303366606733,0.9960361920723841,0.999494098988198,0.9999925999852,1.0000019000037998,1.0000020000039997,1.0000020000039997,1.0000020000039997
Rejected Standard Deviations,0.0009506016493145589,0.014600361732603814,0.022488483667786375,0.024345669354335808,0.16881241811919195,nan,nan,nan,nan
