Probability,0.143844989
Fidelity averages,0.7300615289109067,0.39794653999600393,0.1840243222487019,0.09245366589970572,0.31536543588492183,nan,nan,nan,nan
Fidelity Standard Deviations,0.0009506016493145585,0.014600361732603817,0.02248848366778637,0.02434566935433581,0.16881241811919195,nan,nan,nan,nan
Rejected Runs,0.7001001666666667,0.9683284000000001,0.9960342,0.9994921,0.9999905999999998,0.9999998999999999,1.0,1.0,1.0
Rejected Standard Deviations,0.0004055497571883876,0.0007971368180348052,0.00017562809190635044,3.194615261133775e-05,2.4027761721263634e-06,3.0000000000862665e-07,0.0,0.0,0.0
