Probability,0.143844989
Fidelity averages,0.7300615289109067,0.15225223770634122,0.06846737574665945,0.028714259932809818,0.062707067464113,0.18794729296847468,nan,nan,nan
Fidelity Standard Deviations,0.0009506016493145589,0.006636692454704073,0.009007814056954788,0.010749573615527828,0.03196282141853008,0.09336811323620811,nan,nan,nan
Rejected Runs,0.7001015668698003,0.8787939909213152,0.9844023021379376,0.99751319502639,0.999792799585599,0.999979833293,1.0000015000029998,1.0000016666699998,1.0000020000039997
Rejected Standard Deviations,0.0009506016493145589,0.006636692454704073,0.009007814056954788,0.010749573615527828,0.03196282141853008,0.09336811323620811,nan,nan,nan
