Probability,0.143844989
Fidelity averages,0.7300615289109067,0.15225223770634125,0.06846737574665945,0.028714259932809818,0.062707067464113,0.18794729296847468,nan,nan,nan
Fidelity Standard Deviations,0.0009506016493145585,0.006636692454704073,0.009007814056954791,0.010749573615527827,0.03196282141853008,0.09336811323620811,nan,nan,nan
Rejected Runs,0.7001001666666667,0.8787922333333333,0.9844003333333334,0.9975112,0.9997908000000001,0.9999778333333336,0.9999994999999998,0.9999996666666665,1.0
Rejected Standard Deviations,0.0004055497571883876,0.0007269018128712713,0.00033499923714671556,7.244878650926768e-05,1.6747935196122553e-05,3.2050307677419824e-06,7.187952884283362e-07,4.7140452080458726e-07,0.0
