Probability,0.143844989
Fidelity averages,0.7300615289109067,0.15225223770634122,0.056865600138568236,0.010274943387894624,0.023190480543327563,0.06655590986419961,0.20380845653361568,nan,nan
Fidelity Standard Deviations,0.0009506016493145589,0.006636692454704073,0.00890418077538038,0.00440207400018489,0.011568159307790699,0.03359260964018605,0.11645913568573976,nan,nan
Rejected Runs,0.7001015668698003,0.8787939909213152,0.9798285263237195,0.9870242073817479,0.9985463304259942,0.9998394996789994,0.9999843666353999,0.9999988999978,1.0000000666668
Rejected Standard Deviations,0.0009506016493145589,0.006636692454704073,0.00890418077538038,0.00440207400018489,0.011568159307790699,0.03359260964018605,0.11645913568573976,nan,nan
