Probability,0.143844989
Fidelity averages,0.7300615289109067,0.15225223770634125,0.056865600138568236,0.010274943387894624,0.023190480543327563,0.06655590986419961,0.20380845653361568,nan,nan
Fidelity Standard Deviations,0.0009506016493145585,0.006636692454704073,0.008904180775380383,0.004402074000184889,0.0115681593077907,0.03359260964018606,0.11645913568573976,nan,nan
Rejected Runs,0.7001001666666667,0.8787922333333333,0.9798265666666667,0.9870222333333334,0.9985443333333334,0.9998375000000002,0.9999823666666666,0.9999968999999999,0.9999980666666667
Rejected Standard Deviations,0.0004055497571883876,0.0007269018128712713,0.00039284930811812245,0.00013569885367566324,4.578160717532755e-05,1.1398099256742247e-05,4.347285232061909e-06,2.180978373728363e-06,1.33998341614085e-06
