Probability,0.143844989
Fidelity averages,0.7300615289109067,0.15225223770634122,0.016644303275335566,0.010532113378952287,0.01679204361038089,0.024003000164380565,0.0784445146903931,0.16413307816967646,0.2227952761890966
Fidelity Standard Deviations,0.0009506016493145589,0.006636692454704073,0.0030419482197414555,0.004674171298517311,0.009349108227758444,0.012311015942885513,0.03331711571237348,0.07496896888131817,0.13473067657814264
Rejected Runs,0.7001015668698003,0.8787939909213152,0.8883397766795533,0.9859265385197437,0.9978226289785912,0.9986207972415944,0.9998455996911996,0.9999742999485999,0.9999844999689999
Rejected Standard Deviations,0.0009506016493145589,0.006636692454704073,0.0030419482197414555,0.004674171298517311,0.009349108227758444,0.012311015942885513,0.03331711571237348,0.07496896888131817,0.13473067657814264
