Probability,0.143844989
Fidelity averages,0.7300615289109067,0.15225223770634125,0.016644303275335563,0.010532113378952287,0.01679204361038089,0.024003000164380568,0.0784445146903931,0.16413307816967643,0.2227952761890966
Fidelity Standard Deviations,0.0009506016493145585,0.006636692454704073,0.0030419482197414555,0.004674171298517311,0.009349108227758442,0.012311015942885513,0.03331711571237348,0.07496896888131817,0.13473067657814264
Rejected Runs,0.7001001666666667,0.8787922333333333,0.8883379999999998,0.9859245666666667,0.9978206333333333,0.9986188000000003,0.9998435999999999,0.9999722999999999,0.9999825
Rejected Standard Deviations,0.0004055497571883876,0.0007269018128712713,0.000377160354933189,0.00013068401670525385,5.7204593832618695e-05,2.5864261056524503e-05,1.353661700722052e-05,5.093459858788205e-06,3.930648801413347e-06
