Probability,0.143844989
Fidelity averages,0.7300615289109067,0.15225223770634125,0.016644303275335563,0.008195882273703886,0.0075309275613790316,0.022281985963662387,0.054925002629464106,0.07766220651807627,0.06449449508670012
Fidelity Standard Deviations,0.0009506016493145585,0.006636692454704073,0.0030419482197414555,0.0038792935198444004,0.003988557636985907,0.011092261291221416,0.025511923670552574,0.05125968311778489,0.02629364160675191
Rejected Runs,0.7001001666666667,0.8787922333333333,0.8883379999999998,0.9804905666666668,0.9876384666666668,0.9985644666666665,0.9997571999999999,0.9998422666666668,0.9998482333333332
Rejected Standard Deviations,0.0004055497571883876,0.0007269018128712713,0.000377160354933189,0.00037410771027725654,9.668668758187914e-05,3.817567579260901e-05,1.549279402388093e-05,1.2038641488511672e-05,1.1235904750197572e-05
