Probability,0.143844989
Fidelity averages,0.7300615289109067,0.15225223770634122,0.016644303275335566,0.008195882273703886,0.0075309275613790316,0.022281985963662387,0.054925002629464106,0.07766220651807627,0.06449449508670012
Fidelity Standard Deviations,0.0009506016493145589,0.006636692454704073,0.0030419482197414555,0.0038792935198444004,0.003988557636985907,0.011092261291221416,0.025511923670552574,0.051259683117784886,0.026293641606751912
Rejected Runs,0.7001015668698003,0.8787939909213152,0.8883397766795533,0.9804925276517219,0.9876404419475507,0.9985664637995942,0.9997591995183992,0.9998442663551993,0.9998502330337993
Rejected Standard Deviations,0.0009506016493145589,0.006636692454704073,0.0030419482197414555,0.0038792935198444004,0.003988557636985907,0.011092261291221416,0.025511923670552574,0.051259683117784886,0.026293641606751912
