Probability,0.143844989
Fidelity averages,0.7300615289109067,0.15225223770634125,0.016644303275335563,0.002878215843992291,0.009027736896313487,0.017835740781718356,0.02083879756696626,0.02481245859868553,0.07266838974115379
Fidelity Standard Deviations,0.0009506016493145585,0.006636692454704073,0.0030419482197414555,0.0014822917427853193,0.005096517719759976,0.007920050373596695,0.009968298630076792,0.010625679652622767,0.04173149744526428
Rejected Runs,0.7001001666666667,0.8787922333333333,0.8883379999999998,0.8889414000000002,0.9875757333333333,0.9978279999999998,0.9986347,0.9986334666666667,0.9998295333333334
Rejected Standard Deviations,0.0004055497571883876,0.0007269018128712713,0.000377160354933189,0.0003380409837085811,9.001923251295733e-05,5.7415445076506925e-05,3.6349369549776414e-05,2.954514436512009e-05,1.2235830807746132e-05
