Probability,0.143844989
Fidelity averages,0.7300615289109067,0.15225223770634122,0.016644303275335566,0.002878215843992291,0.009027736896313487,0.017835740781718352,0.02083879756696626,0.02481245859868553,0.07266838974115379
Fidelity Standard Deviations,0.0009506016493145589,0.006636692454704073,0.0030419482197414555,0.0014822917427853193,0.005096517719759976,0.007920050373596695,0.009968298630076793,0.010625679652622767,0.04173149744526429
Rejected Runs,0.7001015668698003,0.8787939909213152,0.8883397766795533,0.8889431778863559,0.9875777084887503,0.9978299956599913,0.9986366972733945,0.9986354639375945,0.9998315329963994
Rejected Standard Deviations,0.0009506016493145589,0.006636692454704073,0.0030419482197414555,0.0014822917427853193,0.005096517719759976,0.007920050373596695,0.009968298630076793,0.010625679652622767,0.04173149744526429
