Probability,0.143844989
Fidelity averages,0.7300615289109067,0.15225223770634122,0.016644303275335566,0.002878215843992291,0.009017740000450988,0.008589537127606295,0.022695895170305836,0.025235369122718516,0.026880369128871283
Fidelity Standard Deviations,0.0009506016493145589,0.006636692454704073,0.0030419482197414555,0.0014822917427853193,0.005087155661573723,0.004348888151250711,0.010018079747161651,0.0139506203255137,0.01265754416972343
Rejected Runs,0.7001015668698003,0.8787939909213152,0.8883397766795533,0.8889431778863559,0.9872729412125492,0.9876552419771506,0.9985884638435941,0.9986284972569945,0.9986341306015944
Rejected Standard Deviations,0.0009506016493145589,0.006636692454704073,0.0030419482197414555,0.0014822917427853193,0.005087155661573723,0.004348888151250711,0.010018079747161651,0.0139506203255137,0.01265754416972343
