Probability,0.143844989
Fidelity averages,0.7300615289109067,0.15225223770634125,0.016644303275335563,0.002878215843992291,0.008251480709186033,0.010050219731672106,0.020357620296105106,0.02066654468640392,0.020193398776427042
Fidelity Standard Deviations,0.0009506016493145585,0.006636692454704073,0.0030419482197414555,0.0014822917427853193,0.004032502486326144,0.0050636815011158905,0.0088581386341471,0.012326723213562735,0.011921480535812932
Rejected Runs,0.7001001666666667,0.8787922333333333,0.8883379999999998,0.8889414000000002,0.9860054666666666,0.9876528333333333,0.9978374333333331,0.9985855666666666,0.9986303333333333
Rejected Standard Deviations,0.0004055497571883876,0.0007269018128712713,0.000377160354933189,0.0003380409837085811,0.00018994398004558427,9.638536657029333e-05,7.278859037575494e-05,3.730744638212593e-05,3.2263842851647125e-05
