Probability,0.143844989
Fidelity averages,0.7300615289109067,0.15225223770634122,0.016644303275335566,0.002878215843992291,0.008251480709186033,0.010050219731672106,0.020357620296105102,0.02066654468640391,0.020193398776427042
Fidelity Standard Deviations,0.0009506016493145589,0.006636692454704073,0.0030419482197414555,0.0014822917427853193,0.004032502486326144,0.0050636815011158905,0.008858138634147097,0.012326723213562735,0.011921480535812932
Rejected Runs,0.7001015668698003,0.8787939909213152,0.8883397766795533,0.8889431778863559,0.986007438681544,0.9876548086429506,0.9978394290121915,0.9985875638417944,0.9986323305979946
Rejected Standard Deviations,0.0009506016493145589,0.006636692454704073,0.0030419482197414555,0.0014822917427853193,0.004032502486326144,0.0050636815011158905,0.008858138634147097,0.012326723213562735,0.011921480535812932
