Probability,0.143844989
Fidelity averages,0.7427152808486376,0.6116958032863995,nan,nan,nan,nan,nan,nan,nan
Fidelity Standard Deviations,0.0019971730808466884,0.04952520937352275,nan,nan,nan,nan,nan,nan,nan
Rejected Runs,0.9113597999999999,0.9997416333333334,0.9999993333333332,1.0,1.0,1.0,1.0,1.0,1.0
Rejected Standard Deviations,0.00026738578870239005,2.8986759429474266e-05,6.992058987719791e-07,0.0,0.0,0.0,0.0,0.0,0.0
