Probability,0.143844989
Fidelity averages,0.7427152808486376,0.6116958032863996,nan,nan,nan,nan,nan,nan,nan
Fidelity Standard Deviations,0.0019971730808466654,0.04952520937352275,nan,nan,nan,nan,nan,nan,nan
Rejected Runs,0.9113616227232455,0.9997436328205993,1.000001333336,1.0000020000039997,1.0000020000039997,1.0000020000039997,1.0000020000039997,1.0000020000039997,1.0000020000039997
Rejected Standard Deviations,0.0019971730808466654,0.04952520937352275,nan,nan,nan,nan,nan,nan,nan
