Probability,0.143844989
Fidelity averages,0.7427152808486376,0.06276725672029855,0.009105565333375257,0.007011764925651048,0.044291540830529046,0.06820404206338457,0.07243625570852927,0.44207057683782874,nan
Fidelity Standard Deviations,0.0019971730808466884,0.012999612128778216,0.004092653734612396,0.003632534362858358,0.020942912788103778,0.03039506956755484,0.03507329865849252,0.23464236447976716,nan
Rejected Runs,0.9113597999999999,0.9868494333333333,0.9876766333333332,0.9876329333333335,0.9996682333333334,0.9998500666666666,0.9998474666666667,0.9999961,0.9999979666666666
Rejected Standard Deviations,0.00026738578870239005,0.00015406009289308466,0.00012901898654418755,9.530649972006028e-05,3.074701430853246e-05,1.2693655458096179e-05,1.0713646541779892e-05,1.7387735141105935e-06,1.2775845264381592e-06
