Probability,0.143844989
Fidelity averages,0.7427152808486376,0.06276725672029855,0.009105565333375257,0.007011764925651048,0.044291540830529046,0.06820404206338457,0.07243625570852927,0.44207057683782874,nan
Fidelity Standard Deviations,0.0019971730808466654,0.012999612128778218,0.004092653734612396,0.003632534362858358,0.020942912788103778,0.030395069567554837,0.03507329865849252,0.23464236447976716,nan
Rejected Runs,0.9113616227232455,0.9868514070361474,0.9876786086905506,0.9876349086031505,0.9996702326737987,0.9998520663707995,0.9998494663655993,0.9999980999961998,0.9999999666666
Rejected Standard Deviations,0.0019971730808466654,0.012999612128778218,0.004092653734612396,0.003632534362858358,0.020942912788103778,0.030395069567554837,0.03507329865849252,0.23464236447976716,nan
