Probability,0.143844989
Fidelity averages,0.7427152808486376,0.06276725672029855,0.009105565333375257,0.007011764925651048,0.0080165939876963,0.07406611505988049,0.07431815595075637,0.07323235773091821,nan
Fidelity Standard Deviations,0.0019971730808466654,0.012999612128778218,0.004092653734612396,0.003632534362858358,0.004257286793184941,0.025132266897550343,0.03865470768920163,0.03172270109610053,nan
Rejected Runs,0.9113616227232455,0.9868514070361474,0.9876786086905506,0.9876349086031505,0.9876069418805505,0.9998509997019994,0.9998476996953997,0.9998469996939993,0.9999982666632001
Rejected Standard Deviations,0.0019971730808466654,0.012999612128778218,0.004092653734612396,0.003632534362858358,0.004257286793184941,0.025132266897550343,0.03865470768920163,0.03172270109610053,nan
