Probability,0.143844989
Fidelity averages,0.7427152808486376,0.06276725672029855,0.009105565333375257,0.007011764925651048,0.008016593987696299,0.07406611505988049,0.07431815595075637,0.07323235773091821,nan
Fidelity Standard Deviations,0.0019971730808466884,0.012999612128778216,0.004092653734612396,0.003632534362858358,0.004257286793184941,0.025132266897550343,0.03865470768920163,0.03172270109610053,nan
Rejected Runs,0.9113597999999999,0.9868494333333333,0.9876766333333332,0.9876329333333335,0.9876049666666666,0.999849,0.9998457000000002,0.999845,0.9999962666666667
Rejected Standard Deviations,0.00026738578870239005,0.00015406009289308466,0.00012901898654418755,9.530649972006028e-05,8.608696507345026e-05,1.4807655677606812e-05,1.2798828071353868e-05,1.4733182502997848e-05,1.9652537297363234e-06
