Probability,0.143844989
Fidelity averages,0.7427152808486376,0.06276725672029855,0.009105565333375257,0.007011764925651048,0.008016593987696299,0.06915231060703306,0.06997546882307061,0.08070883611551935,0.07336138428524676
Fidelity Standard Deviations,0.0019971730808466884,0.012999612128778216,0.004092653734612396,0.003632534362858358,0.004257286793184941,0.031614428559713435,0.04187671012498266,0.0375424608331318,0.036347036824647364
Rejected Runs,0.9113597999999999,0.9868494333333333,0.9876766333333332,0.9876329333333335,0.9876049666666666,0.9998477,0.9998504666666668,0.9998492333333335,0.9998524333333332
Rejected Standard Deviations,0.00026738578870239005,0.00015406009289308466,0.00012901898654418755,9.530649972006028e-05,8.608696507345026e-05,1.130825657061077e-05,1.1418503501870976e-05,1.1600814147673551e-05,1.0531487179986131e-05
