Probability,0.143844989
Fidelity averages,0.7427152808486376,0.06276725672029855,0.009105565333375257,0.007011764925651048,0.0080165939876963,0.06915231060703307,0.06997546882307061,0.08070883611551935,0.07336138428524674
Fidelity Standard Deviations,0.0019971730808466654,0.012999612128778218,0.004092653734612396,0.003632534362858358,0.004257286793184941,0.031614428559713435,0.04187671012498266,0.037542460833131806,0.03634703682464736
Rejected Runs,0.9113616227232455,0.9868514070361474,0.9876786086905506,0.9876349086031505,0.9876069418805505,0.9998496996993994,0.9998524663715995,0.9998512330357995,0.9998544330421993
Rejected Standard Deviations,0.0019971730808466654,0.012999612128778218,0.004092653734612396,0.003632534362858358,0.004257286793184941,0.031614428559713435,0.04187671012498266,0.037542460833131806,0.03634703682464736
