Probability,0.143844989
Fidelity averages,0.7427152808486376,0.06276725672029855,0.009105565333375257,0.007011764925651048,0.008016593987696299,0.07904309935801417,0.07234000983274616,0.07507914062850629,0.09395643376357078
Fidelity Standard Deviations,0.0019971730808466884,0.012999612128778216,0.004092653734612396,0.003632534362858358,0.004257286793184941,0.03499480562873485,0.043401404493813016,0.03846248794928474,0.04125916022289096
Rejected Runs,0.9113597999999999,0.9868494333333333,0.9876766333333332,0.9876329333333335,0.9876049666666666,0.9998289,0.9998470666666667,0.9998498999999998,0.9998496666666666
Rejected Standard Deviations,0.00026738578870239005,0.00015406009289308466,0.00012901898654418755,9.530649972006028e-05,8.608696507345026e-05,1.1539352957017023e-05,1.4345576166731503e-05,1.6137637166990676e-05,1.3967422413915441e-05
