Probability,0.143844989
Fidelity averages,0.7427152808486376,0.06276725672029855,0.009105565333375257,0.007011764925651048,0.008016593987696299,0.053319425455793705,0.07694154646814806,0.06638671587886344,0.06953362431047834
Fidelity Standard Deviations,0.0019971730808466884,0.012999612128778216,0.004092653734612396,0.003632534362858358,0.004257286793184941,0.029032945804357904,0.03882424947971602,0.03599682409238194,0.03194809778348573
Rejected Runs,0.9113597999999999,0.9868494333333333,0.9876766333333332,0.9876329333333335,0.9876049666666666,0.9996758999999998,0.9998466000000001,0.9998470666666666,0.9998507
Rejected Standard Deviations,0.00026738578870239005,0.00015406009289308466,0.00012901898654418755,9.530649972006028e-05,8.608696507345026e-05,2.969326522966468e-05,1.2496932957062025e-05,9.875671566476643e-06,8.544588931019484e-06
