Probability,0.143844989
Fidelity averages,0.7427152808486376,0.06276725672029855,0.009105565333375257,0.007011764925651048,0.0080165939876963,0.05331942545579371,0.07694154646814806,0.06638671587886344,0.06953362431047835
Fidelity Standard Deviations,0.0019971730808466654,0.012999612128778218,0.004092653734612396,0.003632534362858358,0.004257286793184941,0.029032945804357904,0.03882424947971602,0.03599682409238194,0.03194809778348572
Rejected Runs,0.9113616227232455,0.9868514070361474,0.9876786086905506,0.9876349086031505,0.9876069418805505,0.9996778993557988,0.9998485996971993,0.9998490663647994,0.9998526997053996
Rejected Standard Deviations,0.0019971730808466654,0.012999612128778218,0.004092653734612396,0.003632534362858358,0.004257286793184941,0.029032945804357904,0.03882424947971602,0.03599682409238194,0.03194809778348572
