Probability,0.143844989
Fidelity averages,0.7427152808486376,0.06276725672029855,0.009105565333375257,0.007011764925651048,0.0080165939876963,0.00888418631781455,0.06669405665902842,0.061021973417265764,0.06193394990693826
Fidelity Standard Deviations,0.0019971730808466654,0.012999612128778218,0.004092653734612396,0.003632534362858358,0.004257286793184941,0.003707121825428405,0.03389365610108599,0.027397080011887846,0.031957585553650664
Rejected Runs,0.9113616227232455,0.9868514070361474,0.9876786086905506,0.9876349086031505,0.9876069418805505,0.9876901420469508,0.9998505663677992,0.9998453330239992,0.9998520663707996
Rejected Standard Deviations,0.0019971730808466654,0.012999612128778218,0.004092653734612396,0.003632534362858358,0.004257286793184941,0.003707121825428405,0.03389365610108599,0.027397080011887846,0.031957585553650664
