Probability,0.143844989
Fidelity averages,0.7427152808486376,0.06276725672029855,0.009105565333375257,0.007011764925651048,0.008016593987696299,0.00888418631781455,0.0666940566590284,0.061021973417265764,0.06193394990693825
Fidelity Standard Deviations,0.0019971730808466884,0.012999612128778216,0.004092653734612396,0.003632534362858358,0.004257286793184941,0.003707121825428405,0.03389365610108599,0.027397080011887853,0.031957585553650664
Rejected Runs,0.9113597999999999,0.9868494333333333,0.9876766333333332,0.9876329333333335,0.9876049666666666,0.9876881666666667,0.9998485666666664,0.9998433333333334,0.9998500666666666
Rejected Standard Deviations,0.00026738578870239005,0.00015406009289308466,0.00012901898654418755,9.530649972006028e-05,8.608696507345026e-05,0.00012329614304141203,1.2734947541663286e-05,1.5271614918613018e-05,1.3426176753713999e-05
