Probability,0.143844989
Fidelity averages,0.7427152808486376,0.06276725672029855,0.009105565333375257,0.007011764925651048,0.0080165939876963,0.00888418631781455,0.0782058628920847,0.07233221879289195,0.07173314690639758
Fidelity Standard Deviations,0.0019971730808466654,0.012999612128778218,0.004092653734612396,0.003632534362858358,0.004257286793184941,0.003707121825428405,0.03245496090205524,0.04097809253925909,0.029525621660574892
Rejected Runs,0.9113616227232455,0.9868514070361474,0.9876786086905506,0.9876349086031505,0.9876069418805505,0.9876901420469508,0.9998296329925992,0.9998510330353994,0.9998482330297993
Rejected Standard Deviations,0.0019971730808466654,0.012999612128778218,0.004092653734612396,0.003632534362858358,0.004257286793184941,0.003707121825428405,0.03245496090205524,0.04097809253925909,0.029525621660574892
