Probability,0.143844989
Fidelity averages,0.7427152808486376,0.06276725672029855,0.009105565333375257,0.007011764925651048,0.008016593987696299,0.00888418631781455,0.03764561756553029,0.07061166663562154,0.0901027079301267
Fidelity Standard Deviations,0.0019971730808466884,0.012999612128778216,0.004092653734612396,0.003632534362858358,0.004257286793184941,0.003707121825428405,0.021566731625060138,0.031977178373344954,0.042846099105950684
Rejected Runs,0.9113597999999999,0.9868494333333333,0.9876766333333332,0.9876329333333335,0.9876049666666666,0.9876881666666667,0.9996767000000002,0.9998458,0.9998483000000001
Rejected Standard Deviations,0.00026738578870239005,0.00015406009289308466,0.00012901898654418755,9.530649972006028e-05,8.608696507345026e-05,0.00012329614304141203,2.7591242572007894e-05,1.046072017915171e-05,1.2654775119827662e-05
