Probability,0.143844989
Fidelity averages,0.7427152808486376,0.4043395176617135,0.3118722456089896,nan,nan,nan,nan,nan,nan
Fidelity Standard Deviations,0.0019971730808466884,0.0401192647713442,0.19983266695070898,nan,nan,nan,nan,nan,nan
Rejected Runs,0.9113597999999999,0.9992594333333334,0.9999916000000001,0.9999998999999999,1.0,1.0,1.0,1.0,1.0
Rejected Standard Deviations,0.00026738578870239005,5.5414608984361604e-05,2.653299832289763e-06,3.0000000000862665e-07,0.0,0.0,0.0,0.0,0.0
