Probability,0.143844989
Fidelity averages,0.7427152808486376,0.40433951766171355,0.3118722456089896,nan,nan,nan,nan,nan,nan
Fidelity Standard Deviations,0.0019971730808466654,0.04011926477134421,0.199832666950709,nan,nan,nan,nan,nan,nan
Rejected Runs,0.9113616227232455,0.9992614318561969,0.9999935999871998,1.0000019000037998,1.0000020000039997,1.0000020000039997,1.0000020000039997,1.0000020000039997,1.0000020000039997
Rejected Standard Deviations,0.0019971730808466654,0.04011926477134421,0.199832666950709,nan,nan,nan,nan,nan,nan
