Probability,0.143844989
Fidelity averages,0.7427152808486376,0.06276725672029855,0.07128387506560721,nan,nan,nan,nan,nan,nan
Fidelity Standard Deviations,0.0019971730808466654,0.012999612128778218,0.026079437262227147,nan,nan,nan,nan,nan,nan
Rejected Runs,0.9113616227232455,0.9868514070361474,0.9998184996369994,0.9999978999957998,1.0000019333371997,1.0000020000039997,1.0000020000039997,1.0000020000039997,1.0000020000039997
Rejected Standard Deviations,0.0019971730808466654,0.012999612128778218,0.026079437262227147,nan,nan,nan,nan,nan,nan
