Probability,0.143844989
Fidelity averages,0.7427152808486376,0.06276725672029855,0.07128387506560721,nan,nan,nan,nan,nan,nan
Fidelity Standard Deviations,0.0019971730808466884,0.012999612128778216,0.026079437262227147,nan,nan,nan,nan,nan,nan
Rejected Runs,0.9113597999999999,0.9868494333333333,0.9998164999999999,0.9999958999999999,0.9999999333333333,1.0,1.0,1.0,1.0
Rejected Standard Deviations,0.00026738578870239005,0.00015406009289308466,1.5017212346736656e-05,1.8321208111598531e-06,2.494438257921024e-07,0.0,0.0,0.0,0.0
