Probability,0.143844989
Fidelity averages,0.7427152808486376,0.06276725672029855,0.04802080018579409,0.07658725220735738,nan,nan,nan,nan,nan
Fidelity Standard Deviations,0.0019971730808466654,0.012999612128778218,0.021924619105188562,0.037059285545259946,nan,nan,nan,nan,nan
Rejected Runs,0.9113616227232455,0.9868514070361474,0.9996742993485987,0.9998440330213991,0.9999999666666001,1.0000019333371997,1.0000020000039997,1.0000020000039997,1.0000020000039997
Rejected Standard Deviations,0.0019971730808466654,0.012999612128778218,0.021924619105188562,0.037059285545259946,nan,nan,nan,nan,nan
