Probability,0.143844989
Fidelity averages,0.7427152808486376,0.06276725672029855,0.048020800185794084,0.07658725220735738,nan,nan,nan,nan,nan
Fidelity Standard Deviations,0.0019971730808466884,0.012999612128778216,0.021924619105188562,0.037059285545259946,nan,nan,nan,nan,nan
Rejected Runs,0.9113597999999999,0.9868494333333333,0.9996723000000002,0.9998420333333333,0.9999979666666666,0.9999999333333333,1.0,1.0,1.0
Rejected Standard Deviations,0.00026738578870239005,0.00015406009289308466,2.576062887431358e-05,1.154551379926447e-05,1.425560318685276e-06,2.494438257921024e-07,0.0,0.0,0.0
