Probability,0.143844989
Fidelity averages,0.7427152808486376,0.06276725672029855,0.009105565333375257,0.07535285929804525,0.46074084476879773,nan,nan,nan,nan
Fidelity Standard Deviations,0.0019971730808466654,0.012999612128778218,0.004092653734612396,0.038721775792906095,0.2477450225210524,nan,nan,nan,nan
Rejected Runs,0.9113616227232455,0.9868514070361474,0.9876786086905506,0.9998292329917994,0.9999977333288,1.0000002333338,1.0000020000039997,1.0000020000039997,1.0000020000039997
Rejected Standard Deviations,0.0019971730808466654,0.012999612128778218,0.004092653734612396,0.038721775792906095,0.2477450225210524,nan,nan,nan,nan
