Probability,0.143844989
Fidelity averages,0.7427152808486376,0.06276725672029855,0.009105565333375257,0.057556895159159856,0.06721301549498052,nan,nan,nan,nan
Fidelity Standard Deviations,0.0019971730808466884,0.012999612128778216,0.004092653734612396,0.02841821062610931,0.029922519134258346,nan,nan,nan,nan
Rejected Runs,0.9113597999999999,0.9868494333333333,0.9876766333333332,0.9996856666666666,0.9998479333333333,0.9999983333333332,0.9999999333333333,0.9999999666666667,0.9999999666666667
Rejected Standard Deviations,0.00026738578870239005,0.00015406009289308466,0.00012901898654418755,2.5991451586163587e-05,1.15929097104813e-05,1.8135294011549758e-06,2.494438257921024e-07,1.795054935763119e-07,1.795054935763119e-07
