Probability,0.143844989
Fidelity averages,0.7427152808486376,0.06276725672029855,0.009105565333375257,0.057556895159159856,0.06721301549498052,nan,nan,nan,nan
Fidelity Standard Deviations,0.0019971730808466654,0.012999612128778218,0.004092653734612396,0.028418210626109303,0.02992251913425835,nan,nan,nan,nan
Rejected Runs,0.9113616227232455,0.9868514070361474,0.9876786086905506,0.9996876660419989,0.9998499330331992,1.0000003333340002,1.0000019333371999,1.0000019666705997,1.0000019666705997
Rejected Standard Deviations,0.0019971730808466654,0.012999612128778218,0.004092653734612396,0.028418210626109303,0.02992251913425835,nan,nan,nan,nan
