Probability,0.143844989
Fidelity averages,0.7427152808486376,0.06276725672029855,0.009105565333375257,0.007011764925651048,0.07284985196898429,0.5975871788895692,nan,nan,nan
Fidelity Standard Deviations,0.0019971730808466884,0.012999612128778216,0.004092653734612396,0.003632534362858358,0.03511259429991899,0.3113291582970412,nan,nan,nan
Rejected Runs,0.9113597999999999,0.9868494333333333,0.9876766333333332,0.9876329333333335,0.9998468666666667,0.9999965666666667,0.9999984999999999,0.9999978666666668,1.0
Rejected Standard Deviations,0.00026738578870239005,0.00015406009289308466,0.00012901898654418755,9.530649972006028e-05,1.3318491739761737e-05,1.605891929390879e-06,1.284523257857354e-06,1.2840906856164817e-06,0.0
