Probability,0.143844989
Fidelity averages,0.7427152808486376,0.06276725672029855,0.009105565333375257,0.007011764925651048,0.07284985196898429,0.5975871788895692,nan,nan,nan
Fidelity Standard Deviations,0.0019971730808466654,0.012999612128778218,0.004092653734612396,0.003632534362858358,0.03511259429991899,0.31132915829704116,nan,nan,nan
Rejected Runs,0.9113616227232455,0.9868514070361474,0.9876786086905506,0.9876349086031505,0.9998488663643994,0.9999985666638002,1.000000500001,0.9999998666664,1.0000020000039997
Rejected Standard Deviations,0.0019971730808466654,0.012999612128778218,0.004092653734612396,0.003632534362858358,0.03511259429991899,0.31132915829704116,nan,nan,nan
