Probability,0.143844989
Fidelity averages,0.7427152808486376,0.06276725672029855,0.009105565333375257,0.007011764925651048,0.07360723702264396,0.07029544906196149,nan,nan,nan
Fidelity Standard Deviations,0.0019971730808466884,0.012999612128778216,0.004092653734612396,0.003632534362858358,0.04384077198349314,0.035514678155552475,nan,nan,nan
Rejected Runs,0.9113597999999999,0.9868494333333333,0.9876766333333332,0.9876329333333335,0.9998449333333335,0.9998499000000002,0.9999979000000001,0.9999979666666668,0.9999983333333333
Rejected Standard Deviations,0.00026738578870239005,0.00015406009289308466,0.00012901898654418755,9.530649972006028e-05,1.1601532465826355e-05,8.904493247792877e-06,1.5351438586161138e-06,1.4255603186830262e-06,1.2995725793006185e-06
