Probability,0.143844989
Fidelity averages,0.7427152808486376,0.06276725672029855,0.009105565333375257,0.007011764925651048,0.06949401431119798,0.06264645173694411,nan,nan,nan
Fidelity Standard Deviations,0.0019971730808466884,0.012999612128778216,0.004092653734612396,0.003632534362858358,0.028728734417646912,0.03409292168101609,nan,nan,nan
Rejected Runs,0.9113597999999999,0.9868494333333333,0.9876766333333332,0.9876329333333335,0.9998224,0.9998509000000002,0.9999960666666666,0.9999978666666667,0.9999979
Rejected Standard Deviations,0.00026738578870239005,0.00015406009289308466,0.00012901898654418755,9.530649972006028e-05,1.648554922754361e-05,1.4434564997481974e-05,2.3795424396812937e-06,1.3597385369550812e-06,1.5989579940137657e-06
