Probability,0.143844989
Fidelity averages,0.7427152808486376,0.06276725672029855,0.009105565333375257,0.007011764925651048,0.06949401431119798,0.06264645173694411,nan,nan,nan
Fidelity Standard Deviations,0.0019971730808466654,0.012999612128778218,0.004092653734612396,0.003632534362858358,0.028728734417646916,0.034092921681016096,nan,nan,nan
Rejected Runs,0.9113616227232455,0.9868514070361474,0.9876786086905506,0.9876349086031505,0.9998243996487993,0.9998528997057993,0.9999980666627999,0.9999998666664001,0.9999998999998001
Rejected Standard Deviations,0.0019971730808466654,0.012999612128778218,0.004092653734612396,0.003632534362858358,0.028728734417646916,0.034092921681016096,nan,nan,nan
