check_num,threshold_p,threshold_p_std_boot,threshold_p_ci_low,threshold_p_ci_high,threshold_rb_error_rate,threshold_lrb_error_rate,method,start_idx_used,tail_cut_idx,n_points_used
1,0.18661102178003108,0.012319740854544355,0.17477903809480919,0.20671538998700023,0.14162998802070884,0.14162998802070884,permanent_regime_no_consecutive_interp,3,17,17
2,0.11467928234715857,0.0007676370522103489,0.11399383024093653,0.11553582557789821,0.0865604039453181,0.08656040394531808,permanent_regime_interp,3,17,17
3,0.07023131762780896,0.000257900496944231,0.06997085593626216,0.07048828559534812,0.052844788023992804,0.052844788023992804,permanent_regime_interp,3,18,18
4,0.058116605218874906,0.0002018268949203509,0.05792710225183433,0.05831722521169423,0.0434466178476342,0.043446617847634206,permanent_regime_interp,3,18,18
