Probability,0.143844989
Fidelity averages,0.7427152808486376,0.06276725672029855,0.009105565333375257,0.007011764925651048,0.0080165939876963,0.00888418631781455,nan,nan,nan
Fidelity Standard Deviations,0.0019971730808466654,0.012999612128778218,0.004092653734612396,0.003632534362858358,0.004257286793184941,0.003707121825428405,nan,nan,nan
Rejected Runs,0.9113616227232455,0.9868514070361474,0.9876786086905506,0.9876349086031505,0.9876069418805505,0.9876901420469508,1.0000020000039997,1.0000020000039997,1.0000020000039997
Rejected Standard Deviations,0.0019971730808466654,0.012999612128778218,0.004092653734612396,0.003632534362858358,0.004257286793184941,0.003707121825428405,nan,nan,nan
