Probability,0.143844989
Fidelity averages,0.7427152808486376,0.226645212073703,0.0603661214020085,0.0799242220917799,0.05291368338717147,0.06380001372539254,0.0690056912825811,0.0711676173338255,0.07444148729977053
Fidelity Standard Deviations,0.0019971730808466654,0.026285370557672615,0.03204946827635996,0.038723139000631145,0.03544416951906741,0.03328368024870167,0.036641565706630984,0.042952480134710924,0.04200969843673192
Rejected Runs,0.9113616227232455,0.998511197022394,0.9997505661677989,0.9998394330121994,0.9998461663589993,0.9998509330351995,0.9998503330339993,0.9998511330355994,0.9998516330365994
Rejected Standard Deviations,0.0019971730808466654,0.026285370557672615,0.03204946827635996,0.038723139000631145,0.03544416951906741,0.03328368024870167,0.036641565706630984,0.042952480134710924,0.04200969843673192
