Probability,0.143844989
Fidelity averages,0.7427152808486376,0.226645212073703,0.0603661214020085,0.0799242220917799,0.05291368338717147,0.06380001372539254,0.0690056912825811,0.07116761733382547,0.07444148729977053
Fidelity Standard Deviations,0.0019971730808466884,0.02628537055767262,0.03204946827635996,0.038723139000631145,0.03544416951906741,0.03328368024870167,0.036641565706630984,0.04295248013471092,0.04200969843673192
Rejected Runs,0.9113597999999999,0.9985092000000003,0.9997485666666667,0.9998374333333333,0.9998441666666668,0.9998489333333335,0.9998483333333333,0.9998491333333334,0.9998496333333333
Rejected Standard Deviations,0.00026738578870239005,9.730755366363007e-05,1.9549396125940377e-05,1.2040717955691904e-05,1.4461635069690611e-05,9.811331317527961e-06,1.0833076920038499e-05,1.0701194118202696e-05,1.3255145751325674e-05
