Probability,0.143844989
Fidelity averages,0.7427152808486376,0.06276725672029855,0.13266314074895844,nan,nan,nan,nan,nan,nan
Fidelity Standard Deviations,0.0019971730808466654,0.012999612128778218,0.06868188624550606,nan,nan,nan,nan,nan,nan
Rejected Runs,0.9113616227232455,0.9868514070361474,0.9999394332121999,0.9999982666632,0.999999666666,1.0000002333337998,1.0000003000006001,1.0000002666672,0.9999995999992
Rejected Standard Deviations,0.0019971730808466654,0.012999612128778218,0.06868188624550606,nan,nan,nan,nan,nan,nan
