Probability,0.143844989
Fidelity averages,0.7427152808486376,0.06276725672029855,0.4423389127239973,nan,nan,nan,nan,nan,nan
Fidelity Standard Deviations,0.0019971730808466884,0.012999612128778216,0.32578003288655805,nan,nan,nan,nan,nan,nan
Rejected Runs,0.9113597999999999,0.9868494333333333,0.9999957666666667,0.9999970333333335,0.9999999666666667,0.9999999666666667,0.9999999333333333,0.9999999333333333,1.0
Rejected Standard Deviations,0.00026738578870239005,0.00015406009289308466,1.9779338265608873e-06,2.1210584359911133e-06,1.795054935763119e-07,1.795054935763119e-07,2.494438257921024e-07,2.494438257921024e-07,0.0
