Probability,0.143844989
Fidelity averages,0.7427152808486376,0.06276725672029855,0.4423389127239973,nan,nan,nan,nan,nan,nan
Fidelity Standard Deviations,0.0019971730808466654,0.012999612128778218,0.3257800328865581,nan,nan,nan,nan,nan,nan
Rejected Runs,0.9113616227232455,0.9868514070361474,0.9999977666622002,0.9999990333314002,1.0000019666705997,1.0000019666705997,1.0000019333371999,1.0000019333371997,1.0000020000039997
Rejected Standard Deviations,0.0019971730808466654,0.012999612128778218,0.3257800328865581,nan,nan,nan,nan,nan,nan
