Probability,0.143844989
Fidelity averages,0.7427152808486376,0.06276725672029855,0.009105565333375257,nan,nan,nan,nan,nan,nan
Fidelity Standard Deviations,0.0019971730808466884,0.012999612128778216,0.004092653734612396,nan,nan,nan,nan,nan,nan
Rejected Runs,0.9113597999999999,0.9868494333333333,0.9876766333333332,0.9999997666666666,1.0,1.0,1.0,1.0,1.0
Rejected Standard Deviations,0.00026738578870239005,0.00015406009289308466,0.00012901898654418755,4.955356249116726e-07,0.0,0.0,0.0,0.0,0.0
