Probability,0.143844989
Fidelity averages,0.7427152808486376,0.06276725672029855,0.009105565333375257,nan,nan,nan,nan,nan,nan
Fidelity Standard Deviations,0.0019971730808466654,0.012999612128778218,0.004092653734612396,nan,nan,nan,nan,nan,nan
Rejected Runs,0.9113616227232455,0.9868514070361474,0.9876786086905506,1.0000017666702,1.0000020000039997,1.0000020000039997,1.0000020000039997,1.0000020000039997,1.0000020000039997
Rejected Standard Deviations,0.0019971730808466654,0.012999612128778218,0.004092653734612396,nan,nan,nan,nan,nan,nan
