Probability,0.206913808
Fidelity averages,0.5227830880251765,0.07230457279155816,0.007940350391287123,0.008951785764779544,0.008703285871140026,0.008205682376963815,0.008108324487796146,0.008793614374418638,0.0064492040357193355
Fidelity Standard Deviations,0.0015298247769619962,0.005500548739464102,0.003669864790629024,0.0048067374387443206,0.004422925777670366,0.0035864170857739606,0.004325100646056079,0.00361783464831329,0.0029690804577528077
Rejected Runs,0.7959390252113838,0.9760965188597043,0.9864629062591459,0.9874918416503498,0.9876384752769506,0.9876724753449506,0.9876435752871507,0.9876860420387509,0.9876169419005504
Rejected Standard Deviations,0.0015298247769619962,0.005500548739464102,0.003669864790629024,0.0048067374387443206,0.004422925777670366,0.0035864170857739606,0.004325100646056079,0.00361783464831329,0.0029690804577528077
