Probability,0.206913808
Fidelity averages,0.5227830880251765,0.07230457279155816,0.007940350391287123,0.008951785764779546,0.008703285871140026,0.008205682376963815,0.008108324487796146,0.008793614374418638,0.006449204035719336
Fidelity Standard Deviations,0.0015298247769620075,0.005500548739464102,0.003669864790629024,0.0048067374387443206,0.004422925777670366,0.0035864170857739606,0.0043251006460560786,0.00361783464831329,0.0029690804577528077
Rejected Runs,0.7959374333333334,0.9760945666666666,0.9864609333333333,0.9874898666666667,0.9876364999999999,0.9876704999999999,0.9876416,0.9876840666666666,0.9876149666666668
Rejected Standard Deviations,0.0003975827530911812,0.0008337154064120952,0.00014379497750462205,0.00014438668759811517,9.367203424715602e-05,0.00011190851918717193,0.0001166257833128365,0.0001072865115266381,0.0001059224506681998
