Probability,0.206913808
Fidelity averages,0.5227830880251765,0.027112558368387763,0.00258324641944042,0.002438252743169191,0.0033199899078945705,0.002666763182923146,0.0026032303165946084,0.0027158039335835973,nan
Fidelity Standard Deviations,0.0015298247769620075,0.0022391973326002573,0.0014103571309411623,0.0013100659197783054,0.0013512563119183723,0.000871850883697845,0.0013752999707553205,0.0010278435064626228,nan
Rejected Runs,0.7959374333333334,0.8877040333333334,0.8889209000000002,0.8888539666666667,0.8888351,0.8888612000000001,0.8889365999999999,0.8889101666666667,1.0
Rejected Standard Deviations,0.0003975827530911812,0.00032512699911811996,0.00035256728435860874,0.00030121027907796267,0.00022886784396240406,0.0002998962487261145,0.0003304468288040684,0.00034981062336957985,0.0
