Probability,0.206913808
Fidelity averages,0.5227830880251765,0.027112558368387763,0.015842899705863674,0.02154800260211936,0.022978821301360797,0.025460862685388268,0.02256291974482583,0.024328031135637838,0.02309911178936847
Fidelity Standard Deviations,0.0015298247769620075,0.0022391973326002573,0.009604466611027214,0.009552488067214699,0.010115537464546088,0.013734640731997667,0.012322889888818892,0.011426998151287482,0.012104925945432651
Rejected Runs,0.7959374333333334,0.8877040333333334,0.9964447333333334,0.9984623333333335,0.9986188333333333,0.9986280000000001,0.9986350666666666,0.9986281,0.9986249333333335
Rejected Standard Deviations,0.0003975827530911812,0.00032512699911811996,0.00015839716608015848,4.4006312678478085e-05,2.5449405144760866e-05,4.342426357080295e-05,3.3089709712974785e-05,3.278144800543792e-05,3.656859612046333e-05
