Probability,0.206913808
Fidelity averages,0.5227830880251765,0.027112558368387767,0.015842899705863674,0.021548002602119358,0.022978821301360797,0.025460862685388268,0.02256291974482583,0.024328031135637838,0.02309911178936847
Fidelity Standard Deviations,0.0015298247769619962,0.002239197332600257,0.009604466611027214,0.009552488067214697,0.010115537464546088,0.013734640731997667,0.012322889888818892,0.011426998151287482,0.01210492594543265
Rejected Runs,0.7959390252113838,0.8877058087449508,0.9964467262267858,0.9984643302619939,0.9986208305749946,0.9986299972599946,0.9986370639407947,0.9986300972601945,0.9986269305871947
Rejected Standard Deviations,0.0015298247769619962,0.002239197332600257,0.009604466611027214,0.009552488067214697,0.010115537464546088,0.013734640731997667,0.012322889888818892,0.011426998151287482,0.01210492594543265
