Probability,0.206913808
Fidelity averages,0.5227830880251765,0.027112558368387763,0.05006451922286899,0.037396217411791506,0.06210272089854638,0.07461758329748705,0.07209170174037854,0.08231739918135346,0.08036743403915655
Fidelity Standard Deviations,0.0015298247769620075,0.0022391973326002573,0.02328726218771578,0.022627136513520333,0.027540111996990913,0.03491036834887805,0.037247064313760646,0.03948119322300679,0.04001124569335394
Rejected Runs,0.7959374333333334,0.8877040333333334,0.9994660333333333,0.9994751666666668,0.9998249999999999,0.9998430666666667,0.9998459,0.9998505666666666,0.9998488666666667
Rejected Standard Deviations,0.0003975827530911812,0.00032512699911811996,4.814456240209382e-05,5.373706562719794e-05,1.478963601084059e-05,1.3805634920398945e-05,1.077760022763405e-05,1.2360375758403488e-05,1.0547458883009927e-05
