Probability,0.206913808
Fidelity averages,0.5227830880251765,0.027112558368387767,0.05006451922286899,0.037396217411791506,0.06210272089854638,0.07461758329748705,0.07209170174037854,0.08231739918135346,0.08036743403915655
Fidelity Standard Deviations,0.0015298247769619962,0.002239197332600257,0.02328726218771578,0.022627136513520333,0.027540111996990913,0.03491036834887805,0.037247064313760646,0.03948119322300679,0.04001124569335394
Rejected Runs,0.7959390252113838,0.8877058087449508,0.9994680322693978,0.999477165620998,0.9998269996539993,0.9998450663567995,0.9998478996957993,0.9998525663717994,0.9998508663683994
Rejected Standard Deviations,0.0015298247769619962,0.002239197332600257,0.02328726218771578,0.022627136513520333,0.027540111996990913,0.03491036834887805,0.037247064313760646,0.03948119322300679,0.04001124569335394
