Probability,0.206913808
Fidelity averages,0.5227830880251765,0.027112558368387763,0.00258324641944042,0.10538938560187958,0.21857688775452547,0.1994211189648674,0.2001703086374678,0.23727223064198158,0.2363398127983209
Fidelity Standard Deviations,0.0015298247769620075,0.0022391973326002573,0.0014103571309411623,0.053047157853607654,0.10934482351212721,0.11200266667009207,0.13216341115140096,0.13096276041639768,0.11903871907034887
Rejected Runs,0.7959374333333334,0.8877040333333334,0.8889209000000002,0.9999252999999999,0.9999798333333334,0.9999816,0.9999829333333332,0.9999836000000001,0.9999830333333334
Rejected Standard Deviations,0.0003975827530911812,0.00032512699911811996,0.00035256728435860874,1.0379948619012733e-05,4.967114073805869e-06,4.730045806694833e-06,3.749962962780063e-06,4.207929023477243e-06,4.799189746427959e-06
