Probability,0.206913808
Fidelity averages,0.5227830880251765,0.027112558368387767,0.00258324641944042,0.10538938560187958,0.21857688775452544,0.1994211189648674,0.2001703086374678,0.23727223064198158,0.2363398127983209
Fidelity Standard Deviations,0.0015298247769619962,0.002239197332600257,0.0014103571309411623,0.053047157853607654,0.10934482351212721,0.11200266667009207,0.13216341115140096,0.13096276041639768,0.11903871907034887
Rejected Runs,0.7959390252113838,0.8877058087449508,0.8889226778453558,0.9999272998545996,0.9999818332969997,0.9999835999671999,0.9999849333031998,0.9999855999712,0.9999850333033999
Rejected Standard Deviations,0.0015298247769619962,0.002239197332600257,0.0014103571309411623,0.053047157853607654,0.10934482351212721,0.11200266667009207,0.13216341115140096,0.13096276041639768,0.11903871907034887
