Probability,0.206913808
Fidelity averages,0.5227830880251765,0.027112558368387767,0.00258324641944042,0.2993412398732922,0.2557465578634563,nan,nan,nan,nan
Fidelity Standard Deviations,0.0015298247769619962,0.002239197332600257,0.0014103571309411623,0.1563235720629318,0.1232737301214855,nan,nan,nan,nan
Rejected Runs,0.7959390252113838,0.8877058087449508,0.8889226778453558,0.9999900999802,0.9999911999824,1.0000003666673998,1.0000006333346,0.9999997999996001,0.9999991999984001
Rejected Standard Deviations,0.0015298247769619962,0.002239197332600257,0.0014103571309411623,0.1563235720629318,0.1232737301214855,nan,nan,nan,nan
