Probability,0.206913808
Fidelity averages,0.5227830880251765,0.027112558368387763,0.00258324641944042,0.2993412398732922,0.25574655786345624,nan,nan,nan,nan
Fidelity Standard Deviations,0.0015298247769620075,0.0022391973326002573,0.0014103571309411623,0.1563235720629318,0.1232737301214855,nan,nan,nan,nan
Rejected Runs,0.7959374333333334,0.8877040333333334,0.8889209000000002,0.9999881,0.9999892,0.9999983666666667,0.9999986333333333,0.9999977999999999,0.9999971999999998
Rejected Standard Deviations,0.0003975827530911812,0.00032512699911811996,0.00035256728435860874,3.3301651610757566e-06,3.736308338457321e-06,1.353596033608271e-06,1.1396880664726708e-06,1.2220201853143e-06,1.8147543451815906e-06
