Probability,0.206913808
Fidelity averages,0.5227830880251765,0.027112558368387763,0.00258324641944042,0.002438252743169191,nan,nan,nan,nan,nan
Fidelity Standard Deviations,0.0015298247769620075,0.0022391973326002573,0.0014103571309411623,0.0013100659197783054,nan,nan,nan,nan,nan
Rejected Runs,0.7959374333333334,0.8877040333333334,0.8889209000000002,0.8888539666666667,0.9999986333333334,0.9999997999999999,0.9999996000000001,0.9999996666666667,0.9999998333333333
Rejected Standard Deviations,0.0003975827530911812,0.00032512699911811996,0.00035256728435860874,0.00030121027907796267,1.2775845264414423e-06,4.0000000001150227e-07,6.633249580633747e-07,5.962847939964028e-07,3.7267799626068155e-07
