Probability,0.1
Fidelity averages,0.8622407904930909,0.6130670904640636,0.23585565818399276,0.06595459163400832,0.07637557982451694,0.07057764942467441,0.0759290821620869,0.0762178473380836,0.07647557692810449
Fidelity Standard Deviations,0.0012072960352154036,0.01787902602177207,0.024425723149412056,0.0343798178804381,0.028557003897438937,0.02949101588436667,0.04796877175512683,0.04307077080445285,0.03582638195363916
Rejected Runs,0.8238445476890954,0.9935675204683743,0.999259431852197,0.9997566995133991,0.9998459330251992,0.9998438663543995,0.9998509663685994,0.9998491996983996,0.9998501330335994
Rejected Standard Deviations,0.0012072960352154036,0.01787902602177207,0.024425723149412056,0.0343798178804381,0.028557003897438937,0.02949101588436667,0.04796877175512683,0.04307077080445285,0.03582638195363916
