Probability,0.1
Fidelity averages,0.862240790493091,0.6130670904640636,0.23585565818399276,0.06595459163400832,0.07637557982451694,0.07057764942467443,0.0759290821620869,0.0762178473380836,0.07647557692810449
Fidelity Standard Deviations,0.0012072960352153995,0.017879026021772083,0.02442572314941206,0.0343798178804381,0.028557003897438933,0.02949101588436667,0.04796877175512683,0.04307077080445285,0.03582638195363916
Rejected Runs,0.8238429,0.9935655333333335,0.9992574333333333,0.9997546999999999,0.9998439333333334,0.9998418666666666,0.9998489666666666,0.9998471999999999,0.9998481333333332
Rejected Standard Deviations,0.00034576016254045914,0.0003380518434928191,6.33801668943511e-05,2.109209962679888e-05,1.0062913207529091e-05,1.2219474438605223e-05,1.2070579476101502e-05,1.2006664815841723e-05,1.1053606751739977e-05
