Probability,0.1
Fidelity averages,0.862240790493091,0.3453710799210298,0.284279983498824,0.19000249368138267,0.48948301182357273,nan,nan,nan,nan
Fidelity Standard Deviations,0.0012072960352153995,0.018700854061265402,0.03412297325406147,0.09034271427304291,0.3204806428809624,nan,nan,nan,nan
Rejected Runs,0.8238429,0.9809872000000001,0.9995909333333334,0.9999759666666664,0.9999959666666667,0.9999974333333334,0.9999983666666666,0.9999984000000002,0.9999982666666667
Rejected Standard Deviations,0.00034576016254045914,0.0004935237515392114,4.0533059209604816e-05,5.8678975981343176e-06,1.991370270834148e-06,1.7259457954639283e-06,1.1685698761857343e-06,1.199999999986397e-06,1.0624918300157379e-06
