Probability,0.1
Fidelity averages,0.8622407904930909,0.34537107992102983,0.28427998349882405,0.19000249368138267,0.48948301182357273,nan,nan,nan,nan
Fidelity Standard Deviations,0.0012072960352154036,0.01870085406126539,0.034122973254061474,0.09034271427304291,0.3204806428809624,nan,nan,nan,nan
Rejected Runs,0.8238445476890954,0.980989161978324,0.9995929325191985,0.9999779666225999,0.9999979666626,0.9999994333322001,1.0000003666674002,1.0000004000008,1.0000002666671999
Rejected Standard Deviations,0.0012072960352154036,0.01870085406126539,0.034122973254061474,0.09034271427304291,0.3204806428809624,nan,nan,nan,nan
