Probability,0.1
Fidelity averages,0.862240790493091,0.3453710799210298,0.5867900410470284,0.137107539835104,nan,nan,nan,nan,nan
Fidelity Standard Deviations,0.0012072960352153995,0.018700854061265402,0.06713040335514715,0.07015280387762346,nan,nan,nan,nan,nan
Rejected Runs,0.8238429,0.9809872000000001,0.9998896333333334,0.9999613,0.9999995333333332,0.9999999,1.0,1.0,1.0
Rejected Standard Deviations,0.00034576016254045914,0.0004935237515392114,2.375918535827741e-05,9.162059448255942e-06,6.182412330324681e-07,3.0000000000862675e-07,0.0,0.0,0.0
