Probability,0.1
Fidelity averages,0.8622407904930909,0.34537107992102983,0.5867900410470284,0.137107539835104,nan,nan,nan,nan,nan
Fidelity Standard Deviations,0.0012072960352154036,0.01870085406126539,0.06713040335514717,0.07015280387762346,nan,nan,nan,nan,nan
Rejected Runs,0.8238445476890954,0.980989161978324,0.9998916331165993,0.9999632999265998,1.0000015333364,1.0000019000037996,1.0000020000039997,1.0000020000039997,1.0000020000039997
Rejected Standard Deviations,0.0012072960352154036,0.01870085406126539,0.06713040335514717,0.07015280387762346,nan,nan,nan,nan,nan
