Probability,0.1
Fidelity averages,0.8622407904930909,0.34537107992102983,0.0335779430468941,nan,nan,nan,nan,nan,nan
Fidelity Standard Deviations,0.0012072960352154036,0.01870085406126539,0.007941968022523107,nan,nan,nan,nan,nan,nan
Rejected Runs,0.8238445476890954,0.980989161978324,0.9873376413419492,1.0000004333342,1.0000015666698,1.0000020000039997,1.0000020000039997,1.0000020000039997,1.0000020000039997
Rejected Standard Deviations,0.0012072960352154036,0.01870085406126539,0.007941968022523107,nan,nan,nan,nan,nan,nan
