Probability,0.335981829
Fidelity averages,0.12690204931778537,nan,nan,nan,nan,nan,nan,nan,nan
Fidelity Standard Deviations,0.007113251812154825,nan,nan,nan,nan,nan,nan,nan,nan
Rejected Runs,0.9836573666666665,0.9999977666666667,1.0,1.0,1.0,1.0,1.0,1.0,1.0
Rejected Standard Deviations,0.00010810318630312858,1.453348623762198e-06,0.0,0.0,0.0,0.0,0.0,0.0,0.0
