Probability,0.335981829
Fidelity averages,0.12690204931778534,nan,nan,nan,nan,nan,nan,nan,nan
Fidelity Standard Deviations,0.007113251812154825,nan,nan,nan,nan,nan,nan,nan,nan
Rejected Runs,0.9836593339853346,0.9999997666662,1.0000020000039997,1.0000020000039997,1.0000020000039997,1.0000020000039997,1.0000020000039997,1.0000020000039997,1.0000020000039997
Rejected Standard Deviations,0.007113251812154825,nan,nan,nan,nan,nan,nan,nan,nan
