Probability,0.335981829
Fidelity averages,0.12690204931778534,0.007384063322361916,0.007125648464000893,0.008613063077906047,0.07876253902833925,0.07445870491496498,0.06795284548824307,nan,nan
Fidelity Standard Deviations,0.007113251812154825,0.0037748951755255038,0.003933524287414185,0.0044368999599656445,0.033789768173644485,0.03894234195911408,0.032885165921797355,nan,nan
Rejected Runs,0.9836593339853346,0.9876568753137506,0.9876525086383504,0.9876183085699505,0.9998515330363992,0.9998511997023993,0.9998489996979993,0.9999996666659999,0.9999998666664
Rejected Standard Deviations,0.007113251812154825,0.0037748951755255038,0.003933524287414185,0.0044368999599656445,0.033789768173644485,0.03894234195911408,0.032885165921797355,nan,nan
