Probability,0.335981829
Fidelity averages,0.12690204931778537,0.0073840633223619155,0.007125648464000892,0.008613063077906047,0.07876253902833925,0.07445870491496498,0.06795284548824307,nan,nan
Fidelity Standard Deviations,0.007113251812154825,0.0037748951755255033,0.003933524287414185,0.0044368999599656445,0.033789768173644485,0.03894234195911408,0.03288516592179735,nan,nan
Rejected Runs,0.9836573666666665,0.9876548999999998,0.9876505333333335,0.9876163333333332,0.9998495333333334,0.9998491999999999,0.9998469999999998,0.9999976666666668,0.9999978666666667
Rejected Standard Deviations,0.00010810318630312858,8.795239242529945e-05,0.00013684120562007046,0.00011279726159007219,1.2015915371800712e-05,1.3006152390304464e-05,1.1613210868079561e-05,1.3984117975607186e-06,1.3597385369612504e-06
