Probability,0.335981829
Fidelity averages,0.12690204931778537,0.0073840633223619155,0.007125648464000892,0.008613063077906047,0.008011395147247528,0.0689897403110486,0.07316703913239156,0.07715175781612753,nan
Fidelity Standard Deviations,0.007113251812154825,0.0037748951755255033,0.003933524287414185,0.0044368999599656445,0.003653703413838167,0.03572449719426069,0.035545529358306856,0.03557561595794071,nan
Rejected Runs,0.9836573666666665,0.9876548999999998,0.9876505333333335,0.9876163333333332,0.9876689666666666,0.9998475,0.9998505666666666,0.9998515666666665,0.9999980999999999
Rejected Standard Deviations,0.00010810318630312858,8.795239242529945e-05,0.00013684120562007046,0.00011279726159007219,0.00010083104129626561,1.0663801698579312e-05,1.091385459965748e-05,1.0025578398384402e-05,1.5779733837962121e-06
