Probability,0.335981829
Fidelity averages,0.12690204931778534,0.007384063322361916,0.007125648464000893,0.008613063077906047,0.008011395147247528,0.06513833667081868,0.0715480536433641,0.06895156121951017,0.06573413656825396
Fidelity Standard Deviations,0.007113251812154825,0.0037748951755255038,0.003933524287414185,0.0044368999599656445,0.0036537034138381676,0.03330950784079293,0.045828807838511655,0.038889314419410466,0.03799953276044172
Rejected Runs,0.9836593339853346,0.9876568753137506,0.9876525086383504,0.9876183085699505,0.9876709420085505,0.9998496663659995,0.9998494330321994,0.9998500663667994,0.9998522330377992
Rejected Standard Deviations,0.007113251812154825,0.0037748951755255038,0.003933524287414185,0.0044368999599656445,0.0036537034138381676,0.03330950784079293,0.045828807838511655,0.038889314419410466,0.03799953276044172
