Probability,0.335981829
Fidelity averages,0.12690204931778537,0.0073840633223619155,0.007125648464000892,0.008613063077906047,0.008011395147247528,0.06513833667081868,0.0715480536433641,0.06895156121951017,0.06573413656825396
Fidelity Standard Deviations,0.007113251812154825,0.0037748951755255033,0.003933524287414185,0.0044368999599656445,0.003653703413838167,0.03330950784079294,0.045828807838511655,0.03888931441941047,0.037999532760441726
Rejected Runs,0.9836573666666665,0.9876548999999998,0.9876505333333335,0.9876163333333332,0.9876689666666666,0.9998476666666666,0.9998474333333335,0.9998480666666667,0.9998502333333333
Rejected Standard Deviations,0.00010810318630312858,8.795239242529945e-05,0.00013684120562007046,0.00011279726159007219,0.00010083104129626561,1.4871299726512005e-05,1.149690779683884e-05,1.2759136160245763e-05,1.120917283100895e-05
