Probability,0.335981829
Fidelity averages,0.12690204931778537,0.0073840633223619155,0.007125648464000892,0.008613063077906047,0.008011395147247528,0.06841448415782425,0.0674933961489255,0.07514011625481272,0.07575639911901069
Fidelity Standard Deviations,0.007113251812154825,0.0037748951755255033,0.003933524287414185,0.0044368999599656445,0.003653703413838167,0.03918947991972103,0.037657717357380605,0.04037825606656815,0.03604782741061774
Rejected Runs,0.9836573666666665,0.9876548999999998,0.9876505333333335,0.9876163333333332,0.9876689666666666,0.999845,0.9998485000000001,0.9998455333333334,0.9998469666666667
Rejected Standard Deviations,0.00010810318630312858,8.795239242529945e-05,0.00013684120562007046,0.00011279726159007219,0.00010083104129626561,1.1281252885509716e-05,1.2347064428431918e-05,9.587260065085859e-06,1.2944711489849799e-05
