Probability,0.335981829
Fidelity averages,0.12690204931778534,0.007384063322361916,0.007125648464000893,0.008613063077906047,0.008011395147247528,0.06841448415782425,0.06749339614892548,0.07514011625481272,0.0757563991190107
Fidelity Standard Deviations,0.007113251812154825,0.0037748951755255038,0.003933524287414185,0.0044368999599656445,0.0036537034138381676,0.03918947991972103,0.037657717357380605,0.04037825606656815,0.03604782741061774
Rejected Runs,0.9836593339853346,0.9876568753137506,0.9876525086383504,0.9876183085699505,0.9876709420085505,0.9998469996939995,0.9998504997009994,0.9998475330283995,0.9998489663645993
Rejected Standard Deviations,0.007113251812154825,0.0037748951755255038,0.003933524287414185,0.0044368999599656445,0.0036537034138381676,0.03918947991972103,0.037657717357380605,0.04037825606656815,0.03604782741061774
