Probability,0.335981829
Fidelity averages,0.12690204931778537,0.0073840633223619155,0.007125648464000892,0.008613063077906047,0.008011395147247528,0.07810075912335658,0.07930256305260931,0.06941738240755665,0.07404838351052087
Fidelity Standard Deviations,0.007113251812154825,0.0037748951755255033,0.003933524287414185,0.0044368999599656445,0.003653703413838167,0.03485753757130057,0.037422451198421025,0.02868580737348994,0.039288794193436595
Rejected Runs,0.9836573666666665,0.9876548999999998,0.9876505333333335,0.9876163333333332,0.9876689666666666,0.9998479666666668,0.9998463666666667,0.9998477,0.9998446333333333
Rejected Standard Deviations,0.00010810318630312858,8.795239242529945e-05,0.00013684120562007046,0.00011279726159007219,0.00010083104129626561,1.1671855988751872e-05,1.2639840013049457e-05,1.3043900234723749e-05,1.37149148334569e-05
