Probability,0.335981829
Fidelity averages,0.12690204931778534,0.007384063322361916,0.007125648464000893,0.008613063077906047,0.008011395147247528,0.07810075912335658,0.07930256305260933,0.06941738240755665,0.07404838351052087
Fidelity Standard Deviations,0.007113251812154825,0.0037748951755255038,0.003933524287414185,0.0044368999599656445,0.0036537034138381676,0.034857537571300556,0.037422451198421025,0.02868580737348994,0.039288794193436595
Rejected Runs,0.9836593339853346,0.9876568753137506,0.9876525086383504,0.9876183085699505,0.9876709420085505,0.9998499663665993,0.9998483663633994,0.9998496996993994,0.9998466330265994
Rejected Standard Deviations,0.007113251812154825,0.0037748951755255038,0.003933524287414185,0.0044368999599656445,0.0036537034138381676,0.034857537571300556,0.037422451198421025,0.02868580737348994,0.039288794193436595
