Probability,0.335981829
Fidelity averages,0.12690204931778537,0.0073840633223619155,0.007125648464000892,0.008613063077906047,0.008011395147247528,0.008052417955552517,0.06594338792905306,0.08555942172700468,0.0628449209424914
Fidelity Standard Deviations,0.007113251812154825,0.0037748951755255033,0.003933524287414185,0.0044368999599656445,0.003653703413838167,0.0037677243640817457,0.02922098319073442,0.03777876127302171,0.027062276838041226
Rejected Runs,0.9836573666666665,0.9876548999999998,0.9876505333333335,0.9876163333333332,0.9876689666666666,0.9876502666666667,0.9998460333333334,0.9998446999999999,0.9998463666666667
Rejected Standard Deviations,0.00010810318630312858,8.795239242529945e-05,0.00013684120562007046,0.00011279726159007219,0.00010083104129626561,0.0001598288529090516,1.0737732017927367e-05,1.2321120078950077e-05,1.1403167201360629e-05
