Probability,0.335981829
Fidelity averages,0.12690204931778534,0.007384063322361916,0.007125648464000893,0.008613063077906047,0.008011395147247528,0.008052417955552517,0.07091582245612917,0.07312722948568685,0.07629991318973546
Fidelity Standard Deviations,0.007113251812154825,0.0037748951755255038,0.003933524287414185,0.0044368999599656445,0.0036537034138381676,0.0037677243640817457,0.0342991782381593,0.03770977960355759,0.029701371715932443
Rejected Runs,0.9836593339853346,0.9876568753137506,0.9876525086383504,0.9876183085699505,0.9876709420085505,0.9876522419711503,0.9998476663619993,0.9998446663559994,0.9998490996981994
Rejected Standard Deviations,0.007113251812154825,0.0037748951755255038,0.003933524287414185,0.0044368999599656445,0.0036537034138381676,0.0037677243640817457,0.0342991782381593,0.03770977960355759,0.029701371715932443
