Probability,0.335981829
Fidelity averages,0.12690204931778537,0.0073840633223619155,0.007125648464000892,0.008613063077906047,0.008011395147247528,0.008052417955552517,0.07091582245612917,0.07312722948568685,0.07629991318973546
Fidelity Standard Deviations,0.007113251812154825,0.0037748951755255033,0.003933524287414185,0.0044368999599656445,0.003653703413838167,0.0037677243640817457,0.0342991782381593,0.0377097796035576,0.029701371715932443
Rejected Runs,0.9836573666666665,0.9876548999999998,0.9876505333333335,0.9876163333333332,0.9876689666666666,0.9876502666666667,0.9998456666666667,0.9998426666666665,0.9998471
Rejected Standard Deviations,0.00010810318630312858,8.795239242529945e-05,0.00013684120562007046,0.00011279726159007219,0.00010083104129626561,0.0001598288529090516,1.1121550651269095e-05,1.564892612574063e-05,1.1507533764159403e-05
