Probability,0.335981829
Fidelity averages,0.12690204931778534,0.007384063322361916,0.007125648464000893,0.008613063077906047,0.008011395147247528,0.008052417955552517,0.060547205583394076,0.07595145320747228,0.07178107057109576
Fidelity Standard Deviations,0.007113251812154825,0.0037748951755255038,0.003933524287414185,0.0044368999599656445,0.0036537034138381676,0.0037677243640817457,0.02718857737282048,0.03330457343554676,0.03208353720303755
Rejected Runs,0.9836593339853346,0.9876568753137506,0.9876525086383504,0.9876183085699505,0.9876709420085505,0.9876522419711503,0.9998520330373993,0.9998514997029994,0.9998544330421993
Rejected Standard Deviations,0.007113251812154825,0.0037748951755255038,0.003933524287414185,0.0044368999599656445,0.0036537034138381676,0.0037677243640817457,0.02718857737282048,0.03330457343554676,0.03208353720303755
