Probability,0.335981829
Fidelity averages,0.12690204931778534,0.07427474242510558,nan,nan,nan,nan,nan,nan,nan
Fidelity Standard Deviations,0.007113251812154825,0.039024074732626736,nan,nan,nan,nan,nan,nan,nan
Rejected Runs,0.9836593339853346,0.9998437996875995,0.9999997333327999,1.0000020000039997,1.0000020000039997,1.0000020000039997,1.0000020000039997,1.0000020000039997,1.0000020000039997
Rejected Standard Deviations,0.007113251812154825,0.039024074732626736,nan,nan,nan,nan,nan,nan,nan
