Probability,0.335981829
Fidelity averages,0.12690204931778537,0.07427474242510558,nan,nan,nan,nan,nan,nan,nan
Fidelity Standard Deviations,0.007113251812154825,0.039024074732626736,nan,nan,nan,nan,nan,nan,nan
Rejected Runs,0.9836573666666665,0.9998418,0.9999977333333334,1.0,1.0,1.0,1.0,1.0,1.0
Rejected Standard Deviations,0.00010810318630312858,1.2781236246938552e-05,1.4817407180536805e-06,0.0,0.0,0.0,0.0,0.0,0.0
