Probability,0.335981829
Fidelity averages,0.12690204931778534,0.007384063322361916,0.07539776722231982,nan,nan,nan,nan,nan,nan
Fidelity Standard Deviations,0.007113251812154825,0.0037748951755255038,0.04186499986528429,nan,nan,nan,nan,nan,nan
Rejected Runs,0.9836593339853346,0.9876568753137506,0.9998515330363994,0.9999997666661999,1.0000019333371997,1.0000020000039997,1.0000020000039997,1.0000020000039997,1.0000020000039997
Rejected Standard Deviations,0.007113251812154825,0.0037748951755255038,0.04186499986528429,nan,nan,nan,nan,nan,nan
