Probability,0.335981829
Fidelity averages,0.12690204931778534,0.007384063322361916,0.0589230197806483,0.07428898615600597,nan,nan,nan,nan,nan
Fidelity Standard Deviations,0.007113251812154825,0.0037748951755255038,0.027228668604302775,0.03100519812066168,nan,nan,nan,nan,nan
Rejected Runs,0.9836593339853346,0.9876568753137506,0.9998444330221994,0.9998489663645993,1.0000001000002,1.0000020000039997,1.0000020000039997,1.0000020000039997,1.0000020000039997
Rejected Standard Deviations,0.007113251812154825,0.0037748951755255038,0.027228668604302775,0.03100519812066168,nan,nan,nan,nan,nan
