Probability,0.335981829
Fidelity averages,0.12690204931778537,0.0073840633223619155,0.0589230197806483,0.07428898615600597,nan,nan,nan,nan,nan
Fidelity Standard Deviations,0.007113251812154825,0.0037748951755255033,0.027228668604302772,0.03100519812066168,nan,nan,nan,nan,nan
Rejected Runs,0.9836573666666665,0.9876548999999998,0.9998424333333332,0.9998469666666667,0.9999981000000002,1.0,1.0,1.0,1.0
Rejected Standard Deviations,0.00010810318630312858,8.795239242529945e-05,1.1800235402557587e-05,1.0799639911699357e-05,1.325393023462886e-06,0.0,0.0,0.0,0.0
