Probability,0.335981829
Fidelity averages,0.12690204931778537,0.0073840633223619155,0.007125648464000892,0.08854229547431845,nan,nan,nan,nan,nan
Fidelity Standard Deviations,0.007113251812154825,0.0037748951755255033,0.003933524287414185,0.04384123688358511,nan,nan,nan,nan,nan
Rejected Runs,0.9836573666666665,0.9876548999999998,0.9876505333333335,0.9998480999999999,0.9999983666666667,0.9999980999999999,1.0,1.0,1.0
Rejected Standard Deviations,0.00010810318630312858,8.795239242529945e-05,0.00013684120562007046,1.3869270588853897e-05,1.4487542541328337e-06,1.4685593847891516e-06,0.0,0.0,0.0
