Probability,0.335981829
Fidelity averages,0.12690204931778534,0.007384063322361916,0.007125648464000893,0.08854229547431845,nan,nan,nan,nan,nan
Fidelity Standard Deviations,0.007113251812154825,0.0037748951755255038,0.003933524287414185,0.04384123688358511,nan,nan,nan,nan,nan
Rejected Runs,0.9836593339853346,0.9876568753137506,0.9876525086383504,0.9998500997001992,1.0000003666674,1.0000001000002,1.0000020000039997,1.0000020000039997,1.0000020000039997
Rejected Standard Deviations,0.007113251812154825,0.0037748951755255038,0.003933524287414185,0.04384123688358511,nan,nan,nan,nan,nan
