Probability,0.335981829
Fidelity averages,0.12690204931778537,0.0073840633223619155,0.007125648464000892,0.06904516884129967,0.06496747217632669,nan,nan,nan,nan
Fidelity Standard Deviations,0.007113251812154825,0.0037748951755255033,0.003933524287414185,0.03707862434358263,0.02421047363617832,nan,nan,nan,nan
Rejected Runs,0.9836573666666665,0.9876548999999998,0.9876505333333335,0.9998475333333333,0.9998497999999999,0.9999980999999999,0.9999999333333333,1.0,0.9999999666666667
Rejected Standard Deviations,0.00010810318630312858,8.795239242529945e-05,0.00013684120562007046,1.2595590057208205e-05,9.257069370667562e-06,1.2999999999924043e-06,2.494438257921024e-07,0.0,1.795054935763119e-07
