Probability,0.335981829
Fidelity averages,0.12690204931778534,0.007384063322361916,0.007125648464000893,0.06904516884129967,0.0649674721763267,nan,nan,nan,nan
Fidelity Standard Deviations,0.007113251812154825,0.0037748951755255038,0.003933524287414185,0.03707862434358263,0.02421047363617832,nan,nan,nan,nan
Rejected Runs,0.9836593339853346,0.9876568753137506,0.9876525086383504,0.9998495330323994,0.9998517997035993,1.0000001000002,1.0000019333371999,1.0000020000039997,1.0000019666706
Rejected Standard Deviations,0.007113251812154825,0.0037748951755255038,0.003933524287414185,0.03707862434358263,0.02421047363617832,nan,nan,nan,nan
