Probability,0.335981829
Fidelity averages,0.12690204931778537,0.0073840633223619155,0.007125648464000892,0.008613063077906047,0.07334536439999322,nan,nan,nan,nan
Fidelity Standard Deviations,0.007113251812154825,0.0037748951755255033,0.003933524287414185,0.0044368999599656445,0.03622968257505636,nan,nan,nan,nan
Rejected Runs,0.9836573666666665,0.9876548999999998,0.9876505333333335,0.9876163333333332,0.9998461,0.9999981000000001,0.9999984666666667,0.9999982666666667,1.0
Rejected Standard Deviations,0.00010810318630312858,8.795239242529945e-05,0.00013684120562007046,0.00011279726159007219,1.1181383337197712e-05,1.4685593847891519e-06,1.2840906856080279e-06,1.0624918300173635e-06,0.0
