Probability,0.335981829
Fidelity averages,0.12690204931778537,0.0073840633223619155,0.007125648464000892,0.008613063077906047,0.07728541441149898,0.06611336106134656,nan,nan,nan
Fidelity Standard Deviations,0.007113251812154825,0.0037748951755255033,0.003933524287414185,0.0044368999599656445,0.03581484876023896,0.03464443742488786,nan,nan,nan
Rejected Runs,0.9836573666666665,0.9876548999999998,0.9876505333333335,0.9876163333333332,0.9998453999999999,0.9998480333333332,0.9999979000000001,0.9999978333333334,0.9999982000000001
Rejected Standard Deviations,0.00010810318630312858,8.795239242529945e-05,0.00013684120562007046,0.00011279726159007219,1.5118641914321599e-05,1.1671855988754769e-05,1.6401219466829692e-06,1.3186693629869238e-06,1.3515423288398687e-06
