Probability,0.335981829
Fidelity averages,0.12690204931778537,0.0073840633223619155,0.007125648464000892,0.008613063077906047,0.0758410939160397,0.0697103695604787,nan,nan,nan
Fidelity Standard Deviations,0.007113251812154825,0.0037748951755255033,0.003933524287414185,0.0044368999599656445,0.03955686093351752,0.04250662142270106,nan,nan,nan
Rejected Runs,0.9836573666666665,0.9876548999999998,0.9876505333333335,0.9876163333333332,0.9998478,0.9998492333333334,0.9999982333333334,0.9999984333333334,0.9999982666666668
Rejected Standard Deviations,0.00010810318630312858,8.795239242529945e-05,0.00013684120562007046,0.00011279726159007219,1.165446981489923e-05,1.012153918905163e-05,1.4533486237631318e-06,1.2565384549881405e-06,1.0934146311085164e-06
