Probability,0.206913808
Fidelity averages,0.5125541035590735,0.0465550011319945,0.07420980063943022,0.06527920101300962,0.08662339678716366,0.07749498990675777,0.07727757014633803,0.062076540672514745,0.0736449395923659
Fidelity Standard Deviations,0.003672115552101984,0.02653247725038139,0.03887176515306084,0.036002826529822826,0.035848076971381516,0.03361153276185754,0.037004590823031064,0.0447813610073817,0.03890182885496964
Rejected Runs,0.960761754856843,0.999495998991998,0.9998396996793992,0.9998484996969996,0.9998486330305992,0.9998466330265996,0.9998503663673993,0.9998530330393993,0.9998538663743994
Rejected Standard Deviations,0.003672115552101984,0.02653247725038139,0.03887176515306084,0.036002826529822826,0.035848076971381516,0.03361153276185754,0.037004590823031064,0.0447813610073817,0.03890182885496964
