Probability,0.206913808
Fidelity averages,0.5125541035590735,0.046555001131994504,0.07420980063943022,0.0652792010130096,0.08662339678716365,0.07749498990675775,0.07727757014633803,0.06207654067251474,0.0736449395923659
Fidelity Standard Deviations,0.0036721155521019866,0.02653247725038139,0.03887176515306084,0.036002826529822826,0.035848076971381516,0.03361153276185754,0.037004590823031064,0.0447813610073817,0.03890182885496964
Rejected Runs,0.9607598333333333,0.999494,0.9998377000000002,0.9998465000000001,0.9998466333333335,0.9998446333333334,0.9998483666666668,0.9998510333333333,0.9998518666666667
Rejected Standard Deviations,0.0002153925228249399,3.112126818323548e-05,1.1246184538178614e-05,1.1523165074464295e-05,1.2716087798097638e-05,1.3159238410930692e-05,8.304550292189135e-06,1.3034526799582497e-05,1.104153773509129e-05
