Probability,0.206913808
Fidelity averages,0.5125541035590735,0.009494648215867756,0.25856965147092725,nan,nan,nan,nan,nan,nan
Fidelity Standard Deviations,0.0036721155521019866,0.004709028279634081,0.12469876480801775,nan,nan,nan,nan,nan,nan
Rejected Runs,0.9607598333333333,0.9875909666666666,0.9999905666666665,0.9999983333333333,0.9999981666666667,0.9999982333333333,0.9999977666666667,0.9999982,0.9999981666666666
Rejected Standard Deviations,0.0002153925228249399,0.00011382105351041917,3.148368184034372e-06,1.2995725793006185e-06,1.0354816377868975e-06,1.1742609969071675e-06,1.646882576933008e-06,1.3759844960299938e-06,1.2931443160680091e-06
