Probability,0.206913808
Fidelity averages,0.5125541035590735,0.009494648215867756,0.25856965147092725,nan,nan,nan,nan,nan,nan
Fidelity Standard Deviations,0.003672115552101984,0.004709028279634081,0.12469876480801777,nan,nan,nan,nan,nan,nan
Rejected Runs,0.960761754856843,0.9875929418525503,0.9999925666518,1.000000333334,1.000000166667,1.0000002333337998,0.9999997666661998,1.0000002000004,1.000000166667
Rejected Standard Deviations,0.003672115552101984,0.004709028279634081,0.12469876480801777,nan,nan,nan,nan,nan,nan
