Probability,0.206913808
Fidelity averages,0.5125541035590735,0.009494648215867756,nan,nan,nan,nan,nan,nan,nan
Fidelity Standard Deviations,0.003672115552101984,0.004709028279634081,nan,nan,nan,nan,nan,nan,nan
Rejected Runs,0.960761754856843,0.9875929418525503,1.0000018666703998,1.0000019000037998,1.0000019666705997,1.0000019000037998,1.0000019333371999,1.0000019666705997,1.0000020000039997
Rejected Standard Deviations,0.003672115552101984,0.004709028279634081,nan,nan,nan,nan,nan,nan,nan
