Probability,0.206913808
Fidelity averages,0.5125541035590735,0.009494648215867756,0.008488698924159328,0.007619329716962682,nan,nan,nan,nan,nan
Fidelity Standard Deviations,0.0036721155521019866,0.004709028279634081,0.004402460905472004,0.005031973681351743,nan,nan,nan,nan,nan
Rejected Runs,0.9607598333333333,0.9875909666666666,0.9876781666666669,0.9876703,1.0,1.0,1.0,1.0,1.0
Rejected Standard Deviations,0.0002153925228249399,0.00011382105351041917,0.00011678986352514668,8.8473404666789e-05,0.0,0.0,0.0,0.0,0.0
