Probability,3.35981829e-05
Fidelity averages,0.9999728915077777,0.9999731733760087,0.9999674450363985,0.9999609572248265,0.9999539763878731,0.9999464244671257,0.9999402615040703,0.9999353857173354,0.9999311561862501
Fidelity Standard Deviations,5.719353295537852e-06,7.082111895285655e-06,7.2195764422816784e-06,8.393335851777264e-06,9.197435911513959e-06,8.499315792143326e-06,1.0778178720926466e-05,1.0369092798779869e-05,9.85996463210176e-06
Rejected Runs,0.000313000626001252,0.000995468657603982,0.0016908367150067635,0.002378604757209515,0.003771474209615085,0.005146076958820583,0.006509046351426035,0.007189047711428756,0.007896415792831585
Rejected Standard Deviations,5.719353295537852e-06,7.082111895285655e-06,7.2195764422816784e-06,8.393335851777264e-06,9.197435911513959e-06,8.499315792143326e-06,1.0778178720926466e-05,1.0369092798779869e-05,9.85996463210176e-06
