Probability,3.35981829e-05
Fidelity averages,0.9999728915077777,0.9999731733760087,0.9999674450363985,0.9999609572248265,0.9999539763878731,0.9999464244671257,0.9999402615040703,0.9999353857173354,0.9999311561862501
Fidelity Standard Deviations,5.719353295550536e-06,7.082111895291409e-06,7.219576442274231e-06,8.393335851788934e-06,9.19743591152674e-06,8.499315792150069e-06,1.0778178720923995e-05,1.0369092798807564e-05,9.85996463211964e-06
Rejected Runs,0.00031300000000000007,0.0009954666666666665,0.0016908333333333333,0.0023786000000000002,0.0037714666666666665,0.005146066666666667,0.006509033333333334,0.007189033333333333,0.0078964
Rejected Standard Deviations,2.102062479249051e-05,2.7873204974590838e-05,4.2327361783550326e-05,6.283714400469412e-05,7.43920844056827e-05,6.768206721297907e-05,0.00010320771396665185,0.0001048492515736548,0.00012408991363792082
