Probability,3.35981829e-05
Fidelity averages,0.9999728915077777,0.9999649696950125,0.999953583726947,0.999937476037292,0.9999180898996323,0.9998968564500768,0.9998743215992951,0.9998680556470688,0.9998554961419706
Fidelity Standard Deviations,5.719353295537852e-06,7.529648362657771e-06,9.090468999713427e-06,1.1108038347468724e-05,1.1589077492563151e-05,1.2864612125095809e-05,1.4471115554704585e-05,1.5113534646092482e-05,1.414718734117114e-05
Rejected Runs,0.000313000626001252,0.0008666350666034668,0.001428936191205716,0.001987403974807949,0.0031754396842127016,0.004299675266017199,0.005399710799421599,0.006021145375624084,0.006602713205426411
Rejected Standard Deviations,5.719353295537852e-06,7.529648362657771e-06,9.090468999713427e-06,1.1108038347468724e-05,1.1589077492563151e-05,1.2864612125095809e-05,1.4471115554704585e-05,1.5113534646092482e-05,1.414718734117114e-05
