Probability,3.35981829e-05
Fidelity averages,0.9999728915077777,0.9999649696950125,0.9999535837269471,0.999937476037292,0.9999180898996325,0.9998968564500768,0.9998743215992951,0.9998680556470688,0.9998554961419708
Fidelity Standard Deviations,5.719353295550536e-06,7.529648362650635e-06,9.090468999694959e-06,1.1108038347457106e-05,1.1589077492552253e-05,1.2864612125089148e-05,1.4471115554725418e-05,1.5113534646082488e-05,1.414718734116884e-05
Rejected Runs,0.00031300000000000007,0.0008666333333333334,0.0014289333333333332,0.0019874,0.0031754333333333337,0.004299666666666668,0.0053996999999999995,0.006021133333333333,0.0066027
Rejected Standard Deviations,2.102062479249051e-05,2.479043274240198e-05,3.903240818715761e-05,5.941245660633804e-05,6.15259746412485e-05,6.53780459243689e-05,9.250230627755544e-05,8.962393033609318e-05,0.00011009333918695228
