Probability,3.35981829e-05
Fidelity averages,0.9999728915077777,0.9999649696950125,0.9999535837269471,0.999937476037292,0.9999131799881786,0.9998971578485019,0.9998743220954958,0.9998631861743326,0.9998542378848218
Fidelity Standard Deviations,5.719353295550536e-06,7.529648362650635e-06,9.090468999694959e-06,1.1108038347457106e-05,1.1106465492625504e-05,1.4564266419671541e-05,1.6191248665567258e-05,1.5437945157930326e-05,1.4658104139270948e-05
Rejected Runs,0.00031300000000000007,0.0008666333333333334,0.0014289333333333332,0.0019874,0.003109133333333334,0.004299366666666667,0.0053966,0.005949633333333333,0.006601633333333333
Rejected Standard Deviations,2.102062479249051e-05,2.479043274240198e-05,3.903240818715761e-05,5.941245660633804e-05,5.9268166460213264e-05,6.778519176208191e-05,9.42756949943445e-05,9.007496260831248e-05,0.00011051952567558168
