Probability,3.35981829e-05
Fidelity averages,0.9999728915077777,0.9999649696950125,0.999953583726947,0.999937476037292,0.9999131799881785,0.9998971578485017,0.9998743220954959,0.9998631861743325,0.9998542378848218
Fidelity Standard Deviations,5.719353295537852e-06,7.529648362657771e-06,9.090468999713427e-06,1.1108038347468724e-05,1.1106465492627956e-05,1.4564266419669198e-05,1.6191248665578286e-05,1.543794515791141e-05,1.4658104139260127e-05
Rejected Runs,0.000313000626001252,0.0008666350666034668,0.001428936191205716,0.001987403974807949,0.003109139551612436,0.004299375265417198,0.005396610793221586,0.005949645232623799,0.006601646536626405
Rejected Standard Deviations,5.719353295537852e-06,7.529648362657771e-06,9.090468999713427e-06,1.1108038347468724e-05,1.1106465492627956e-05,1.4564266419669198e-05,1.6191248665578286e-05,1.543794515791141e-05,1.4658104139260127e-05
