Probability,3.35981829e-05
Fidelity averages,0.9999728915077777,0.9999649696950125,0.9999535837269471,0.999937476037292,0.9999131799881786,0.9998958524357295,0.9998735180323587,0.9998626826407049,0.9998513285067987
Fidelity Standard Deviations,5.719353295550536e-06,7.529648362650635e-06,9.090468999694959e-06,1.1108038347457106e-05,1.1106465492625504e-05,1.3103248897148409e-05,1.4981701924508829e-05,1.4414539563034488e-05,1.4735002377041046e-05
Rejected Runs,0.00031300000000000007,0.0008666333333333334,0.0014289333333333332,0.0019874,0.003109133333333334,0.004297199999999999,0.005394533333333332,0.0059532000000000005,0.006535366666666666
Rejected Standard Deviations,2.102062479249051e-05,2.479043274240198e-05,3.903240818715761e-05,5.941245660633804e-05,5.9268166460213264e-05,6.643362602377407e-05,9.450281594863834e-05,9.075880122610696e-05,0.00011106709183592089
