Probability,3.35981829e-05
Fidelity averages,0.9999728915077777,0.9999649696950125,0.999953583726947,0.999937476037292,0.9999131799881785,0.9998958524357294,0.9998735180323586,0.9998626826407049,0.9998513285067987
Fidelity Standard Deviations,5.719353295537852e-06,7.529648362657771e-06,9.090468999713427e-06,1.1108038347468724e-05,1.1106465492627956e-05,1.310324889714608e-05,1.4981701924511392e-05,1.4414539563021305e-05,1.4735002377040686e-05
Rejected Runs,0.000313000626001252,0.0008666350666034668,0.001428936191205716,0.001987403974807949,0.003109139551612436,0.004297208594417189,0.005394544122421577,0.0059532119064238135,0.006535379737426142
Rejected Standard Deviations,5.719353295537852e-06,7.529648362657771e-06,9.090468999713427e-06,1.1108038347468724e-05,1.1106465492627956e-05,1.310324889714608e-05,1.4981701924511392e-05,1.4414539563021305e-05,1.4735002377040686e-05
