Probability,3.35981829e-05
Fidelity averages,0.9999728915077777,0.9999649696950125,0.999953583726947,0.999937476037292,0.9999131799881785,0.9998955509219829,0.9998741712321144,0.9998623310588032,0.9998513789359778
Fidelity Standard Deviations,5.719353295537852e-06,7.529648362657771e-06,9.090468999713427e-06,1.1108038347468724e-05,1.1106465492627956e-05,1.3869536168479444e-05,1.564910372391276e-05,1.4648117305502964e-05,1.517135114489024e-05
Rejected Runs,0.000313000626001252,0.0008666350666034668,0.001428936191205716,0.001987403974807949,0.003109139551612436,0.004299208598417197,0.00539781079562159,0.005949311898623797,0.00653497973662614
Rejected Standard Deviations,5.719353295537852e-06,7.529648362657771e-06,9.090468999713427e-06,1.1108038347468724e-05,1.1106465492627956e-05,1.3869536168479444e-05,1.564910372391276e-05,1.4648117305502964e-05,1.517135114489024e-05
