Probability,3.35981829e-05
Fidelity averages,0.9999728915077777,0.9999649696950125,0.9999535837269471,0.999937476037292,0.9999131799881786,0.9998955509219829,0.9998741712321144,0.9998623310588031,0.9998513789359778
Fidelity Standard Deviations,5.719353295550536e-06,7.529648362650635e-06,9.090468999694959e-06,1.1108038347457106e-05,1.1106465492625504e-05,1.386953616848869e-05,1.5649103723918115e-05,1.4648117305503254e-05,1.517135114488877e-05
Rejected Runs,0.00031300000000000007,0.0008666333333333334,0.0014289333333333332,0.0019874,0.003109133333333334,0.0042991999999999995,0.0053978,0.0059493,0.006534966666666666
Rejected Standard Deviations,2.102062479249051e-05,2.479043274240198e-05,3.903240818715761e-05,5.941245660633804e-05,5.9268166460213264e-05,6.970910987812138e-05,9.473450620901902e-05,8.576057757890088e-05,0.0001102897648117096
