Probability,3.35981829e-05
Fidelity averages,0.9999728915077777,0.9999649696950125,0.999953583726947,0.999937476037292,0.9999131799881785,0.9998957014734987,0.9998729647342347,0.9998631857591775,0.9998506240617452
Fidelity Standard Deviations,5.719353295537852e-06,7.529648362657771e-06,9.090468999713427e-06,1.1108038347468724e-05,1.1106465492627956e-05,1.4542675497141423e-05,1.479866436256948e-05,1.5968817360699255e-05,1.4951491953851974e-05
Rejected Runs,0.000313000626001252,0.0008666350666034668,0.001428936191205716,0.001987403974807949,0.003109139551612436,0.0042998419330171995,0.0053965441264215855,0.005953211906423813,0.006533913067826135
Rejected Standard Deviations,5.719353295537852e-06,7.529648362657771e-06,9.090468999713427e-06,1.1108038347468724e-05,1.1106465492627956e-05,1.4542675497141423e-05,1.479866436256948e-05,1.5968817360699255e-05,1.4951491953851974e-05
