Probability,3.35981829e-05
Fidelity averages,0.9999728915077777,0.9999690211796309,0.9999604884476643,0.9999484876422203,0.999933671830165,0.9999197234743292,0.9999028245966781,0.9998977808117632,0.9998886498265562
Fidelity Standard Deviations,5.719353295537852e-06,7.131987375080164e-06,8.437627121779302e-06,1.085266510093915e-05,9.327073440495402e-06,1.137211735930554e-05,1.2092570483081561e-05,1.483038159306069e-05,1.16381438104755e-05
Rejected Runs,0.000313000626001252,0.0009321018642037285,0.0015588364510062355,0.0021844043688087375,0.0034389402112137563,0.004689209378418756,0.005923911847823695,0.006546946427226188,0.007186881040428746
Rejected Standard Deviations,5.719353295537852e-06,7.131987375080164e-06,8.437627121779302e-06,1.085266510093915e-05,9.327073440495402e-06,1.137211735930554e-05,1.2092570483081561e-05,1.483038159306069e-05,1.16381438104755e-05
