Probability,3.35981829e-05
Fidelity averages,0.9999728915077777,0.9999690211796309,0.9999604884476643,0.9999484876422202,0.999933671830165,0.9999197234743292,0.9999028245966782,0.9998977808117631,0.9998886498265562
Fidelity Standard Deviations,5.719353295550536e-06,7.131987375049677e-06,8.437627121798544e-06,1.0852665100938222e-05,9.32707344049564e-06,1.1372117359311048e-05,1.2092570483095214e-05,1.483038159308089e-05,1.163814381046641e-05
Rejected Runs,0.00031300000000000007,0.0009321,0.0015588333333333333,0.0021844,0.0034389333333333326,0.0046892,0.005923899999999999,0.0065469333333333345,0.007186866666666666
Rejected Standard Deviations,2.102062479249051e-05,2.615383974358895e-05,4.0505212284621135e-05,5.9240526668826926e-05,6.685503388343734e-05,6.424920232967877e-05,9.881880725179121e-05,9.804010517243556e-05,0.00011607231462421272
