Probability,3.35981829e-05
Fidelity averages,0.9999728915077777,0.9999649696950125,0.9999574866382416,0.9999456851045618,0.9999268574857808,0.9999071324364084,0.9998931897076371,0.9998820093129034,0.9998734745332236
Fidelity Standard Deviations,5.719353295550536e-06,7.529648362650635e-06,7.874113396217668e-06,1.063996662343163e-05,1.0703522915659855e-05,1.1790998444188193e-05,1.3988994495289797e-05,1.34109167281182e-05,1.4470611130558594e-05
Rejected Runs,0.00031300000000000007,0.0008666333333333334,0.0014927999999999996,0.002119966666666667,0.0033142333333333334,0.004496533333333333,0.005718333333333334,0.0062778,0.006919333333333333
Rejected Standard Deviations,2.102062479249051e-05,2.479043274240198e-05,3.966055975399237e-05,5.8592083272590847e-05,6.331228597638498e-05,6.616430726271951e-05,0.00010070330459103888,9.290762437317326e-05,0.0001154972823153091
