Probability,3.35981829e-05
Fidelity averages,0.9999728915077777,0.9999649696950125,0.9999574866382416,0.9999456851045618,0.9999268574857808,0.9999071324364084,0.9998931897076371,0.9998820093129033,0.9998734745332236
Fidelity Standard Deviations,5.719353295537852e-06,7.529648362657771e-06,7.874113396232567e-06,1.0639966623440729e-05,1.0703522915657036e-05,1.179099844418426e-05,1.3988994495319573e-05,1.3410916728106399e-05,1.4470611130549505e-05
Rejected Runs,0.000313000626001252,0.0008666350666034668,0.0014928029856059713,0.0021199709066084802,0.0033142399618132567,0.0044965423264179865,0.005718344770022874,0.006277812555625111,0.006919347172027676
Rejected Standard Deviations,5.719353295537852e-06,7.529648362657771e-06,7.874113396232567e-06,1.0639966623440729e-05,1.0703522915657036e-05,1.179099844418426e-05,1.3988994495319573e-05,1.3410916728106399e-05,1.4470611130549505e-05
