Probability,3.35981829e-05
Fidelity averages,0.9999728915077777,0.9999649696950125,0.9999568355761569,0.9999415302998487,0.9999210943351692,0.9999044769301729,0.9998850071189674,0.999878746047308,0.9998671975681117
Fidelity Standard Deviations,5.719353295537852e-06,7.529648362657771e-06,8.452924817546013e-06,1.0615265520013436e-05,1.1009320406826275e-05,1.3496683048826886e-05,1.4908290444816786e-05,1.4754380552804722e-05,1.3245567953105083e-05
Rejected Runs,0.000313000626001252,0.0008666350666034668,0.0014937029874059749,0.002051204102408205,0.0032383064766129534,0.0044288755244177155,0.0055938778544223754,0.006218212436424873,0.006796280259227186
Rejected Standard Deviations,5.719353295537852e-06,7.529648362657771e-06,8.452924817546013e-06,1.0615265520013436e-05,1.1009320406826275e-05,1.3496683048826886e-05,1.4908290444816786e-05,1.4754380552804722e-05,1.3245567953105083e-05
