Probability,3.35981829e-05
Fidelity averages,0.9999728915077777,0.9999649696950125,0.9999568355761569,0.9999415302998487,0.9999210943351692,0.9999044769301729,0.9998850071189674,0.999878746047308,0.9998671975681119
Fidelity Standard Deviations,5.719353295550536e-06,7.529648362650635e-06,8.452924817535051e-06,1.061526551999892e-05,1.1009320406818443e-05,1.3496683048816814e-05,1.4908290444834106e-05,1.4754380552819088e-05,1.3245567953096345e-05
Rejected Runs,0.00031300000000000007,0.0008666333333333334,0.0014937000000000001,0.0020512,0.0032383,0.004428866666666667,0.005593866666666666,0.006218200000000001,0.006796266666666667
Rejected Standard Deviations,2.102062479249051e-05,2.479043274240198e-05,3.996761188762723e-05,5.909224427395977e-05,6.10082781268247e-05,6.780055719207298e-05,9.931019864825347e-05,9.378891192459793e-05,0.00011356875548416573
