Probability,3.35981829e-05
Fidelity averages,0.9999728915077777,0.9999649696950125,0.999953583726947,0.9999414801951821,0.9999221978170267,0.9999013191768185,0.9998819979548793,0.9998760877361399,0.9998629774208414
Fidelity Standard Deviations,5.719353295537852e-06,7.529648362657771e-06,9.090468999713427e-06,1.0809048534975083e-05,1.1188740634517486e-05,1.3190280418803177e-05,1.474894755866407e-05,1.530347714451515e-05,1.3789751677239129e-05
Rejected Runs,0.000313000626001252,0.0008666350666034668,0.001428936191205716,0.0020517707702082067,0.003241206482412965,0.004365842065017463,0.0055286110572221134,0.00615234563802461,0.0067342468018269375
Rejected Standard Deviations,5.719353295537852e-06,7.529648362657771e-06,9.090468999713427e-06,1.0809048534975083e-05,1.1188740634517486e-05,1.3190280418803177e-05,1.474894755866407e-05,1.530347714451515e-05,1.3789751677239129e-05
