Probability,3.35981829e-05
Fidelity averages,0.9999728915077777,0.9999649696950125,0.9999535837269471,0.9999414801951821,0.9999221978170268,0.9999013191768185,0.9998819979548794,0.9998760877361399,0.9998629774208416
Fidelity Standard Deviations,5.719353295550536e-06,7.529648362650635e-06,9.090468999694959e-06,1.080904853496593e-05,1.118874063452037e-05,1.3190280418836776e-05,1.474894755865895e-05,1.530347714451543e-05,1.3789751677237994e-05
Rejected Runs,0.00031300000000000007,0.0008666333333333334,0.0014289333333333332,0.002051766666666667,0.0032412,0.0043658333333333335,0.005528599999999999,0.006152333333333333,0.006734233333333333
Rejected Standard Deviations,2.102062479249051e-05,2.479043274240198e-05,3.903240818715761e-05,5.988749637630736e-05,6.121677330056962e-05,6.530649959145638e-05,9.494264935563294e-05,8.680604177641608e-05,0.0001150810390792313
