Probability,3.35981829e-05
Fidelity averages,0.9999728915077777,0.9999649696950125,0.9999535837269471,0.9999411793957868,0.9999175377541457,0.9999001141082147,0.9998815458908807,0.9998704115593954,0.9998585571833871
Fidelity Standard Deviations,5.719353295550536e-06,7.529648362650635e-06,9.090468999694959e-06,1.0918605086351964e-05,1.002314627958105e-05,1.294962858302328e-05,1.4394529576408957e-05,1.4551944304002614e-05,1.4626304747843912e-05
Rejected Runs,0.00031300000000000007,0.0008666333333333334,0.0014289333333333332,0.002054533333333333,0.003179133333333333,0.004363833333333332,0.005525666666666666,0.006084633333333335,0.0066663999999999985
Rejected Standard Deviations,2.102062479249051e-05,2.479043274240198e-05,3.903240818715761e-05,5.797627867403089e-05,6.011363313665951e-05,6.6852117061134e-05,9.747113532847669e-05,9.19748093531895e-05,0.00011419007545900535
