Probability,3.35981829e-05
Fidelity averages,0.9999728915077777,0.9999649696950125,0.999953583726947,0.9999411793957868,0.9999175377541457,0.9999001141082147,0.9998815458908807,0.9998704115593953,0.999858557183387
Fidelity Standard Deviations,5.719353295537852e-06,7.529648362657771e-06,9.090468999713427e-06,1.0918605086360021e-05,1.0023146279604268e-05,1.294962858303904e-05,1.4394529576399695e-05,1.4551944304026273e-05,1.4626304747866575e-05
Rejected Runs,0.000313000626001252,0.0008666350666034668,0.001428936191205716,0.002054537442408218,0.003179139691612716,0.0043638420610174556,0.005525677718022104,0.0060846455026243385,0.006666413332826667
Rejected Standard Deviations,5.719353295537852e-06,7.529648362657771e-06,9.090468999713427e-06,1.0918605086360021e-05,1.0023146279604268e-05,1.294962858303904e-05,1.4394529576399695e-05,1.4551944304026273e-05,1.4626304747866575e-05
