Probability,3.35981829e-05
Fidelity averages,0.9999728915077777,0.9999649696950125,0.999953583726947,0.999937476037292,0.9999165851870381,0.999899511432557,0.9998775815835528,0.9998674021134341,0.9998591110504665
Fidelity Standard Deviations,5.719353295537852e-06,7.529648362657771e-06,9.090468999713427e-06,1.1108038347468724e-05,1.0430875726316899e-05,1.4309870871991794e-05,1.4699109239605791e-05,1.499619691547938e-05,1.3479626571018244e-05
Rejected Runs,0.000313000626001252,0.0008666350666034668,0.001428936191205716,0.001987403974807949,0.0031740730148126974,0.0043639420612174564,0.005462277591221849,0.006019345372024077,0.006664413328826656
Rejected Standard Deviations,5.719353295537852e-06,7.529648362657771e-06,9.090468999713427e-06,1.1108038347468724e-05,1.0430875726316899e-05,1.4309870871991794e-05,1.4699109239605791e-05,1.499619691547938e-05,1.3479626571018244e-05
