Probability,3.35981829e-05
Fidelity averages,0.9999728915077777,0.9999649696950125,0.9999535837269471,0.999937476037292,0.9999165851870381,0.9998995114325571,0.9998775815835528,0.9998674021134341,0.9998591110504665
Fidelity Standard Deviations,5.719353295550536e-06,7.529648362650635e-06,9.090468999694959e-06,1.1108038347457106e-05,1.0430875726332013e-05,1.4309870871996272e-05,1.4699109239601298e-05,1.4996196915486187e-05,1.3479626571021901e-05
Rejected Runs,0.00031300000000000007,0.0008666333333333334,0.0014289333333333332,0.0019874,0.0031740666666666664,0.0043639333333333336,0.005462266666666665,0.006019333333333333,0.0066644
Rejected Standard Deviations,2.102062479249051e-05,2.479043274240198e-05,3.903240818715761e-05,5.941245660633804e-05,6.204403454178507e-05,6.599744102783244e-05,9.317186032035397e-05,9.08333027522884e-05,0.00011159587806007889
