Probability,3.35981829e-05
Fidelity averages,0.9999728915077777,0.9999649696950125,0.9999535837269471,0.999937476037292,0.9999172872774094,0.9998970070974667,0.999877631950492,0.9998672508876,0.9998544896502474
Fidelity Standard Deviations,5.719353295550536e-06,7.529648362650635e-06,9.090468999694959e-06,1.1108038347457106e-05,1.0931251975701418e-05,1.4552105293956702e-05,1.5578055882703124e-05,1.5193429420373678e-05,1.3615440483812085e-05
Rejected Runs,0.00031300000000000007,0.0008666333333333334,0.0014289333333333332,0.0019874,0.003175366666666666,0.0042998333333333335,0.005462333333333334,0.006019600000000001,0.006599766666666667
Rejected Standard Deviations,2.102062479249051e-05,2.479043274240198e-05,3.903240818715761e-05,5.941245660633804e-05,6.00574632238899e-05,6.593839717662405e-05,9.825624096661175e-05,8.749879999177138e-05,0.00010888791892992024
