Probability,3.35981829e-05
Fidelity averages,0.9999728915077777,0.9999649696950125,0.999953583726947,0.999937476037292,0.9999172872774094,0.9998970070974667,0.9998776319504918,0.9998672508876,0.9998544896502474
Fidelity Standard Deviations,5.719353295537852e-06,7.529648362657771e-06,9.090468999713427e-06,1.1108038347468724e-05,1.0931251975690465e-05,1.4552105293953616e-05,1.557805588269582e-05,1.5193429420367219e-05,1.3615440483813857e-05
Rejected Runs,0.000313000626001252,0.0008666350666034668,0.001428936191205716,0.001987403974807949,0.003175373017412701,0.0042998419330171995,0.005462344258021848,0.0060196120392240786,0.006599779866226398
Rejected Standard Deviations,5.719353295537852e-06,7.529648362657771e-06,9.090468999713427e-06,1.1108038347468724e-05,1.0931251975690465e-05,1.4552105293953616e-05,1.557805588269582e-05,1.5193429420367219e-05,1.3615440483813857e-05
