Probability,3.35981829e-05
Fidelity averages,0.9999728915077777,0.9999649696950125,0.999953583726947,0.999937476037292,0.9999175880176597,0.9998957516767092,0.9998781850265996,0.9998668487139633,0.9998533824095516
Fidelity Standard Deviations,5.719353295537852e-06,7.529648362657771e-06,9.090468999713427e-06,1.1108038347468724e-05,1.1232392492074898e-05,1.3881293739015323e-05,1.5450880547364823e-05,1.549044663608814e-05,1.5689054343900655e-05
Rejected Runs,0.000313000626001252,0.0008666350666034668,0.001428936191205716,0.001987403974807949,0.003178239689812713,0.0042998419330171995,0.005461677590021848,0.0060186453706240735,0.006599713199426399
Rejected Standard Deviations,5.719353295537852e-06,7.529648362657771e-06,9.090468999713427e-06,1.1108038347468724e-05,1.1232392492074898e-05,1.3881293739015323e-05,1.5450880547364823e-05,1.549044663608814e-05,1.5689054343900655e-05
