Probability,3.35981829e-05
Fidelity averages,0.9999728915077777,0.9999649696950125,0.9999535837269471,0.999937476037292,0.9999175880176597,0.9998957516767092,0.9998781850265996,0.9998668487139635,0.9998533824095516
Fidelity Standard Deviations,5.719353295550536e-06,7.529648362650635e-06,9.090468999694959e-06,1.1108038347457106e-05,1.1232392492061542e-05,1.3881293739001575e-05,1.5450880547363793e-05,1.5490446636084754e-05,1.568905434390366e-05
Rejected Runs,0.00031300000000000007,0.0008666333333333334,0.0014289333333333332,0.0019874,0.003178233333333333,0.0042998333333333335,0.005461666666666666,0.006018633333333332,0.0065997
Rejected Standard Deviations,2.102062479249051e-05,2.479043274240198e-05,3.903240818715761e-05,5.941245660633804e-05,5.9038226787584175e-05,6.83423164827051e-05,9.600497672285304e-05,9.193529729591832e-05,0.00011077970632445876
