Probability,0.143844989
Fidelity averages,0.7300615289109067,0.30382691813788476,0.06103088172811506,0.010154358952373996,0.007271356165121331,0.006793093871158539,0.007896737825029638,0.008143631949751283,0.009174429983991102
Fidelity Standard Deviations,0.0009506016493145585,0.008633466393585464,0.009962865325986805,0.005207255739674039,0.0038271865079150236,0.003334517629490634,0.0039795304389870665,0.004176349212245182,0.00535901878620799
Rejected Runs,0.7001001666666667,0.9575483333333333,0.9819446666666666,0.9864035,0.9876083000000001,0.9876607666666667,0.9876758333333332,0.9876446333333333,0.9876631999999999
Rejected Standard Deviations,0.0004055497571883876,0.00142016671165356,0.00043260870181826194,0.0002647086133846045,9.82062964715955e-05,0.00011680516065463421,0.00011613500285827148,0.00010665973414971957,0.00011040724613900499
