Probability,0.143844989
Fidelity averages,0.7300615289109067,0.30382691813788476,0.061030881728115056,0.010154358952373996,0.007271356165121331,0.006793093871158538,0.007896737825029638,0.008143631949751283,0.009174429983991102
Fidelity Standard Deviations,0.0009506016493145589,0.008633466393585464,0.009962865325986805,0.005207255739674039,0.0038271865079150236,0.0033345176294906336,0.0039795304389870665,0.004176349212245183,0.00535901878620799
Rejected Runs,0.7001015668698003,0.95755024843383,0.9819466305599278,0.9864054728109456,0.9876102752205506,0.9876627419921508,0.9876778086889508,0.9876466086265505,0.9876651753303505
Rejected Standard Deviations,0.0009506016493145589,0.008633466393585464,0.009962865325986805,0.005207255739674039,0.0038271865079150236,0.0033345176294906336,0.0039795304389870665,0.004176349212245183,0.00535901878620799
