Probability,0.143844989
Fidelity averages,0.7300615289109067,0.15225223770634125,0.09541283663578924,0.028081882655117015,0.017594331823805074,0.02271908170124827,0.025305142631752656,0.02457088765564581,0.02637007055899504
Fidelity Standard Deviations,0.0009506016493145585,0.006636692454704073,0.013488132695684385,0.010222128674175721,0.009151966298563368,0.010692700299659328,0.013332534216964832,0.013127067817659528,0.010743831111944081
Rejected Runs,0.7001001666666667,0.8787922333333333,0.9914635666666666,0.9976269666666667,0.9984424,0.9985857,0.9986170666666668,0.9986274333333333,0.9986282999999999
Rejected Standard Deviations,0.0004055497571883876,0.0007269018128712713,0.0004113928927706715,0.00010554540360537822,4.50159971565683e-05,3.7176291728292196e-05,4.3566755929521584e-05,3.827068794203194e-05,3.559321096313497e-05
