Probability,0.143844989
Fidelity averages,0.7300615289109067,0.15225223770634122,0.09541283663578927,0.028081882655117015,0.017594331823805074,0.02271908170124827,0.025305142631752656,0.02457088765564581,0.02637007055899504
Fidelity Standard Deviations,0.0009506016493145589,0.006636692454704073,0.013488132695684383,0.010222128674175721,0.009151966298563368,0.010692700299659328,0.013332534216964832,0.013127067817659528,0.01074383111194408
Rejected Runs,0.7001015668698003,0.8787939909213152,0.9914655495977659,0.9976289619245905,0.9984443968887936,0.9985876971753943,0.9986190639047944,0.9986294305921946,0.9986302972605947
Rejected Standard Deviations,0.0009506016493145589,0.006636692454704073,0.013488132695684383,0.010222128674175721,0.009151966298563368,0.010692700299659328,0.013332534216964832,0.013127067817659528,0.01074383111194408
