Probability,0.143844989
Fidelity averages,0.7300615289109067,0.15225223770634122,0.23641376782121298,0.032852722435567916,0.049772987440084585,0.07241066075912486,0.07324620453316859,0.06469761699990255,0.0682930148209244
Fidelity Standard Deviations,0.0009506016493145589,0.006636692454704073,0.019605711011034775,0.014874816881728663,0.025963855416597743,0.034541786930852976,0.035397934469859144,0.03463669748221915,0.02846674099684049
Rejected Runs,0.7001015668698003,0.8787939909213152,0.9976707620081907,0.9981099628865924,0.9997039660745989,0.9998210663087994,0.9998448996897994,0.9998435996871995,0.9998474330281996
Rejected Standard Deviations,0.0009506016493145589,0.006636692454704073,0.019605711011034775,0.014874816881728663,0.025963855416597743,0.034541786930852976,0.035397934469859144,0.03463669748221915,0.02846674099684049
