Probability,0.143844989
Fidelity averages,0.7300615289109067,0.15225223770634125,0.23641376782121298,0.032852722435567916,0.049772987440084585,0.07241066075912486,0.07324620453316859,0.06469761699990255,0.06829301482092438
Fidelity Standard Deviations,0.0009506016493145585,0.006636692454704073,0.01960571101103477,0.014874816881728665,0.025963855416597743,0.034541786930852976,0.035397934469859144,0.03463669748221915,0.02846674099684049
Rejected Runs,0.7001001666666667,0.8787922333333333,0.9976687666666666,0.9981079666666666,0.9997019666666668,0.9998190666666668,0.9998428999999998,0.9998416,0.9998454333333332
Rejected Standard Deviations,0.0004055497571883876,0.0007269018128712713,0.0002497231378057672,0.00020017050787321826,2.89096100899967e-05,1.3628238656880754e-05,1.1513325612826681e-05,9.149134749625156e-06,1.3561424048465978e-05
