Probability,0.143844989
Fidelity averages,0.7300615289109067,0.15225223770634122,0.016644303275335566,0.0876885195355147,0.1425481154377691,0.1292306613049845,0.20554769970788303,0.23040033433922627,0.21279972810437303
Fidelity Standard Deviations,0.0009506016493145589,0.006636692454704073,0.0030419482197414555,0.032845544613296196,0.08550264875869727,0.08555823209499488,0.11443851290630166,0.10192483508160483,0.1154263072226177
Rejected Runs,0.7001015668698003,0.8787939909213152,0.8883397766795533,0.9995512991025982,0.9999615999232,0.9999620332573997,0.9999814332961997,0.9999838999677999,0.9999842666352
Rejected Standard Deviations,0.0009506016493145589,0.006636692454704073,0.0030419482197414555,0.032845544613296196,0.08550264875869727,0.08555823209499488,0.11443851290630166,0.10192483508160483,0.1154263072226177
