Probability,0.143844989
Fidelity averages,0.7300615289109067,0.15225223770634125,0.016644303275335563,0.0876885195355147,0.14254811543776907,0.1292306613049845,0.20554769970788303,0.23040033433922627,0.2127997281043731
Fidelity Standard Deviations,0.0009506016493145585,0.006636692454704073,0.0030419482197414555,0.03284554461329619,0.08550264875869727,0.08555823209499488,0.11443851290630165,0.10192483508160483,0.11542630722261771
Rejected Runs,0.7001001666666667,0.8787922333333333,0.8883379999999998,0.9995493000000001,0.9999596000000001,0.9999600333333335,0.9999794333333334,0.9999818999999999,0.9999822666666667
Rejected Standard Deviations,0.0004055497571883876,0.0007269018128712713,0.000377160354933189,5.939480897632027e-05,6.585843403343726e-06,7.236404877826137e-06,5.0443587853707245e-06,4.414748010936654e-06,4.114473099801792e-06
