Probability,0.143844989
Fidelity averages,0.7300615289109067,0.15225223770634125,0.016644303275335563,0.19806668980704722,0.09671061353433165,nan,0.5921532963475941,nan,nan
Fidelity Standard Deviations,0.0009506016493145585,0.006636692454704073,0.0030419482197414555,0.05232499594416849,0.05258781068253293,nan,0.29072519720750906,nan,nan
Rejected Runs,0.7001001666666667,0.8787922333333333,0.8883379999999998,0.9998787333333333,0.9998988666666666,0.9999945666666666,0.9999973666666668,0.9999975999999999,0.9999971999999999
Rejected Standard Deviations,0.0004055497571883876,0.0007269018128712713,0.000377160354933189,2.008802849681782e-05,1.9017068356841754e-05,2.2163533613190796e-06,1.1100550536999201e-06,1.8726095873529792e-06,1.469693845670873e-06
