Probability,0.143844989
Fidelity averages,0.7300615289109067,0.15225223770634122,0.016644303275335566,0.19806668980704722,0.09671061353433165,nan,0.5921532963475941,nan,nan
Fidelity Standard Deviations,0.0009506016493145589,0.006636692454704073,0.0030419482197414555,0.05232499594416849,0.05258781068253294,nan,0.29072519720750906,nan,nan
Rejected Runs,0.7001015668698003,0.8787939909213152,0.8883397766795533,0.9998807330947995,0.9999008664683996,0.9999965666598,0.9999993666653999,0.9999995999991999,0.9999991999984
Rejected Standard Deviations,0.0009506016493145589,0.006636692454704073,0.0030419482197414555,0.05232499594416849,0.05258781068253294,nan,0.29072519720750906,nan,nan
