Probability,0.143844989
Fidelity averages,0.7300615289109067,0.15225223770634125,0.016644303275335563,0.002878215843992291,0.20430278779954242,nan,nan,nan,nan
Fidelity Standard Deviations,0.0009506016493145585,0.006636692454704073,0.0030419482197414555,0.0014822917427853193,0.1206717980331517,nan,nan,nan,nan
Rejected Runs,0.7001001666666667,0.8787922333333333,0.8883379999999998,0.8889414000000002,0.9999771000000002,0.9999994666666666,0.9999994666666665,0.9999989999999997,0.9999996
Rejected Standard Deviations,0.0004055497571883876,0.0007269018128712713,0.000377160354933189,0.0003380409837085811,7.5866110132689875e-06,6.699917080696884e-07,7.180219742849751e-07,8.563488385634064e-07,6.11010092658967e-07
