Probability,0.143844989
Fidelity averages,0.7300615289109067,0.15225223770634125,0.016644303275335563,0.002878215843992291,0.45416988432867605,nan,nan,nan,nan
Fidelity Standard Deviations,0.0009506016493145585,0.006636692454704073,0.0030419482197414555,0.0014822917427853193,0.25108700647416066,nan,nan,nan,nan
Rejected Runs,0.7001001666666667,0.8787922333333333,0.8883379999999998,0.8889414000000002,0.9999945333333332,0.9999950333333333,0.9999998333333333,0.9999998999999999,0.9999997999999999
Rejected Standard Deviations,0.0004055497571883876,0.0007269018128712713,0.000377160354933189,0.0003380409837085811,2.291045370335484e-06,2.786674641135685e-06,3.7267799626068155e-07,3.0000000000862665e-07,4.760952285692222e-07
