Probability,0.143844989
Fidelity averages,0.7300615289109067,0.15225223770634122,0.016644303275335566,0.002878215843992291,0.45416988432867605,nan,nan,nan,nan
Fidelity Standard Deviations,0.0009506016493145589,0.006636692454704073,0.0030419482197414555,0.0014822917427853193,0.2510870064741606,nan,nan,nan,nan
Rejected Runs,0.7001015668698003,0.8787939909213152,0.8883397766795533,0.8889431778863559,0.9999965333264,0.9999970333274,1.000001833337,1.0000019000037998,1.0000018000036
Rejected Standard Deviations,0.0009506016493145589,0.006636692454704073,0.0030419482197414555,0.0014822917427853193,0.2510870064741606,nan,nan,nan,nan
