Probability,3.35981829e-05
Fidelity averages,0.9999769360983914,0.9999748579057942,0.9999771367053006,0.9999759577070867,0.9999769381198041,0.9999761309849869,0.9999761296030416,0.9999768638369311,0.9999773460802686
Fidelity Standard Deviations,5.946787270587151e-06,4.588905537201758e-06,4.618324337280853e-06,4.591242433043332e-06,5.556737629335537e-06,5.9237731456512415e-06,5.8756452234486415e-06,5.851737385655259e-06,6.927666558639488e-06
Rejected Runs,0.0006030666666666667,0.0016760333333333333,0.002768166666666667,0.003842466666666667,0.0070125000000000005,0.009177966666666667,0.0113227,0.012369999999999999,0.013409166666666665
Rejected Standard Deviations,2.5630624044078382e-05,5.362616484101353e-05,6.666087474840263e-05,9.556873035790641e-05,9.637452983024096e-05,0.00012093703136572992,0.00013359993762473575,0.00012851796242808496,0.00014885789271053854
