Probability,3.35981829e-05
Fidelity averages,0.9999769360983914,0.999974857905794,0.9999771367053006,0.9999759577070866,0.9999769381198041,0.9999761309849869,0.9999761296030416,0.999976863836931,0.9999773460802686
Fidelity Standard Deviations,5.9467872705785575e-06,4.588905537178256e-06,4.618324337262776e-06,4.591242433030584e-06,5.5567376293501496e-06,5.923773145626739e-06,5.8756452234659185e-06,5.851737385676359e-06,6.927666558651843e-06
Rejected Runs,0.0006030678728024123,0.001676036685406704,0.002768172203011073,0.0038424743516153703,0.007012514025028051,0.009177985022636713,0.011322722645445291,0.012370024740049479,0.013409193485053638
Rejected Standard Deviations,5.9467872705785575e-06,4.588905537178256e-06,4.618324337262776e-06,4.591242433030584e-06,5.5567376293501496e-06,5.923773145626739e-06,5.8756452234659185e-06,5.851737385676359e-06,6.927666558651843e-06
