Probability,3.35981829e-05
Fidelity averages,0.9999769360983914,0.999974857905794,0.9999771367053006,0.9999759577070866,0.9999767624709364,0.9999761784498369,0.9999761772510656,0.9999768103604396,0.9999773432510409
Fidelity Standard Deviations,5.9467872705785575e-06,4.588905537178256e-06,4.618324337262776e-06,4.591242433030584e-06,5.4909929280727874e-06,5.991819393638982e-06,5.892224881537489e-06,5.736338917157286e-06,6.928584179649415e-06
Rejected Runs,0.0006030678728024123,0.001676036685406704,0.002768172203011073,0.0038424743516153703,0.005911278489223645,0.00930305193943721,0.011444122888245777,0.012490891648449963,0.013531827063654127
Rejected Standard Deviations,5.9467872705785575e-06,4.588905537178256e-06,4.618324337262776e-06,4.591242433030584e-06,5.4909929280727874e-06,5.991819393638982e-06,5.892224881537489e-06,5.736338917157286e-06,6.928584179649415e-06
