Probability,3.35981829e-05
Fidelity averages,0.9999769360983914,0.9999748579057942,0.9999771367053006,0.9999759577070867,0.9999767624709364,0.9999761784498369,0.9999761772510656,0.9999768103604396,0.999977343251041
Fidelity Standard Deviations,5.946787270587151e-06,4.588905537201758e-06,4.618324337280853e-06,4.591242433043332e-06,5.490992928063418e-06,5.991819393605884e-06,5.892224881525294e-06,5.736338917167353e-06,6.92858417963618e-06
Rejected Runs,0.0006030666666666667,0.0016760333333333333,0.002768166666666667,0.003842466666666667,0.0059112666666666655,0.00930303333333333,0.011444099999999997,0.012490866666666666,0.0135318
Rejected Standard Deviations,2.5630624044078382e-05,5.362616484101353e-05,6.666087474840263e-05,9.556873035790641e-05,9.373221905454321e-05,0.0001199656849084585,0.0001352731434296303,0.00012808453805549248,0.00014565127302338732
