Probability,3.35981829e-05
Fidelity averages,0.9999769360983914,0.9999748579057942,0.9999771367053006,0.9999759577070867,0.9999767624709364,0.9999761755257983,0.999976224967073,0.9999768581698574,0.9999774928512439
Fidelity Standard Deviations,5.946787270587151e-06,4.588905537201758e-06,4.618324337280853e-06,4.591242433043332e-06,5.490992928063418e-06,5.992551257045381e-06,5.8953006793764135e-06,5.747041203308349e-06,6.951830095556903e-06
Rejected Runs,0.0006030666666666667,0.0016760333333333333,0.002768166666666667,0.003842466666666667,0.0059112666666666655,0.009424700000000001,0.011563333333333333,0.012612000000000002,0.013643433333333333
Rejected Standard Deviations,2.5630624044078382e-05,5.362616484101353e-05,6.666087474840263e-05,9.556873035790641e-05,9.373221905454321e-05,0.00011939434659982846,0.0001380280969786788,0.00012913455514823813,0.0001478370010818973
