Probability,3.35981829e-05
Fidelity averages,0.9999769360983914,0.999974857905794,0.9999771367053006,0.9999759577070866,0.9999767624709364,0.9999761755257983,0.9999762249670727,0.9999768581698574,0.9999774928512439
Fidelity Standard Deviations,5.9467872705785575e-06,4.588905537178256e-06,4.618324337262776e-06,4.591242433030584e-06,5.4909929280727874e-06,5.9925512570469355e-06,5.895300679381494e-06,5.7470412033166665e-06,6.951830095552698e-06
Rejected Runs,0.0006030678728024123,0.001676036685406704,0.002768172203011073,0.0038424743516153703,0.005911278489223645,0.009424718849437698,0.011563356460046255,0.012612025224050447,0.013643460620254575
Rejected Standard Deviations,5.9467872705785575e-06,4.588905537178256e-06,4.618324337262776e-06,4.591242433030584e-06,5.4909929280727874e-06,5.9925512570469355e-06,5.895300679381494e-06,5.7470412033166665e-06,6.951830095552698e-06
