Probability,3.35981829e-05
Fidelity averages,0.9999769360983914,0.9999748579057942,0.9999771367053006,0.9999759577070867,0.9999767624709364,0.9999762230774143,0.9999762725896131,0.9999768552593393,0.9999774901167441
Fidelity Standard Deviations,5.946787270587151e-06,4.588905537201758e-06,4.618324337280853e-06,4.591242433043332e-06,5.490992928063418e-06,5.98321056480475e-06,5.832527759801996e-06,5.74780423306972e-06,6.9526461613096195e-06
Rejected Runs,0.0006030666666666667,0.0016760333333333333,0.002768166666666667,0.003842466666666667,0.0059112666666666655,0.009546966666666663,0.011686566666666667,0.012735633333333336,0.013763733333333333
Rejected Standard Deviations,2.5630624044078382e-05,5.362616484101353e-05,6.666087474840263e-05,9.556873035790641e-05,9.373221905454321e-05,0.00012092269798879317,0.0001395869342819099,0.000132763067990395,0.0001486402667142685
