Probability,3.35981829e-05
Fidelity averages,0.9999769360983914,0.999974857905794,0.9999771367053006,0.9999759577070866,0.9999767624709364,0.9999762230774143,0.9999762725896131,0.999976855259339,0.9999774901167441
Fidelity Standard Deviations,5.9467872705785575e-06,4.588905537178256e-06,4.618324337262776e-06,4.591242433030584e-06,5.4909929280727874e-06,5.983210564810651e-06,5.832527759796342e-06,5.747804233076664e-06,6.952646161339421e-06
Rejected Runs,0.0006030678728024123,0.001676036685406704,0.002768172203011073,0.0038424743516153703,0.005911278489223645,0.009546985760638189,0.011686590039846746,0.012735658804650945,0.013763760860855057
Rejected Standard Deviations,5.9467872705785575e-06,4.588905537178256e-06,4.618324337262776e-06,4.591242433030584e-06,5.4909929280727874e-06,5.983210564810651e-06,5.832527759796342e-06,5.747804233076664e-06,6.952646161339421e-06
