Probability,3.35981829e-05
Fidelity averages,0.9999769360983914,0.9999748579057942,0.9999771367053006,0.9999759577070867,0.9999767624709364,0.9999762201655996,0.9999763203454665,0.9999768523251703,0.9999774873429568
Fidelity Standard Deviations,5.946787270587151e-06,4.588905537201758e-06,4.618324337280853e-06,4.591242433043332e-06,5.490992928063418e-06,5.983984925112379e-06,5.8741370037850275e-06,5.748507223877651e-06,6.9535918434980985e-06
Rejected Runs,0.0006030666666666667,0.0016760333333333333,0.002768166666666667,0.003842466666666667,0.0059112666666666655,0.009667866666666665,0.011804633333333335,0.012861033333333334,0.013884433333333335
Rejected Standard Deviations,2.5630624044078382e-05,5.362616484101353e-05,6.666087474840263e-05,9.556873035790641e-05,9.373221905454321e-05,0.00012064734651960732,0.00013993176511746335,0.00013269400472097037,0.00014909698931307174
