Probability,3.35981829e-05
Fidelity averages,0.9999769360983914,0.999974857905794,0.9999771367053006,0.9999759577070866,0.9999767624709364,0.9999762201655996,0.9999763203454664,0.9999768523251703,0.9999774873429567
Fidelity Standard Deviations,5.9467872705785575e-06,4.588905537178256e-06,4.618324337262776e-06,4.591242433030584e-06,5.4909929280727874e-06,5.983984925116863e-06,5.874137003785423e-06,5.748507223884676e-06,6.953591843512667e-06
Rejected Runs,0.0006030678728024123,0.001676036685406704,0.002768172203011073,0.0038424743516153703,0.005911278489223645,0.009667886002438671,0.01180465694264722,0.012861059055451445,0.013884461102255536
Rejected Standard Deviations,5.9467872705785575e-06,4.588905537178256e-06,4.618324337262776e-06,4.591242433030584e-06,5.4909929280727874e-06,5.983984925116863e-06,5.874137003785423e-06,5.748507223884676e-06,6.953591843512667e-06
