Probability,3.35981829e-05
Fidelity averages,0.9999769360983914,0.9999748579057942,0.9999771367053006,0.9999759577070867,0.9999767624709364,0.9999758552552634,0.9999763173236961,0.9999768495220975,0.9999774844472689
Fidelity Standard Deviations,5.946787270587151e-06,4.588905537201758e-06,4.618324337280853e-06,4.591242433043332e-06,5.490992928063418e-06,6.016711231965544e-06,5.874948487059705e-06,5.749094645913843e-06,6.954547120244051e-06
Rejected Runs,0.0006030666666666667,0.0016760333333333333,0.002768166666666667,0.003842466666666667,0.0059112666666666655,0.008069533333333333,0.011929999999999998,0.012981833333333335,0.014010566666666667
Rejected Standard Deviations,2.5630624044078382e-05,5.362616484101353e-05,6.666087474840263e-05,9.556873035790641e-05,9.373221905454321e-05,0.00011329775912268616,0.00013901894355326777,0.00013551533328577827,0.00015049489101701154
