Probability,3.35981829e-05
Fidelity averages,0.9999769360983914,0.999974857905794,0.9999771367053006,0.9999759577070866,0.9999767624709364,0.9999758552552634,0.9999763173236961,0.9999768495220975,0.9999774844472689
Fidelity Standard Deviations,5.9467872705785575e-06,4.588905537178256e-06,4.618324337262776e-06,4.591242433030584e-06,5.4909929280727874e-06,6.016711231980873e-06,5.874948487067754e-06,5.749094645888962e-06,6.95454712025912e-06
Rejected Runs,0.0006030678728024123,0.001676036685406704,0.002768172203011073,0.0038424743516153703,0.005911278489223645,0.008069549472432278,0.011930023860047718,0.012981859297051928,0.014010594687856042
Rejected Standard Deviations,5.9467872705785575e-06,4.588905537178256e-06,4.618324337262776e-06,4.591242433030584e-06,5.4909929280727874e-06,6.016711231980873e-06,5.874948487067754e-06,5.749094645888962e-06,6.95454712025912e-06
