Probability,3.35981829e-05
Fidelity averages,0.9999769360983914,0.999974857905794,0.9999771367053006,0.9999759577070866,0.9999767624709364,0.9999758552552634,0.9999763114899396,0.9999768944155893,0.9999774788739875
Fidelity Standard Deviations,5.9467872705785575e-06,4.588905537178256e-06,4.618324337262776e-06,4.591242433030584e-06,5.4909929280727874e-06,6.016711231980873e-06,5.876291317369236e-06,5.852982050599306e-06,6.95634808447118e-06
Rejected Runs,0.0006030678728024123,0.001676036685406704,0.002768172203011073,0.0038424743516153703,0.005911278489223645,0.008069549472432278,0.012174324348648699,0.013227593121852909,0.014253695174057014
Rejected Standard Deviations,5.9467872705785575e-06,4.588905537178256e-06,4.618324337262776e-06,4.591242433030584e-06,5.4909929280727874e-06,6.016711231980873e-06,5.876291317369236e-06,5.852982050599306e-06,6.95634808447118e-06
