Probability,3.35981829e-05
Fidelity averages,0.9999769360983914,0.9999748547786372,0.9999771839755051,0.9999760049560518,0.9999768602638024,0.9999760539030506,0.9999761028403551,0.9999766844144733,0.9999771662044317
Fidelity Standard Deviations,5.946787270587151e-06,4.589464552345681e-06,4.531200018818093e-06,4.549605563427247e-06,5.390267075795169e-06,5.948736282327531e-06,5.892576492971664e-06,5.6702477057459185e-06,7.032287112742008e-06
Rejected Runs,0.0006030666666666667,0.0018003666666666666,0.0028938666666666665,0.0039648999999999995,0.0060318,0.008191666666666665,0.010337900000000002,0.011390366666666664,0.012424566666666664
Rejected Standard Deviations,2.5630624044078382e-05,5.585426473322238e-05,6.630522017324293e-05,9.544364829573521e-05,9.428587734473641e-05,0.00011155875382754847,0.00012980892367886994,0.00011849739331403962,0.00014166078811332677
