Probability,3.35981829e-05
Fidelity averages,0.9999769360983914,0.9999748547786372,0.9999771839755051,0.9999760049560518,0.9999768602638024,0.9999760539030506,0.9999761028403549,0.9999766844144733,0.9999771662044317
Fidelity Standard Deviations,5.9467872705785575e-06,4.589464552347382e-06,4.531200018844718e-06,4.549605563418269e-06,5.390267075775481e-06,5.9487362823290905e-06,5.892576492976013e-06,5.6702477057555924e-06,7.032287112752835e-06
Rejected Runs,0.0006030678728024123,0.0018003702674072016,0.0028938724544115757,0.00396490792981586,0.006031812063624128,0.008191683050032766,0.010337920675841352,0.011390389447445562,0.012424591515849697
Rejected Standard Deviations,5.9467872705785575e-06,4.589464552347382e-06,4.531200018844718e-06,4.549605563418269e-06,5.390267075775481e-06,5.9487362823290905e-06,5.892576492976013e-06,5.6702477057555924e-06,7.032287112752835e-06
