Probability,3.35981829e-05
Fidelity averages,0.9999769360983914,0.999974857905794,0.9999771811899746,0.9999760019243655,0.9999769077155771,0.9999760004167761,0.9999762515106076,0.9999767826629111,0.999977264527248
Fidelity Standard Deviations,5.9467872705785575e-06,4.588905537178256e-06,4.531779938123604e-06,4.6973355731906825e-06,5.458403463052487e-06,5.89347852725777e-06,5.796892241114982e-06,5.760484200824099e-06,7.0659110713502655e-06
Rejected Runs,0.0006030678728024123,0.001676036685406704,0.003015306030612061,0.004091108182216366,0.006154478975624617,0.008319016638033276,0.010459687586041839,0.011513856361046054,0.012551925103850205
Rejected Standard Deviations,5.9467872705785575e-06,4.588905537178256e-06,4.531779938123604e-06,4.6973355731906825e-06,5.458403463052487e-06,5.89347852725777e-06,5.796892241114982e-06,5.760484200824099e-06,7.0659110713502655e-06
