Probability,3.35981829e-05
Fidelity averages,0.9999769360983914,0.9999748579057942,0.9999771811899748,0.9999760019243655,0.9999769077155771,0.9999760004167763,0.9999762515106076,0.9999767826629112,0.9999772645272481
Fidelity Standard Deviations,5.946787270587151e-06,4.588905537201758e-06,4.531779938106816e-06,4.6973355731951895e-06,5.4584034630650755e-06,5.893478527246047e-06,5.796892241110477e-06,5.7604842008330565e-06,7.06591107135875e-06
Rejected Runs,0.0006030666666666667,0.0016760333333333333,0.0030152999999999994,0.0040911,0.006154466666666666,0.008319000000000002,0.01045966666666667,0.011513833333333334,0.012551900000000001
Rejected Standard Deviations,2.5630624044078382e-05,5.362616484101353e-05,6.393337678135472e-05,9.866318124474462e-05,9.471808462778145e-05,0.00011267711983066176,0.0001344639563435329,0.00011825539687003239,0.00014506006801781596
