Probability,3.35981829e-05
Fidelity averages,0.9999769360983914,0.9999748579057942,0.9999772286072823,0.9999760994012473,0.9999769047821758,0.9999760984544068,0.9999762991153158,0.9999767798619481,0.9999772110624998
Fidelity Standard Deviations,5.946787270587151e-06,4.588905537201758e-06,4.4762396895730685e-06,4.6623273784732985e-06,5.459110670270124e-06,5.863750949362267e-06,5.826099669606378e-06,5.734493281536651e-06,6.984798014409251e-06
Rejected Runs,0.0006030666666666667,0.0016760333333333333,0.0031344999999999997,0.0042136000000000005,0.006280666666666666,0.008436200000000001,0.010580233333333331,0.011632700000000003,0.012674966666666667
Rejected Standard Deviations,2.5630624044078382e-05,5.362616484101353e-05,6.246318915969628e-05,0.00010116013707648558,9.39628768302793e-05,0.00011948121191216638,0.00013613833242535165,0.00012064552761430196,0.00013824193366060181
