Probability,3.35981829e-05
Fidelity averages,0.9999769360983914,0.999974857905794,0.9999772286072823,0.9999760994012472,0.9999769047821758,0.9999760984544067,0.9999762991153158,0.9999767798619481,0.9999772110624998
Fidelity Standard Deviations,5.9467872705785575e-06,4.588905537178256e-06,4.476239689558148e-06,4.6623273784818265e-06,5.4591106702541615e-06,5.863750949360552e-06,5.8260996695945896e-06,5.734493281539008e-06,6.984798014427765e-06
Rejected Runs,0.0006030678728024123,0.001676036685406704,0.003134506269012538,0.0042136084272168545,0.006280679228025122,0.008436216872433743,0.010580254493842322,0.011632723265446532,0.012674992016650701
Rejected Standard Deviations,5.9467872705785575e-06,4.588905537178256e-06,4.476239689558148e-06,4.6623273784818265e-06,5.4591106702541615e-06,5.863750949360552e-06,5.8260996695945896e-06,5.734493281539008e-06,6.984798014427765e-06
