Probability,3.35981829e-05
Fidelity averages,0.9999769360983914,0.999974857905794,0.9999771367053006,0.999976096422398,0.9999769522665681,0.9999759944672612,0.9999762960824362,0.9999768780008994,0.9999773602583039
Fidelity Standard Deviations,5.9467872705785575e-06,4.588905537178256e-06,4.618324337262776e-06,4.662863419531131e-06,5.5534370942422744e-06,5.8949656238693e-06,5.826738460332428e-06,5.848289448873235e-06,6.923225098581711e-06
Rejected Runs,0.0006030678728024123,0.001676036685406704,0.002768172203011073,0.004337975342617351,0.006401679470025607,0.008564483795634258,0.010707688082042829,0.011763556860447052,0.012792692252051171
Rejected Standard Deviations,5.9467872705785575e-06,4.588905537178256e-06,4.618324337262776e-06,4.662863419531131e-06,5.5534370942422744e-06,5.8949656238693e-06,5.826738460332428e-06,5.848289448873235e-06,6.923225098581711e-06
