Probability,3.35981829e-05
Fidelity averages,0.9999769360983914,0.9999748579057942,0.9999771367053006,0.999976096422398,0.9999769522665681,0.9999759944672613,0.9999762960824362,0.9999768780008994,0.9999773602583041
Fidelity Standard Deviations,5.946787270587151e-06,4.588905537201758e-06,4.618324337280853e-06,4.662863419549469e-06,5.5534370942546225e-06,5.894965623860304e-06,5.826738460337978e-06,5.848289448866161e-06,6.923225098586018e-06
Rejected Runs,0.0006030666666666667,0.0016760333333333333,0.002768166666666667,0.004337966666666668,0.006401666666666666,0.008564466666666666,0.010707666666666671,0.011763533333333333,0.01279266666666667
Rejected Standard Deviations,2.5630624044078382e-05,5.362616484101353e-05,6.666087474840263e-05,0.00010332649977404424,9.228663078811692e-05,0.00011678348437267246,0.00013357752638657282,0.0001234049521786799,0.000144644468342976
