Probability,3.35981829e-05
Fidelity averages,0.9999769360983914,0.999974857905794,0.9999771367053006,0.9999760934434048,0.9999768991784145,0.9999761427703572,0.9999763437155178,0.9999768245512389,0.9999773574812558
Fidelity Standard Deviations,5.9467872705785575e-06,4.588905537178256e-06,4.618324337262776e-06,4.663455832201189e-06,5.46035682614236e-06,5.933694339537882e-06,5.86825667183579e-06,5.746272479357126e-06,7.066946446412211e-06
Rejected Runs,0.0006030678728024123,0.001676036685406704,0.002768172203011073,0.004461775590217848,0.00652244637822609,0.008689650712634759,0.010829821659643319,0.011885857105047543,0.012915759164851662
Rejected Standard Deviations,5.9467872705785575e-06,4.588905537178256e-06,4.618324337262776e-06,4.663455832201189e-06,5.46035682614236e-06,5.933694339537882e-06,5.86825667183579e-06,5.746272479357126e-06,7.066946446412211e-06
