Probability,3.35981829e-05
Fidelity averages,0.9999769360983914,0.9999748579057942,0.9999771367053006,0.9999760934434048,0.9999768991784147,0.9999761427703573,0.9999763437155179,0.9999768245512392,0.9999773574812559
Fidelity Standard Deviations,5.946787270587151e-06,4.588905537201758e-06,4.618324337280853e-06,4.663455832211224e-06,5.460356826135e-06,5.933694339535392e-06,5.868256671834454e-06,5.746272479363764e-06,7.066946446392794e-06
Rejected Runs,0.0006030666666666667,0.0016760333333333333,0.002768166666666667,0.004461766666666667,0.006522433333333332,0.008689633333333334,0.0108298,0.011885833333333333,0.012915733333333335
Rejected Standard Deviations,2.5630624044078382e-05,5.362616484101353e-05,6.666087474840263e-05,0.00010607880194563952,9.828417415275413e-05,0.00011546326496143942,0.00013081804156919648,0.0001221179984914408,0.00013868668124789607
