Probability,3.35981829e-05
Fidelity averages,0.9999769360983914,0.9999748579057942,0.9999771367053006,0.9999759577070867,0.9999768963647087,0.9999761902813593,0.9999762902668294,0.9999768218629393,0.9999773546559249
Fidelity Standard Deviations,5.946787270587151e-06,4.588905537201758e-06,4.618324337280853e-06,4.591242433043332e-06,5.461004639094753e-06,5.9246975211594175e-06,5.828215436753653e-06,5.746952011870471e-06,7.0678303371004434e-06
Rejected Runs,0.0006030666666666667,0.0016760333333333333,0.002768166666666667,0.003842466666666667,0.006643800000000002,0.008811900000000001,0.010949766666666666,0.012000600000000002,0.013038899999999999
Rejected Standard Deviations,2.5630624044078382e-05,5.362616484101353e-05,6.666087474840263e-05,9.556873035790641e-05,9.741813657288528e-05,0.00011656109985754243,0.00013872194811524556,0.00012730556416224175,0.00014019803850268386
