Probability,3.35981829e-05
Fidelity averages,0.9999769360983914,0.999974857905794,0.9999771367053006,0.9999759577070866,0.9999768963647087,0.9999761902813592,0.9999762902668294,0.9999768218629392,0.9999773546559249
Fidelity Standard Deviations,5.9467872705785575e-06,4.588905537178256e-06,4.618324337262776e-06,4.591242433030584e-06,5.461004639094939e-06,5.924697521163829e-06,5.8282154367681336e-06,5.746952011849755e-06,7.067830337103305e-06
Rejected Runs,0.0006030678728024123,0.001676036685406704,0.002768172203011073,0.0038424743516153703,0.006643813287626575,0.008811917623835245,0.0109497885662438,0.012000624001248001,0.013038926077852155
Rejected Standard Deviations,5.9467872705785575e-06,4.588905537178256e-06,4.618324337262776e-06,4.591242433030584e-06,5.461004639094939e-06,5.924697521163829e-06,5.8282154367681336e-06,5.746952011849755e-06,7.067830337103305e-06
