Probability,3.35981829e-05
Fidelity averages,0.9999769360983914,0.9999748579057942,0.9999771367053006,0.9999759577070867,0.9999768935347546,0.9999760360546674,0.9999763377974933,0.9999768190551694,0.9999773517016777
Fidelity Standard Deviations,5.946787270587151e-06,4.588905537201758e-06,4.618324337280853e-06,4.591242433043332e-06,5.461640502893459e-06,5.9531449531119216e-06,5.8698875508965745e-06,5.747537835746034e-06,6.92586262718488e-06
Rejected Runs,0.0006030666666666667,0.0016760333333333333,0.002768166666666667,0.003842466666666667,0.006765833333333334,0.008930533333333334,0.011075333333333331,0.012121566666666667,0.013165200000000004
Rejected Standard Deviations,2.5630624044078382e-05,5.362616484101353e-05,6.666087474840263e-05,9.556873035790641e-05,9.708967790427341e-05,0.00011677006846315075,0.00013758254088203027,0.00012925264235424963,0.00014857756672301958
