Probability,3.35981829e-05
Fidelity averages,0.9999769360983914,0.999974857905794,0.9999771367053006,0.9999759577070866,0.9999768935347546,0.9999760360546674,0.9999763377974932,0.9999768190551693,0.9999773517016776
Fidelity Standard Deviations,5.9467872705785575e-06,4.588905537178256e-06,4.618324337262776e-06,4.591242433030584e-06,5.461640502894291e-06,5.9531449531155265e-06,5.869887550907855e-06,5.74753783575399e-06,6.925862627189674e-06
Rejected Runs,0.0006030678728024123,0.001676036685406704,0.002768172203011073,0.0038424743516153703,0.006765846865027065,0.008930551194435723,0.011075355484044303,0.012121590909848488,0.013165226330452662
Rejected Standard Deviations,5.9467872705785575e-06,4.588905537178256e-06,4.618324337262776e-06,4.591242433030584e-06,5.461640502894291e-06,5.9531449531155265e-06,5.869887550907855e-06,5.74753783575399e-06,6.925862627189674e-06
