Probability,3.35981829e-05
Fidelity averages,0.9999769360983914,0.999974857905794,0.9999771367053006,0.9999759577070866,0.9999769410422324,0.999976033033277,0.9999763348740669,0.9999768667397896,0.9999773489073266
Fidelity Standard Deviations,5.9467872705785575e-06,4.588905537178256e-06,4.618324337262776e-06,4.591242433030584e-06,5.556015547099942e-06,5.953919910083675e-06,5.870559683094622e-06,5.850993377175619e-06,6.926796465613639e-06
Rejected Runs,0.0006030678728024123,0.001676036685406704,0.002768172203011073,0.0038424743516153703,0.006886813773627547,0.009055018110036221,0.011197955729244792,0.012246091158848985,0.013286093238853146
Rejected Standard Deviations,5.9467872705785575e-06,4.588905537178256e-06,4.618324337262776e-06,4.591242433030584e-06,5.556015547099942e-06,5.953919910083675e-06,5.870559683094622e-06,5.850993377175619e-06,6.926796465613639e-06
