Probability,3.35981829e-05
Fidelity averages,0.9999769360983914,0.9999748579057942,0.9999771367053006,0.9999759577070867,0.9999769410422324,0.999976033033277,0.9999763348740671,0.9999768667397897,0.9999773489073266
Fidelity Standard Deviations,5.946787270587151e-06,4.588905537201758e-06,4.618324337280853e-06,4.591242433043332e-06,5.55601554712301e-06,5.95391991008431e-06,5.8705596830930725e-06,5.850993377190736e-06,6.92679646562477e-06
Rejected Runs,0.0006030666666666667,0.0016760333333333333,0.002768166666666667,0.003842466666666667,0.006886799999999999,0.009055,0.011197933333333333,0.012246066666666666,0.013286066666666664
Rejected Standard Deviations,2.5630624044078382e-05,5.362616484101353e-05,6.666087474840263e-05,9.556873035790641e-05,9.403346921885492e-05,0.00011782642601159854,0.00013598331597009325,0.00012994663862096964,0.00014789273890973207
