check_num,threshold_p,threshold_p_std_boot,threshold_p_ci_low,threshold_p_ci_high,threshold_rb_error_rate,threshold_lrb_error_rate,method,start_idx_used,tail_cut_idx,n_points_used
1,0.16064450443288983,0.0006731940842145572,0.15999405828636706,0.16134466904486058,0.12138053014612152,0.12138053014612152,permanent_regime_interp,3,18,18
2,0.09888960415596526,0.0004128195628832767,0.0984894667300879,0.09933891883032696,0.07306415615849973,0.07306415615849973,permanent_regime_interp,3,18,18
3,0.05782662286925591,0.00024568490859378493,0.05757452142319621,0.0580593409442384,0.04332164223785182,0.04332164223785182,permanent_regime_interp,3,18,18
4,0.04498052194371219,0.00027855108367529167,0.044709130261518126,0.04527728869023332,0.033468709605938556,0.033468709605938556,permanent_regime_interp,3,18,18
