Probability,0.335981829
Fidelity averages,0.12690204931778534,0.06538587955615179,0.08726461544555547,0.06726352658756589,0.0862467089617339,0.08314330489397102,0.06806858847660963,0.06473522528775516,0.07072625422078777
Fidelity Standard Deviations,0.007113251812154825,0.029036119877709873,0.03649738676840647,0.04077684176807114,0.04470069174664256,0.04015202055745282,0.033222309566226176,0.0342655914994033,0.04252398903765009
Rejected Runs,0.9836593339853346,0.9998005329343993,0.9998545997091994,0.9998486663639994,0.9998504330341993,0.9998492996985995,0.9998444330221995,0.9998486996973993,0.9998516663699994
Rejected Standard Deviations,0.007113251812154825,0.029036119877709873,0.03649738676840647,0.04077684176807114,0.04470069174664256,0.04015202055745282,0.033222309566226176,0.0342655914994033,0.04252398903765009
