Probability,0.335981829
Fidelity averages,0.12690204931778537,0.06538587955615179,0.08726461544555549,0.06726352658756589,0.0862467089617339,0.08314330489397102,0.06806858847660963,0.06473522528775516,0.07072625422078777
Fidelity Standard Deviations,0.007113251812154825,0.02903611987770987,0.03649738676840648,0.04077684176807115,0.044700691746642554,0.04015202055745281,0.03322230956622618,0.0342655914994033,0.04252398903765008
Rejected Runs,0.9836573666666665,0.9997985333333332,0.9998526000000001,0.9998466666666667,0.9998484333333334,0.9998473,0.9998424333333334,0.9998466999999999,0.9998496666666666
Rejected Standard Deviations,0.00010810318630312858,1.7807738642389777e-05,1.3457587698631985e-05,1.1582553930620349e-05,1.0983877073042452e-05,1.0708719188897693e-05,1.2592811000273964e-05,1.1340634902868538e-05,1.2796700963748838e-05
