Probability,0.335981829
Fidelity averages,0.12690204931778537,0.0073840633223619155,0.007125648464000892,0.008613063077906047,0.008011395147247528,0.008052417955552517,0.008043157156752977,0.00758692207293231,nan
Fidelity Standard Deviations,0.007113251812154825,0.0037748951755255033,0.003933524287414185,0.0044368999599656445,0.003653703413838167,0.0037677243640817457,0.0032786505383806943,0.0028421410912885642,nan
Rejected Runs,0.9836573666666665,0.9876548999999998,0.9876505333333335,0.9876163333333332,0.9876689666666666,0.9876502666666667,0.9876378666666668,0.9876624,1.0
Rejected Standard Deviations,0.00010810318630312858,8.795239242529945e-05,0.00013684120562007046,0.00011279726159007219,0.00010083104129626561,0.0001598288529090516,9.984545836218896e-05,8.781670304294419e-05,0.0
