Probability,0.335981829
Fidelity averages,0.12690204931778537,0.0073840633223619155,nan,nan,nan,nan,nan,nan,nan
Fidelity Standard Deviations,0.007113251812154825,0.0037748951755255033,nan,nan,nan,nan,nan,nan,nan
Rejected Runs,0.9836573666666665,0.9876548999999998,0.9999973666666667,0.9999981000000002,0.9999978666666666,0.9999985666666666,0.9999981000000001,0.9999980999999998,0.9999982000000002
Rejected Standard Deviations,0.00010810318630312858,8.795239242529945e-05,1.9913702708288214e-06,1.3988090172174798e-06,1.4313940368967685e-06,1.1160446028366676e-06,1.4910846164117744e-06,1.4685593847894036e-06,1.375984496023001e-06
