Probability,0.335981829
Fidelity averages,0.12690204931778534,0.007384063322361916,nan,nan,nan,nan,nan,nan,nan
Fidelity Standard Deviations,0.007113251812154825,0.0037748951755255038,nan,nan,nan,nan,nan,nan,nan
Rejected Runs,0.9836593339853346,0.9876568753137506,0.9999993666653999,1.0000001000002001,0.9999998666664001,1.0000005666678,1.0000001000002,1.0000001000002,1.0000002000004
Rejected Standard Deviations,0.007113251812154825,0.0037748951755255038,nan,nan,nan,nan,nan,nan,nan
