Probability,0.335981829
Fidelity averages,0.12690204931778537,0.0073840633223619155,nan,nan,nan,nan,nan,nan,nan
Fidelity Standard Deviations,0.007113251812154825,0.0037748951755255033,nan,nan,nan,nan,nan,nan,nan
Rejected Runs,0.9836573666666665,0.9876548999999998,1.0,1.0,1.0,0.9999999666666667,0.9999999666666667,1.0,0.9999999666666667
Rejected Standard Deviations,0.00010810318630312858,8.795239242529945e-05,0.0,0.0,0.0,1.795054935763119e-07,1.795054935763119e-07,0.0,1.795054935763119e-07
