Probability,0.1
Fidelity averages,0.8480718566824437,0.4141138234935886,0.10697332381726156,0.0245844386458609,0.45643110588229063,0.27178755785200487,0.313233489047833,nan,nan
Fidelity Standard Deviations,0.000700303170686284,0.00998667545803379,0.00848521898669528,0.002526006150172339,0.13696843068696707,0.17788384977289481,0.1797593376184033,nan,nan
Rejected Runs,0.5825621999999999,0.8466975000000001,0.8829991,0.8880349333333335,0.9999785333333334,0.9999876000000001,0.9999886666666666,1.0,0.9999999666666667
Rejected Standard Deviations,0.00039398184391331033,0.0018619181283468602,0.0007601500005481418,0.00031851854298020095,4.787019485609737e-06,3.73809220503719e-06,3.4769079494526955e-06,0.0,1.795054935763119e-07
