Probability,0.1
Fidelity averages,0.8480718566824437,0.41411382349358866,0.10697332381726156,0.0245844386458609,0.45643110588229063,0.27178755785200487,0.313233489047833,nan,nan
Fidelity Standard Deviations,0.0007003031706862854,0.009986675458033804,0.008485218986695284,0.002526006150172339,0.13696843068696707,0.17788384977289484,0.1797593376184033,nan,nan
Rejected Runs,0.5825633651267302,0.8466991933983866,0.8830008660017318,0.888036709406752,0.9999805332943997,0.9999895999791999,0.9999906666479997,1.0000020000039997,1.0000019666705997
Rejected Standard Deviations,0.0007003031706862854,0.009986675458033804,0.008485218986695284,0.002526006150172339,0.13696843068696707,0.17788384977289484,0.1797593376184033,nan,nan
