Probability,0.1
Fidelity averages,0.8480718566824437,0.41411382349358866,0.10697332381726156,0.0245844386458609,0.0026893563042978117,0.5005992240202533,0.47636218331707625,0.4805675301724995,nan
Fidelity Standard Deviations,0.0007003031706862854,0.009986675458033804,0.008485218986695284,0.002526006150172339,0.001161028769434544,0.2865211291501883,0.25762133616040184,0.24769430351044175,nan
Rejected Runs,0.5825633651267302,0.8466991933983866,0.8830008660017318,0.888036709406752,0.8888044776089552,0.999997333328,0.9999979666626003,0.9999978333290002,1.0000020000039997
Rejected Standard Deviations,0.0007003031706862854,0.009986675458033804,0.008485218986695284,0.002526006150172339,0.001161028769434544,0.2865211291501883,0.25762133616040184,0.24769430351044175,nan
