Probability,0.1
Fidelity averages,0.8480718566824437,0.4141138234935886,0.10697332381726156,0.0245844386458609,0.0026893563042978117,0.5005992240202533,0.47636218331707625,0.4805675301724995,nan
Fidelity Standard Deviations,0.000700303170686284,0.00998667545803379,0.00848521898669528,0.002526006150172339,0.001161028769434544,0.2865211291501883,0.25762133616040184,0.24769430351044175,nan
Rejected Runs,0.5825621999999999,0.8466975000000001,0.8829991,0.8880349333333335,0.8888027,0.9999953333333333,0.9999959666666667,0.9999958333333333,1.0
Rejected Standard Deviations,0.00039398184391331033,0.0018619181283468602,0.0007601500005481418,0.00031851854298020095,0.0003390103390753726,2.180723631177826e-06,1.5807874268542908e-06,2.0013884069727967e-06,0.0
