Probability,0.1
Fidelity averages,0.8480718566824437,0.4141138234935886,0.10697332381726156,0.0245844386458609,0.0026893563042978117,nan,nan,nan,nan
Fidelity Standard Deviations,0.000700303170686284,0.00998667545803379,0.00848521898669528,0.002526006150172339,0.001161028769434544,nan,nan,nan,nan
Rejected Runs,0.5825621999999999,0.8466975000000001,0.8829991,0.8880349333333335,0.8888027,0.9999984000000002,0.9999984333333334,0.9999987333333332,0.9999985333333333
Rejected Standard Deviations,0.00039398184391331033,0.0018619181283468602,0.0007601500005481418,0.00031851854298020095,0.0003390103390753726,1.3063945294737704e-06,1.4533486237594817e-06,8.919392106656445e-07,1.334998959615039e-06
