Probability,0.1
Fidelity averages,0.8480718566824437,0.4141138234935886,0.10697332381726156,0.0245844386458609,0.0026893563042978117,nan,nan,nan,nan
Fidelity Standard Deviations,0.000700303170686284,0.00998667545803379,0.00848521898669528,0.002526006150172339,0.001161028769434544,nan,nan,nan,nan
Rejected Runs,0.5825621999999999,0.8466975000000001,0.8829991,0.8880349333333335,0.8888027,0.9999996333333333,0.9999996999999999,0.9999999666666667,0.9999997666666667
Rejected Standard Deviations,0.00039398184391331033,0.0018619181283468602,0.0007601500005481418,0.00031851854298020095,0.0003390103390753726,6.046119049046263e-07,5.259911279384812e-07,1.795054935763119e-07,4.22952584693813e-07
