Probability,0.1
Fidelity averages,0.8480718566824437,0.5948646497193839,0.2848908162255125,0.09226472105822699,0.011082331230344793,0.007491671821292123,0.007734687560747177,0.008191405156079077,0.007751351224085518
Fidelity Standard Deviations,0.000700303170686284,0.008004855132015126,0.01613663774149629,0.008670729936315855,0.004189262654661817,0.0040284082608591,0.0038609955975326526,0.0038489880240732003,0.004777169930215469
Rejected Runs,0.5825621999999999,0.9149092,0.9681862999999999,0.9813973666666665,0.9868784666666667,0.9875577333333333,0.9876293333333331,0.9876005666666666,0.9876528333333334
Rejected Standard Deviations,0.00039398184391331033,0.0023540303084993086,0.0011406159490965153,0.0006551673314674841,0.00018084629446638785,9.98738982695458e-05,0.00010301143410105109,0.00012228864306313222,7.898399978617177e-05
