Probability,0.1
Fidelity averages,0.8480718566824437,0.5948646497193839,0.28489081622551243,0.09226472105822699,0.011082331230344793,0.007491671821292123,0.007734687560747177,0.008191405156079077,0.007751351224085518
Fidelity Standard Deviations,0.0007003031706862854,0.008004855132015154,0.016136637741496304,0.008670729936315857,0.004189262654661817,0.0040284082608591,0.003860995597532652,0.0038489880240732007,0.004777169930215468
Rejected Runs,0.5825633651267302,0.9149110298220596,0.9681882363764728,0.9813993294653257,0.9868804404275476,0.9875597084527502,0.9876313085959505,0.9876025418717505,0.9876548086429505
Rejected Standard Deviations,0.0007003031706862854,0.008004855132015154,0.016136637741496304,0.008670729936315857,0.004189262654661817,0.0040284082608591,0.003860995597532652,0.0038489880240732007,0.004777169930215468
