Probability,0.1
Fidelity averages,0.8480718566824437,0.4141138234935886,0.33957468689911285,0.213738692370238,0.02690504160903252,0.02136096151663443,0.023621817281680883,0.023033028950146327,0.021704562643526177
Fidelity Standard Deviations,0.000700303170686284,0.00998667545803379,0.017491221707369997,0.016527934244626244,0.012802251992137505,0.009443189209112279,0.012622555806716704,0.012579762941125899,0.012577078949263841
Rejected Runs,0.5825621999999999,0.8466975000000001,0.9782341333333334,0.9939450999999999,0.9975881999999999,0.9983104666666668,0.9985886666666667,0.9985803333333333,0.9986042
Rejected Standard Deviations,0.00039398184391331033,0.0018619181283468602,0.0009807764520464795,0.00035059647744951704,9.105836955858208e-05,4.0420072021489334e-05,4.1358057121781907e-05,3.283223348411319e-05,3.383528729989307e-05
