Probability,0.1
Fidelity averages,0.8480718566824437,0.41411382349358866,0.3395746868991128,0.213738692370238,0.026905041609032523,0.02136096151663443,0.023621817281680883,0.023033028950146327,0.021704562643526177
Fidelity Standard Deviations,0.0007003031706862854,0.009986675458033804,0.017491221707369997,0.016527934244626254,0.012802251992137505,0.009443189209112279,0.012622555806716704,0.012579762941125899,0.012577078949263841
Rejected Runs,0.5825633651267302,0.8466991933983866,0.9782360898055129,0.9939470878941757,0.9975901951803904,0.9983124632915933,0.9985906638479946,0.9985823304979942,0.9986061972123945
Rejected Standard Deviations,0.0007003031706862854,0.009986675458033804,0.017491221707369997,0.016527934244626254,0.012802251992137505,0.009443189209112279,0.012622555806716704,0.012579762941125899,0.012577078949263841
