Probability,0.1
Fidelity averages,0.8480718566824437,0.41411382349358866,0.5449083615227632,0.16725959272501228,0.053872890751861385,0.04522945487177405,0.06118020740411194,0.058829763612407465,0.07226901817192212
Fidelity Standard Deviations,0.0007003031706862854,0.009986675458033804,0.011024017940130151,0.014188202764712209,0.021705850631210652,0.026407168929536772,0.0340561379563245,0.03451255944845759,0.03872945330331575
Rejected Runs,0.5825633651267302,0.8466991933983866,0.9893085119503572,0.9933927867855737,0.999060731454796,0.9996830993661988,0.9997968995937991,0.9998338996677991,0.9998372663411995
Rejected Standard Deviations,0.0007003031706862854,0.009986675458033804,0.011024017940130151,0.014188202764712209,0.021705850631210652,0.026407168929536772,0.0340561379563245,0.03451255944845759,0.03872945330331575
