Probability,0.1
Fidelity averages,0.8480718566824437,0.4141138234935886,0.5449083615227632,0.16725959272501228,0.053872890751861385,0.04522945487177405,0.06118020740411194,0.058829763612407465,0.07226901817192212
Fidelity Standard Deviations,0.000700303170686284,0.00998667545803379,0.011024017940130155,0.014188202764712207,0.021705850631210652,0.026407168929536772,0.0340561379563245,0.03451255944845759,0.03872945330331575
Rejected Runs,0.5825621999999999,0.8466975000000001,0.9893065333333334,0.9933908,0.9990587333333333,0.9996811,0.9997949,0.9998319000000002,0.9998352666666669
Rejected Standard Deviations,0.00039398184391331033,0.0018619181283468602,0.0008979970205345336,0.0005317334169174118,6.648555398648446e-05,2.06403326846603e-05,1.3031628191957258e-05,1.5430165261588942e-05,1.4482019503113188e-05
