Probability,0.1
Fidelity averages,0.8480718566824437,0.41411382349358866,0.10697332381726156,0.31546761133682544,0.14950447691787397,0.0685992970686409,0.136631516614753,0.15236033892683196,0.14736904706357984
Fidelity Standard Deviations,0.0007003031706862854,0.009986675458033804,0.008485218986695284,0.020384967538254476,0.05175030395760832,0.04719351288880615,0.08344707941178715,0.08824867703170149,0.07522952446812535
Rejected Runs,0.5825633651267302,0.8466991933983866,0.8830008660017318,0.9972754278841891,0.9997902662471991,0.9998326329985994,0.9999603999207999,0.9999772666211998,0.9999776999554
Rejected Standard Deviations,0.0007003031706862854,0.009986675458033804,0.008485218986695284,0.020384967538254476,0.05175030395760832,0.04719351288880615,0.08344707941178715,0.08824867703170149,0.07522952446812535
