Probability,0.1
Fidelity averages,0.8480718566824437,0.4141138234935886,0.10697332381726156,0.3154676113368254,0.14950447691787397,0.0685992970686409,0.136631516614753,0.15236033892683196,0.14736904706357984
Fidelity Standard Deviations,0.000700303170686284,0.00998667545803379,0.00848521898669528,0.020384967538254466,0.051750303957608317,0.047193512888806154,0.08344707941178715,0.08824867703170149,0.07522952446812535
Rejected Runs,0.5825621999999999,0.8466975000000001,0.8829991,0.9972734333333333,0.9997882666666666,0.9998306333333334,0.9999584,0.9999752666666667,0.9999756999999999
Rejected Standard Deviations,0.00039398184391331033,0.0018619181283468602,0.0007601500005481418,0.0002480160859478532,1.7778138885226428e-05,1.6551904892059563e-05,6.118823416324719e-06,5.072365216436309e-06,4.619884558435977e-06
