Probability,0.1
Fidelity averages,0.8480718566824437,0.41411382349358866,0.10697332381726156,0.5038411422970904,0.05092791451716108,0.16569180325402322,0.4055967606762472,0.34936705349412317,0.39247224283183635
Fidelity Standard Deviations,0.0007003031706862854,0.009986675458033804,0.008485218986695284,0.021745347473133423,0.022008329211819017,0.08879137085212162,0.2479193183084135,0.19919841440473887,0.22519977846135855
Rejected Runs,0.5825633651267302,0.8466991933983866,0.8830008660017318,0.9986669973339949,0.9992442651551968,0.9999692999385998,0.9999957333248001,0.9999961666589999,0.9999959999919998
Rejected Standard Deviations,0.0007003031706862854,0.009986675458033804,0.008485218986695284,0.021745347473133423,0.022008329211819017,0.08879137085212162,0.2479193183084135,0.19919841440473887,0.22519977846135855
