Probability,0.1
Fidelity averages,0.8480718566824437,0.4141138234935886,0.10697332381726156,0.5038411422970904,0.05092791451716108,0.16569180325402322,0.4055967606762472,0.34936705349412317,0.3924722428318363
Fidelity Standard Deviations,0.000700303170686284,0.00998667545803379,0.00848521898669528,0.021745347473133437,0.022008329211819014,0.08879137085212162,0.2479193183084135,0.19919841440473887,0.22519977846135855
Rejected Runs,0.5825621999999999,0.8466975000000001,0.8829991,0.998665,0.9992422666666667,0.9999673,0.9999937333333332,0.9999941666666669,0.9999940000000002
Rejected Standard Deviations,0.00039398184391331033,0.0018619181283468602,0.0007601500005481418,0.00014231748545652083,7.806789068212408e-05,4.74798202747525e-06,2.379542439684923e-06,2.4641879437734402e-06,2.160246899471447e-06
