Probability,0.1
Fidelity averages,0.8480718566824437,0.4141138234935886,0.10697332381726156,0.0245844386458609,0.08930519329691643,0.3315485790397476,0.41681694199804376,0.3560602693064683,nan
Fidelity Standard Deviations,0.000700303170686284,0.00998667545803379,0.00848521898669528,0.002526006150172339,0.04243922439966632,0.19188170179522185,0.22084875579063365,0.22320865099758247,nan
Rejected Runs,0.5825621999999999,0.8466975000000001,0.8829991,0.8880349333333335,0.9997257333333335,0.9999925000000001,0.9999941333333333,0.9999943000000002,0.9999990999999999
Rejected Standard Deviations,0.00039398184391331033,0.0018619181283468602,0.0007601500005481418,0.00031851854298020095,3.150125217969484e-05,2.813657169354392e-06,1.9102065042561117e-06,2.3115651263390414e-06,1.1357816691510085e-06
