Probability,0.1
Fidelity averages,0.8480718566824437,0.41411382349358866,0.10697332381726156,0.0245844386458609,0.08930519329691643,0.33154857903974766,0.41681694199804376,0.3560602693064683,nan
Fidelity Standard Deviations,0.0007003031706862854,0.009986675458033804,0.008485218986695284,0.002526006150172339,0.04243922439966631,0.19188170179522185,0.22084875579063368,0.22320865099758247,nan
Rejected Runs,0.5825633651267302,0.8466991933983866,0.8830008660017318,0.888036709406752,0.9997277327887989,0.9999944999889999,0.9999961333255999,0.9999962999925999,1.0000011000022002
Rejected Standard Deviations,0.0007003031706862854,0.009986675458033804,0.008485218986695284,0.002526006150172339,0.04243922439966631,0.19188170179522185,0.22084875579063368,0.22320865099758247,nan
