Probability,0.1
Fidelity averages,0.8480718566824437,0.4141138234935886,0.10697332381726156,0.0245844386458609,0.16861211306201138,0.08813500137617253,nan,nan,nan
Fidelity Standard Deviations,0.000700303170686284,0.00998667545803379,0.00848521898669528,0.002526006150172339,0.0582268093199471,0.04742434895636593,nan,nan,nan
Rejected Runs,0.5825621999999999,0.8466975000000001,0.8829991,0.8880349333333335,0.9998952,0.9999062,0.9999989,0.9999993,0.9999988
Rejected Standard Deviations,0.00039398184391331033,0.0018619181283468602,0.0007601500005481418,0.00031851854298020095,1.1734280264813076e-05,1.3787433892251382e-05,8.306623862747061e-07,8.225975119401174e-07,8.326663997659526e-07
