Probability,0.1
Fidelity averages,0.8480718566824437,0.41411382349358866,0.10697332381726156,0.0245844386458609,0.16861211306201138,0.08813500137617253,nan,nan,nan
Fidelity Standard Deviations,0.0007003031706862854,0.009986675458033804,0.008485218986695284,0.002526006150172339,0.0582268093199471,0.04742434895636593,nan,nan,nan
Rejected Runs,0.5825633651267302,0.8466991933983866,0.8830008660017318,0.888036709406752,0.9998971997943994,0.9999081998163997,1.0000009000018,1.0000013000026,1.0000008000016
Rejected Standard Deviations,0.0007003031706862854,0.009986675458033804,0.008485218986695284,0.002526006150172339,0.0582268093199471,0.04742434895636593,nan,nan,nan
