Probability,0.1
Fidelity averages,0.8480718566824437,0.41411382349358866,0.10697332381726156,0.0245844386458609,0.2923800336375764,0.1588177731903156,nan,nan,nan
Fidelity Standard Deviations,0.0007003031706862854,0.009986675458033804,0.008485218986695284,0.002526006150172339,0.08866748541426853,0.08521669490793986,nan,nan,nan
Rejected Runs,0.5825633651267302,0.8466991933983866,0.8830008660017318,0.888036709406752,0.99995999992,0.9999680999362,1.0000017666702,1.0000018000036,1.0000017000033998
Rejected Standard Deviations,0.0007003031706862854,0.009986675458033804,0.008485218986695284,0.002526006150172339,0.08866748541426853,0.08521669490793986,nan,nan,nan
