Probability,0.1
Fidelity averages,0.8480718566824437,0.4141138234935886,0.10697332381726156,0.0245844386458609,0.2923800336375764,0.1588177731903156,nan,nan,nan
Fidelity Standard Deviations,0.000700303170686284,0.00998667545803379,0.00848521898669528,0.002526006150172339,0.08866748541426853,0.08521669490793986,nan,nan,nan
Rejected Runs,0.5825621999999999,0.8466975000000001,0.8829991,0.8880349333333335,0.999958,0.9999661000000002,0.9999997666666666,0.9999997999999999,0.9999996999999999
Rejected Standard Deviations,0.00039398184391331033,0.0018619181283468602,0.0007601500005481418,0.00031851854298020095,6.392704174815248e-06,6.177108277061243e-06,4.2295258469381296e-07,4.0000000001150227e-07,4.5825756950876155e-07
