Probability,0.206913808
Fidelity averages,0.5227830880251765,0.2199408752371271,0.11899142331152207,nan,nan,nan,nan,nan,nan
Fidelity Standard Deviations,0.0015298247769619962,0.01864411830910418,0.05105442629881373,nan,nan,nan,nan,nan,nan
Rejected Runs,0.7959390252113838,0.9953634907269816,0.9999112664891996,0.9999999333332001,1.0000020000039997,1.0000020000039997,1.0000020000039997,1.0000020000039997,1.0000020000039997
Rejected Standard Deviations,0.0015298247769619962,0.01864411830910418,0.05105442629881373,nan,nan,nan,nan,nan,nan
