Probability,0.206913808
Fidelity averages,0.5227830880251765,0.2199408752371271,0.11899142331152207,nan,nan,nan,nan,nan,nan
Fidelity Standard Deviations,0.0015298247769620075,0.018644118309104177,0.05105442629881374,nan,nan,nan,nan,nan,nan
Rejected Runs,0.7959374333333334,0.9953614999999999,0.9999092666666667,0.9999979333333333,1.0,1.0,1.0,1.0,1.0
Rejected Standard Deviations,0.0003975827530911812,0.00022596633230048815,1.3983164480502404e-05,1.7688665548443133e-06,0.0,0.0,0.0,0.0,0.0
