Probability,0.206913808
Fidelity averages,0.5227830880251765,0.027112558368387763,0.00258324641944042,0.002438252743169191,0.00750326213044415,0.00754108036067368,0.00695571225136494,0.02519449464070375,0.017409595188783718
Fidelity Standard Deviations,0.0015298247769620075,0.0022391973326002573,0.0014103571309411623,0.0013100659197783054,0.0034770022133714033,0.003587660336235908,0.004229101073381409,0.012354764565074243,0.008621512017979697
Rejected Runs,0.7959374333333334,0.8877040333333334,0.8889209000000002,0.8888539666666667,0.9855655666666665,0.9876590666666666,0.9876230333333335,0.9983988666666667,0.9986284999999999
Rejected Standard Deviations,0.0003975827530911812,0.00032512699911811996,0.00035256728435860874,0.00030121027907796267,0.0002499950243949319,9.722445965679597e-05,8.237049768508665e-05,5.1199435760776e-05,3.3617207895162836e-05
