Probability,0.206913808
Fidelity averages,0.5227830880251765,0.027112558368387767,0.00258324641944042,0.002438252743169191,0.00750326213044415,0.00754108036067368,0.0069557122513649395,0.02519449464070375,0.017409595188783714
Fidelity Standard Deviations,0.0015298247769619962,0.002239197332600257,0.0014103571309411623,0.0013100659197783054,0.003477002213371403,0.003587660336235908,0.004229101073381409,0.012354764565074245,0.008621512017979699
Rejected Runs,0.7959390252113838,0.8877058087449508,0.8889226778453558,0.8888557443781554,0.9855675378017422,0.9876610419887508,0.9876250085833506,0.9984008634683936,0.9986304972609944
Rejected Standard Deviations,0.0015298247769619962,0.002239197332600257,0.0014103571309411623,0.0013100659197783054,0.003477002213371403,0.003587660336235908,0.004229101073381409,0.012354764565074245,0.008621512017979699
