Probability,0.206913808
Fidelity averages,0.5227830880251765,0.027112558368387763,0.00258324641944042,0.002438252743169191,0.0033199899078945705,0.007646384989489432,0.00784377058292823,0.008891403951768528,0.024362769830290718
Fidelity Standard Deviations,0.0015298247769620075,0.0022391973326002573,0.0014103571309411623,0.0013100659197783054,0.0013512563119183723,0.00454136056995329,0.004597977025783527,0.004384839564539445,0.01169629741069513
Rejected Runs,0.7959374333333334,0.8877040333333334,0.8889209000000002,0.8888539666666667,0.8888351,0.9876471666666666,0.9876339666666667,0.9876544000000002,0.9983982333333334
Rejected Standard Deviations,0.0003975827530911812,0.00032512699911811996,0.00035256728435860874,0.00030121027907796267,0.00022886784396240406,0.00010472824621636913,0.0001001780026863279,0.00011966943357989067,3.9826024434059717e-05
