Probability,0.206913808
Fidelity averages,0.5227830880251765,0.027112558368387767,0.00258324641944042,0.002438252743169191,0.0033199899078945696,0.007646384989489432,0.00784377058292823,0.008891403951768528,0.024362769830290714
Fidelity Standard Deviations,0.0015298247769619962,0.002239197332600257,0.0014103571309411623,0.0013100659197783054,0.0013512563119183723,0.00454136056995329,0.004597977025783528,0.004384839564539446,0.01169629741069513
Rejected Runs,0.7959390252113838,0.8877058087449508,0.8889226778453558,0.8888557443781554,0.8888368776737553,0.9876491419649508,0.9876359419385505,0.9876563753127507,0.9984002301337934
Rejected Standard Deviations,0.0015298247769619962,0.002239197332600257,0.0014103571309411623,0.0013100659197783054,0.0013512563119183723,0.00454136056995329,0.004597977025783528,0.004384839564539446,0.01169629741069513
