Probability,0.206913808
Fidelity averages,0.5227830880251765,0.027112558368387767,0.00258324641944042,0.002438252743169191,0.0033199899078945696,0.007710417363444922,0.009049332942177133,0.007349645423851375,0.007880888898384116
Fidelity Standard Deviations,0.0015298247769619962,0.002239197332600257,0.0014103571309411623,0.0013100659197783054,0.0013512563119183723,0.0038363883870017167,0.004588524125155707,0.003801138574182598,0.0034384682390604594
Rejected Runs,0.7959390252113838,0.8877058087449508,0.8889226778453558,0.8888557443781554,0.8888368776737553,0.9876469752939507,0.9876884420435507,0.9876787753575508,0.9876696420059506
Rejected Standard Deviations,0.0015298247769619962,0.002239197332600257,0.0014103571309411623,0.0013100659197783054,0.0013512563119183723,0.0038363883870017167,0.004588524125155707,0.003801138574182598,0.0034384682390604594
