Probability,0.206913808
Fidelity averages,0.5227830880251765,0.027112558368387763,0.00258324641944042,0.002438252743169191,0.0033199899078945705,0.007710417363444923,0.009049332942177133,0.007349645423851374,0.007880888898384116
Fidelity Standard Deviations,0.0015298247769620075,0.0022391973326002573,0.0014103571309411623,0.0013100659197783054,0.0013512563119183723,0.003836388387001716,0.004588524125155707,0.003801138574182598,0.0034384682390604594
Rejected Runs,0.7959374333333334,0.8877040333333334,0.8889209000000002,0.8888539666666667,0.8888351,0.9876450000000002,0.9876864666666665,0.9876767999999999,0.9876676666666667
Rejected Standard Deviations,0.0003975827530911812,0.00032512699911811996,0.00035256728435860874,0.00030121027907796267,0.00022886784396240406,0.00011778681307061337,0.00011747985170043608,9.521953581067168e-05,8.339117992263792e-05
