Probability,0.206913808
Fidelity averages,0.5227830880251765,0.027112558368387763,0.00258324641944042,0.002438252743169191,0.0033199899078945705,0.007452799385138758,0.007250629760048074,0.006333484705145177,0.008872914939652237
Fidelity Standard Deviations,0.0015298247769620075,0.0022391973326002573,0.0014103571309411623,0.0013100659197783054,0.0013512563119183723,0.0039018771416701858,0.00454271523518719,0.0026391914457264943,0.004393512753376888
Rejected Runs,0.7959374333333334,0.8877040333333334,0.8889209000000002,0.8888539666666667,0.8888351,0.9873938,0.9876471333333334,0.9876466333333332,0.9876572333333333
Rejected Standard Deviations,0.0003975827530911812,0.00032512699911811996,0.00035256728435860874,0.00030121027907796267,0.00022886784396240406,0.00012531358000365572,0.00013657738547146896,0.0001049283829836191,9.162921052929827e-05
