Probability,0.206913808
Fidelity averages,0.5227830880251765,0.027112558368387767,0.00258324641944042,0.002438252743169191,0.0033199899078945696,0.007452799385138756,0.007250629760048074,0.006333484705145177,0.008872914939652237
Fidelity Standard Deviations,0.0015298247769619962,0.002239197332600257,0.0014103571309411623,0.0013100659197783054,0.0013512563119183723,0.0039018771416701853,0.004542715235187189,0.002639191445726494,0.004393512753376888
Rejected Runs,0.7959390252113838,0.8877058087449508,0.8889226778453558,0.8888557443781554,0.8888368776737553,0.9873957747915496,0.9876491086315506,0.9876486086305505,0.9876592086517507
Rejected Standard Deviations,0.0015298247769619962,0.002239197332600257,0.0014103571309411623,0.0013100659197783054,0.0013512563119183723,0.0039018771416701853,0.004542715235187189,0.002639191445726494,0.004393512753376888
