Probability,0.206913808
Fidelity averages,0.5227830880251765,0.027112558368387763,0.00258324641944042,0.002438252743169191,0.0033199899078945705,0.006352479584972983,0.009668526498731232,0.0066494788088203366,0.008367209093717834
Fidelity Standard Deviations,0.0015298247769620075,0.0022391973326002573,0.0014103571309411623,0.0013100659197783054,0.0013512563119183723,0.002966679819269387,0.00478605046445623,0.005127869070676187,0.005267047703229177
Rejected Runs,0.7959374333333334,0.8877040333333334,0.8889209000000002,0.8888539666666667,0.8888351,0.9855434,0.9876554333333333,0.9876578333333336,0.9876638
Rejected Standard Deviations,0.0003975827530911812,0.00032512699911811996,0.00035256728435860874,0.00030121027907796267,0.00022886784396240406,0.0002767358066218959,9.778059907547036e-05,0.0001141256860755857,8.968217957506121e-05
