Probability,0.206913808
Fidelity averages,0.5227830880251765,0.027112558368387767,0.00258324641944042,0.002438252743169191,0.0033199899078945696,0.0063524795849729835,0.009668526498731232,0.006649478808820338,0.008367209093717834
Fidelity Standard Deviations,0.0015298247769619962,0.002239197332600257,0.0014103571309411623,0.0013100659197783054,0.0013512563119183723,0.002966679819269387,0.0047860504644562304,0.005127869070676187,0.005267047703229177
Rejected Runs,0.7959390252113838,0.8877058087449508,0.8889226778453558,0.8888557443781554,0.8888368776737553,0.9855453710907423,0.9876574086481507,0.9876598086529506,0.9876657753315506
Rejected Standard Deviations,0.0015298247769619962,0.002239197332600257,0.0014103571309411623,0.0013100659197783054,0.0013512563119183723,0.002966679819269387,0.0047860504644562304,0.005127869070676187,0.005267047703229177
