Probability,0.206913808
Fidelity averages,0.5227830880251765,0.027112558368387763,0.00258324641944042,0.002438252743169191,0.0033199899078945705,0.002666763182923146,0.00814776809789002,0.00858295179397139,0.007753663043435445
Fidelity Standard Deviations,0.0015298247769620075,0.0022391973326002573,0.0014103571309411623,0.0013100659197783054,0.0013512563119183723,0.000871850883697845,0.004043867339186671,0.0040761803378540785,0.003751443639826271
Rejected Runs,0.7959374333333334,0.8877040333333334,0.8889209000000002,0.8888539666666667,0.8888351,0.8888612000000001,0.9876708000000001,0.9876214666666667,0.9876627333333334
Rejected Standard Deviations,0.0003975827530911812,0.00032512699911811996,0.00035256728435860874,0.00030121027907796267,0.00022886784396240406,0.0002998962487261145,0.00012432066065890627,0.00012744429720033319,0.00010657765035670281
