Probability,0.206913808
Fidelity averages,0.5227830880251765,0.027112558368387763,0.00258324641944042,0.002438252743169191,0.0033199899078945705,0.002666763182923146,0.007806202821295993,0.007674355996888055,0.008063993842195487
Fidelity Standard Deviations,0.0015298247769620075,0.0022391973326002573,0.0014103571309411623,0.0013100659197783054,0.0013512563119183723,0.000871850883697845,0.004780551195166749,0.003804724625554576,0.004479861412914844
Rejected Runs,0.7959374333333334,0.8877040333333334,0.8889209000000002,0.8888539666666667,0.8888351,0.8888612000000001,0.9876055000000001,0.9876231999999999,0.9876778999999999
Rejected Standard Deviations,0.0003975827530911812,0.00032512699911811996,0.00035256728435860874,0.00030121027907796267,0.00022886784396240406,0.0002998962487261145,0.00010187991296946526,0.00010290008098473448,0.00011763852826916143
