Probability,0.206913808
Fidelity averages,0.5227830880251765,0.027112558368387767,0.00258324641944042,0.002438252743169191,0.0033199899078945696,0.0026667631829231458,0.007948916747270779,0.007529441226844234,0.008307554510076335
Fidelity Standard Deviations,0.0015298247769619962,0.002239197332600257,0.0014103571309411623,0.0013100659197783054,0.0013512563119183723,0.0008718508836978449,0.004168649833245707,0.004406910889427347,0.00438685564162206
Rejected Runs,0.7959390252113838,0.8877058087449508,0.8889226778453558,0.8888557443781554,0.8888368776737553,0.8888629777259553,0.9874152081637496,0.9876781420229507,0.9876672420011506
Rejected Standard Deviations,0.0015298247769619962,0.002239197332600257,0.0014103571309411623,0.0013100659197783054,0.0013512563119183723,0.0008718508836978449,0.004168649833245707,0.004406910889427347,0.00438685564162206
