Probability,0.206913808
Fidelity averages,0.5227830880251765,0.027112558368387767,0.00258324641944042,0.002438252743169191,0.0033199899078945696,0.0026667631829231458,0.007784500558461104,0.007940955019820747,0.008621713778896116
Fidelity Standard Deviations,0.0015298247769619962,0.002239197332600257,0.0014103571309411623,0.0013100659197783054,0.0013512563119183723,0.0008718508836978449,0.0035224869784532945,0.004507586954399204,0.003238852182251536
Rejected Runs,0.7959390252113838,0.8877058087449508,0.8889226778453558,0.8888557443781554,0.8888368776737553,0.8888629777259553,0.9855230710461421,0.9876190752381506,0.9876529086391506
Rejected Standard Deviations,0.0015298247769619962,0.002239197332600257,0.0014103571309411623,0.0013100659197783054,0.0013512563119183723,0.0008718508836978449,0.0035224869784532945,0.004507586954399204,0.003238852182251536
