Probability,0.206913808
Fidelity averages,0.5227830880251765,0.027112558368387763,0.00258324641944042,0.002438252743169191,0.0033199899078945705,0.002666763182923146,0.007784500558461104,0.007940955019820747,0.008621713778896116
Fidelity Standard Deviations,0.0015298247769620075,0.0022391973326002573,0.0014103571309411623,0.0013100659197783054,0.0013512563119183723,0.000871850883697845,0.0035224869784532945,0.004507586954399204,0.003238852182251536
Rejected Runs,0.7959374333333334,0.8877040333333334,0.8889209000000002,0.8888539666666667,0.8888351,0.8888612000000001,0.9855210999999998,0.9876170999999999,0.9876509333333333
Rejected Standard Deviations,0.0003975827530911812,0.00032512699911811996,0.00035256728435860874,0.00030121027907796267,0.00022886784396240406,0.0002998962487261145,0.0002554377093017506,0.00010732391780647938,0.0001424527836005921
