Probability,0.206913808
Fidelity averages,0.5227830880251765,0.09981015286242928,0.02496183827108085,0.06508995906786665,0.6009162330290649,nan,nan,nan,nan
Fidelity Standard Deviations,0.0015298247769619962,0.011635020565567956,0.010512933293079884,0.033065995907815865,0.29895133902423093,nan,nan,nan,nan
Rejected Runs,0.7959390252113838,0.9836188005709344,0.9981736630139925,0.9997977995955994,0.9999990333314001,1.0000019333371999,1.0000020000039997,1.0000020000039997,1.0000020000039997
Rejected Standard Deviations,0.0015298247769619962,0.011635020565567956,0.010512933293079884,0.033065995907815865,0.29895133902423093,nan,nan,nan,nan
