Probability,0.206913808
Fidelity averages,0.5227830880251765,0.0998101528624293,0.024961838271080845,0.06508995906786662,0.6009162330290649,nan,nan,nan,nan
Fidelity Standard Deviations,0.0015298247769620075,0.011635020565567956,0.010512933293079884,0.033065995907815865,0.29895133902423093,nan,nan,nan,nan
Rejected Runs,0.7959374333333334,0.9836168333333332,0.9981716666666666,0.9997957999999998,0.9999970333333333,0.9999999333333333,1.0,1.0,1.0
Rejected Standard Deviations,0.0003975827530911812,0.00031092079198549196,5.769594632401354e-05,1.787437644600679e-05,1.5595583420410607e-06,2.494438257921024e-07,0.0,0.0,0.0
