Probability,0.206913808
Fidelity averages,0.5227830880251765,0.027112558368387763,0.00258324641944042,0.002438252743169191,0.0033199899078945705,0.002666763182923146,0.0026032303165946084,0.00781712409666124,0.007447301062850901
Fidelity Standard Deviations,0.0015298247769620075,0.0022391973326002573,0.0014103571309411623,0.0013100659197783054,0.0013512563119183723,0.000871850883697845,0.0013752999707553205,0.004171187774347996,0.003407586126880042
Rejected Runs,0.7959374333333334,0.8877040333333334,0.8889209000000002,0.8888539666666667,0.8888351,0.8888612000000001,0.8889365999999999,0.9855999666666667,0.9876376
Rejected Standard Deviations,0.0003975827530911812,0.00032512699911811996,0.00035256728435860874,0.00030121027907796267,0.00022886784396240406,0.0002998962487261145,0.0003304468288040684,0.0002446342144690448,0.00010728640796174752
