Probability,0.206913808
Fidelity averages,0.5227830880251765,0.027112558368387763,0.008491946872532716,0.02121313900044024,0.06546457289867805,0.19033527669747885,nan,nan,nan
Fidelity Standard Deviations,0.0015298247769620075,0.0022391973326002573,0.004194796973601623,0.008843044452452799,0.02451784184852466,0.09095697146781151,nan,nan,nan
Rejected Runs,0.7959374333333334,0.8877040333333334,0.9872906999999997,0.9983848333333334,0.9998454,0.9999815999999999,0.9999998666666666,0.9999998333333333,0.9999999666666667
Rejected Standard Deviations,0.0003975827530911812,0.00032512699911811996,0.00010962850906583892,4.699580359515574e-05,1.4060820270048848e-05,3.878143885937133e-06,4.2687494915828205e-07,3.7267799626068155e-07,1.795054935763119e-07
