Probability,0.206913808
Fidelity averages,0.5227830880251765,0.027112558368387767,0.008491946872532716,0.02121313900044024,0.06546457289867805,0.19033527669747885,nan,nan,nan
Fidelity Standard Deviations,0.0015298247769619962,0.002239197332600257,0.004194796973601624,0.008843044452452799,0.02451784184852466,0.09095697146781151,nan,nan,nan
Rejected Runs,0.7959390252113838,0.8877058087449508,0.987292674585349,0.9983868301069935,0.9998473996947994,0.9999835999671999,1.0000018666703998,1.0000018333369998,1.0000019666705997
Rejected Standard Deviations,0.0015298247769619962,0.002239197332600257,0.004194796973601624,0.008843044452452799,0.02451784184852466,0.09095697146781151,nan,nan,nan
