Probability,0.206913808
Fidelity averages,0.5227830880251765,0.027112558368387767,0.0072000004198555945,0.008382473210651503,0.020057804682726048,0.06524713538243158,0.2360056309325605,nan,nan
Fidelity Standard Deviations,0.0015298247769619962,0.002239197332600257,0.0026648532651943895,0.0044672781081823085,0.013170069137504454,0.03602357402736695,0.12478751214233308,nan,nan
Rejected Runs,0.7959390252113838,0.8877058087449508,0.9855342710685423,0.9876234752469505,0.9986210972421946,0.9998536997073995,0.9999844999689997,0.9999998333329999,1.0000003000006
Rejected Standard Deviations,0.0015298247769619962,0.002239197332600257,0.0026648532651943895,0.0044672781081823085,0.013170069137504454,0.03602357402736695,0.12478751214233308,nan,nan
