Probability,0.206913808
Fidelity averages,0.5227830880251765,0.027112558368387763,0.007200000419855594,0.008382473210651503,0.020057804682726048,0.0652471353824316,0.2360056309325605,nan,nan
Fidelity Standard Deviations,0.0015298247769620075,0.0022391973326002573,0.002664853265194389,0.0044672781081823085,0.013170069137504454,0.03602357402736695,0.12478751214233308,nan,nan
Rejected Runs,0.7959374333333334,0.8877040333333334,0.9855323000000001,0.9876215,0.9986190999999999,0.9998516999999999,0.9999824999999999,0.9999978333333335,0.9999983
Rejected Standard Deviations,0.0003975827530911812,0.00032512699911811996,0.0002783723106441022,0.0001089463935459431,3.4914514651265775e-05,1.2152228876500184e-05,3.896579696782972e-06,1.3924399049347999e-06,1.4866068747310348e-06
