Probability,0.206913808
Fidelity averages,0.5227830880251765,0.027112558368387763,0.00258324641944042,0.008594566791773733,0.019625809343470312,0.02474392308173268,0.08683047742698223,0.22342903158013455,0.18447754396089275
Fidelity Standard Deviations,0.0015298247769620075,0.0022391973326002573,0.0014103571309411623,0.0038854185086845687,0.008869550211298895,0.014126731490403896,0.035458949020260665,0.11387719936630143,0.09538448811429363
Rejected Runs,0.7959374333333334,0.8877040333333334,0.8889209000000002,0.9873896333333332,0.9983985666666666,0.9986224333333334,0.9998504333333332,0.9999802000000001,0.9999829666666665
Rejected Standard Deviations,0.0003975827530911812,0.00032512699911811996,0.00035256728435860874,9.37359708021473e-05,5.719188947937996e-05,3.747682246698473e-05,1.2763707228788378e-05,3.590728802543383e-06,3.772561758561737e-06
