Probability,0.206913808
Fidelity averages,0.5227830880251765,0.027112558368387767,0.00258324641944042,0.008594566791773733,0.019625809343470316,0.02474392308173268,0.08683047742698223,0.22342903158013455,0.18447754396089275
Fidelity Standard Deviations,0.0015298247769619962,0.002239197332600257,0.0014103571309411623,0.0038854185086845687,0.008869550211298895,0.014126731490403896,0.035458949020260665,0.11387719936630142,0.09538448811429363
Rejected Runs,0.7959390252113838,0.8877058087449508,0.8889226778453558,0.9873916081165496,0.9984005634677936,0.9986244305821944,0.9998524330381995,0.9999821999644,0.9999849666366
Rejected Standard Deviations,0.0015298247769619962,0.002239197332600257,0.0014103571309411623,0.0038854185086845687,0.008869550211298895,0.014126731490403896,0.035458949020260665,0.11387719936630142,0.09538448811429363
