Probability,0.206913808
Fidelity averages,0.5227830880251765,0.027112558368387763,0.00258324641944042,0.008320390845723707,0.007577844160079265,0.025690231006142004,0.06549522905914813,0.07946830684053155,0.07237129106205867
Fidelity Standard Deviations,0.0015298247769620075,0.0022391973326002573,0.0014103571309411623,0.004115036811825515,0.004743072777196582,0.013877920845733159,0.027887186711209506,0.032182925777629226,0.042134258002499266
Rejected Runs,0.7959374333333334,0.8877040333333334,0.8889209000000002,0.9856152000000001,0.9876348333333332,0.9986295000000001,0.9998202,0.9998496666666667,0.9998483
Rejected Standard Deviations,0.0003975827530911812,0.00032512699911811996,0.00035256728435860874,0.0002508801041666508,9.021865414401505e-05,3.0110629352436866e-05,1.2700131232918665e-05,8.295915996577611e-06,1.2304877081871897e-05
