Probability,0.206913808
Fidelity averages,0.5227830880251765,0.027112558368387767,0.00258324641944042,0.008320390845723709,0.007577844160079267,0.025690231006142004,0.06549522905914813,0.07946830684053154,0.07237129106205867
Fidelity Standard Deviations,0.0015298247769619962,0.002239197332600257,0.0014103571309411623,0.004115036811825515,0.004743072777196583,0.013877920845733157,0.02788718671120951,0.03218292577762923,0.04213425800249927
Rejected Runs,0.7959390252113838,0.8877058087449508,0.8889226778453558,0.9856171712343424,0.9876368086069505,0.9986314972629946,0.9998221996443992,0.9998516663699992,0.9998502997005992
Rejected Standard Deviations,0.0015298247769619962,0.002239197332600257,0.0014103571309411623,0.004115036811825515,0.004743072777196583,0.013877920845733157,0.02788718671120951,0.03218292577762923,0.04213425800249927
