Probability,0.206913808
Fidelity averages,0.5227830880251765,0.027112558368387767,0.00258324641944042,0.002438252743169191,0.008305701675720634,0.02308294299596374,0.02698451843435577,0.027736062769428582,0.07095474790613529
Fidelity Standard Deviations,0.0015298247769619962,0.002239197332600257,0.0014103571309411623,0.0013100659197783054,0.004564048238562097,0.012581002194100039,0.012883529086524449,0.013714950874886117,0.035247080856819143
Rejected Runs,0.7959390252113838,0.8877058087449508,0.8889226778453558,0.8888557443781554,0.9876693086719507,0.9983964634595937,0.9986262972525946,0.9986359639385946,0.9998445330223994
Rejected Standard Deviations,0.0015298247769619962,0.002239197332600257,0.0014103571309411623,0.0013100659197783054,0.004564048238562097,0.012581002194100039,0.012883529086524449,0.013714950874886117,0.035247080856819143
