Probability,0.206913808
Fidelity averages,0.5227830880251765,0.027112558368387763,0.00258324641944042,0.002438252743169191,0.008305701675720634,0.023082942995963737,0.02698451843435577,0.027736062769428586,0.0709547479061353
Fidelity Standard Deviations,0.0015298247769620075,0.0022391973326002573,0.0014103571309411623,0.0013100659197783054,0.004564048238562097,0.012581002194100039,0.012883529086524449,0.013714950874886117,0.035247080856819143
Rejected Runs,0.7959374333333334,0.8877040333333334,0.8889209000000002,0.8888539666666667,0.9876673333333333,0.9983944666666666,0.9986242999999999,0.9986339666666667,0.9998425333333334
Rejected Standard Deviations,0.0003975827530911812,0.00032512699911811996,0.00035256728435860874,0.00030121027907796267,8.797550164044762e-05,4.8026196555175955e-05,4.068017535196593e-05,3.5228287245080005e-05,9.670344128078105e-06
