Probability,0.206913808
Fidelity averages,0.5227830880251765,0.027112558368387763,0.00258324641944042,0.002438252743169191,0.007465565525830454,0.007816587552269934,0.02938667289606712,0.02005017152837821,0.024786952657286414
Fidelity Standard Deviations,0.0015298247769620075,0.0022391973326002573,0.0014103571309411623,0.0013100659197783054,0.004490208844404738,0.0047756075765845885,0.015888777722576207,0.010595624368314956,0.011041672344987619
Rejected Runs,0.7959374333333334,0.8877040333333334,0.8889209000000002,0.8888539666666667,0.9875976000000001,0.9876317666666667,0.9986116333333334,0.9986181666666666,0.9986289
Rejected Standard Deviations,0.0003975827530911812,0.00032512699911811996,0.00035256728435860874,0.00030121027907796267,9.215443559591062e-05,9.220617598019979e-05,4.1677718534282754e-05,4.8170588075662055e-05,4.06819779918956e-05
