Probability,0.206913808
Fidelity averages,0.5227830880251765,0.027112558368387767,0.00258324641944042,0.002438252743169191,0.007465565525830454,0.007816587552269934,0.02938667289606712,0.02005017152837821,0.02478695265728641
Fidelity Standard Deviations,0.0015298247769619962,0.002239197332600257,0.0014103571309411623,0.0013100659197783054,0.004490208844404738,0.004775607576584588,0.015888777722576207,0.010595624368314955,0.011041672344987619
Rejected Runs,0.7959390252113838,0.8877058087449508,0.8889226778453558,0.8888557443781554,0.9875995751991504,0.9876337419341504,0.9986136305605945,0.9986201639069943,0.9986308972617944
Rejected Standard Deviations,0.0015298247769619962,0.002239197332600257,0.0014103571309411623,0.0013100659197783054,0.004490208844404738,0.004775607576584588,0.015888777722576207,0.010595624368314955,0.011041672344987619
