Probability,0.206913808
Fidelity averages,0.5227830880251765,0.027112558368387767,0.00258324641944042,0.002438252743169191,0.00854056380567241,0.007999866987898263,0.02469029710265269,0.026083434370506465,0.025590577080591145
Fidelity Standard Deviations,0.0015298247769619962,0.002239197332600257,0.0014103571309411623,0.0013100659197783054,0.004603271629122193,0.004219664298837025,0.013287610143682895,0.012493190444277656,0.013137765422264476
Rejected Runs,0.7959390252113838,0.8877058087449508,0.8889226778453558,0.8888557443781554,0.9874169415005495,0.9876342752685505,0.9983806634279936,0.9986204305741944,0.9986393306119947
Rejected Standard Deviations,0.0015298247769619962,0.002239197332600257,0.0014103571309411623,0.0013100659197783054,0.004603271629122193,0.004219664298837025,0.013287610143682895,0.012493190444277656,0.013137765422264476
