Probability,0.206913808
Fidelity averages,0.5227830880251765,0.027112558368387763,0.00258324641944042,0.002438252743169191,0.00854056380567241,0.007999866987898263,0.02469029710265269,0.026083434370506465,0.025590577080591145
Fidelity Standard Deviations,0.0015298247769620075,0.0022391973326002573,0.0014103571309411623,0.0013100659197783054,0.004603271629122193,0.004219664298837025,0.013287610143682895,0.012493190444277658,0.013137765422264476
Rejected Runs,0.7959374333333334,0.8877040333333334,0.8889209000000002,0.8888539666666667,0.9874149666666666,0.9876323,0.9983786666666667,0.9986184333333334,0.9986373333333333
Rejected Standard Deviations,0.0003975827530911812,0.00032512699911811996,0.00035256728435860874,0.00030121027907796267,9.30632341773883e-05,0.00011184696389858923,4.8879670848141846e-05,3.275737406379728e-05,3.760791878788504e-05
