Probability,0.1
Fidelity averages,0.8480718566824437,0.7717564312395812,0.7131766653203897,0.6603595331728987,0.5805222854913343,nan,nan,nan,nan
Fidelity Standard Deviations,0.0007003031706862854,0.005650338194862409,0.010080655520977897,0.02862322303231632,0.1913219828467126,nan,nan,nan,nan
Rejected Runs,0.5825633651267302,0.9469417938835876,0.9934085534837735,0.9991811983623968,0.9999883333099999,1.0000018000035997,1.0000020000039997,1.0000020000039997,1.0000020000039997
Rejected Standard Deviations,0.0007003031706862854,0.005650338194862409,0.010080655520977897,0.02862322303231632,0.1913219828467126,nan,nan,nan,nan
