Probability,0.1
Fidelity averages,0.8480718566824437,0.7717564312395812,0.7131766653203897,0.6603595331728989,0.5805222854913343,nan,nan,nan,nan
Fidelity Standard Deviations,0.000700303170686284,0.005650338194862398,0.010080655520977894,0.028623223032316323,0.19132198284671262,nan,nan,nan,nan
Rejected Runs,0.5825621999999999,0.9469399000000001,0.9934065666666666,0.9991791999999999,0.9999863333333334,0.9999997999999999,1.0,1.0,1.0
Rejected Standard Deviations,0.00039398184391331033,0.0018013310143705804,0.0005789587022309043,9.264246686411731e-05,3.21800490297618e-06,4.760952285692222e-07,0.0,0.0,0.0
