Probability,0.1
Fidelity averages,0.8480718566824437,0.4141138234935886,0.10697332381726156,0.0245844386458609,0.005733127490778774,0.007887543679222222,0.009778113564993828,0.015734553439374594,0.021636039204188513
Fidelity Standard Deviations,0.000700303170686284,0.00998667545803379,0.00848521898669528,0.002526006150172339,0.0026522198164595978,0.0034183117789840416,0.005352135366320753,0.00708504247911906,0.011372819524800135
Rejected Runs,0.5825621999999999,0.8466975000000001,0.8829991,0.8880349333333335,0.9712399333333332,0.9873293,0.9876395333333333,0.9967874666666666,0.9983716666666667
Rejected Standard Deviations,0.00039398184391331033,0.0018619181283468602,0.0007601500005481418,0.00031851854298020095,0.000408457336273388,0.00010001971472331107,0.0001168559607189784,6.831189907736099e-05,4.1010025874442585e-05
