Probability,0.1
Fidelity averages,0.8480718566824437,0.41411382349358866,0.10697332381726156,0.0245844386458609,0.005733127490778773,0.007887543679222222,0.009778113564993828,0.015734553439374594,0.021636039204188513
Fidelity Standard Deviations,0.0007003031706862854,0.009986675458033804,0.008485218986695284,0.002526006150172339,0.0026522198164595978,0.0034183117789840416,0.005352135366320753,0.007085042479119059,0.011372819524800135
Rejected Runs,0.5825633651267302,0.8466991933983866,0.8830008660017318,0.888036709406752,0.9712418758170849,0.9873312746625493,0.9876415086163507,0.9967894602455871,0.9983736634139933
Rejected Standard Deviations,0.0007003031706862854,0.009986675458033804,0.008485218986695284,0.002526006150172339,0.0026522198164595978,0.0034183117789840416,0.005352135366320753,0.007085042479119059,0.011372819524800135
