Probability,0.1
Fidelity averages,0.8480718566824437,0.41411382349358866,0.10697332381726156,0.0245844386458609,0.0026893563042978117,0.008953412459168818,0.007635993070531849,0.007314606824329442,0.015857226584682603
Fidelity Standard Deviations,0.0007003031706862854,0.009986675458033804,0.008485218986695284,0.002526006150172339,0.001161028769434544,0.0036959083769798427,0.003870331697072765,0.003735910056581472,0.006086949094389741
Rejected Runs,0.5825633651267302,0.8466991933983866,0.8830008660017318,0.888036709406752,0.8888044776089552,0.9868005402677472,0.9876539753079506,0.9876520086373508,0.9968048602763874
Rejected Standard Deviations,0.0007003031706862854,0.009986675458033804,0.008485218986695284,0.002526006150172339,0.001161028769434544,0.0036959083769798427,0.003870331697072765,0.003735910056581472,0.006086949094389741
