Probability,0.1
Fidelity averages,0.8480718566824437,0.4141138234935886,0.10697332381726156,0.0245844386458609,0.0026893563042978117,0.008953412459168818,0.007635993070531849,0.007314606824329442,0.015857226584682603
Fidelity Standard Deviations,0.000700303170686284,0.00998667545803379,0.00848521898669528,0.002526006150172339,0.001161028769434544,0.0036959083769798427,0.003870331697072765,0.0037359100565814724,0.006086949094389741
Rejected Runs,0.5825621999999999,0.8466975000000001,0.8829991,0.8880349333333335,0.8888027,0.9867985666666669,0.987652,0.9876500333333333,0.9968028666666666
Rejected Standard Deviations,0.00039398184391331033,0.0018619181283468602,0.0007601500005481418,0.00031851854298020095,0.0003390103390753726,0.00012572050570831792,0.0001230401018638601,0.00010919111176689243,6.260017749354119e-05
