Probability,0.1
Fidelity averages,0.8480718566824437,0.41411382349358866,0.10697332381726156,0.0245844386458609,0.0026893563042978117,0.008067337732934306,0.007119035179919736,0.00929261098747321,0.0076817902391984935
Fidelity Standard Deviations,0.0007003031706862854,0.009986675458033804,0.008485218986695284,0.002526006150172339,0.001161028769434544,0.004188004575120487,0.003890127246917771,0.0038513927733848418,0.004068975395361694
Rejected Runs,0.5825633651267302,0.8466991933983866,0.8830008660017318,0.888036709406752,0.8888044776089552,0.9853863041059415,0.9876075752151504,0.9876221085775504,0.9876636753273508
Rejected Standard Deviations,0.0007003031706862854,0.009986675458033804,0.008485218986695284,0.002526006150172339,0.001161028769434544,0.004188004575120487,0.003890127246917771,0.0038513927733848418,0.004068975395361694
