Probability,0.1
Fidelity averages,0.8480718566824437,0.4141138234935886,0.10697332381726156,0.0245844386458609,0.0026893563042978117,0.008067337732934306,0.007119035179919736,0.00929261098747321,0.0076817902391984935
Fidelity Standard Deviations,0.000700303170686284,0.00998667545803379,0.00848521898669528,0.002526006150172339,0.001161028769434544,0.004188004575120488,0.003890127246917771,0.0038513927733848418,0.004068975395361695
Rejected Runs,0.5825621999999999,0.8466975000000001,0.8829991,0.8880349333333335,0.8888027,0.9853843333333334,0.9876056,0.9876201333333333,0.9876617
Rejected Standard Deviations,0.00039398184391331033,0.0018619181283468602,0.0007601500005481418,0.00031851854298020095,0.0003390103390753726,0.00013533152708154026,9.92728898877663e-05,8.998101034230287e-05,9.414816337382053e-05
