Probability,0.1
Fidelity averages,0.8480718566824437,0.4141138234935886,0.10697332381726156,0.0245844386458609,0.0026893563042978117,0.00714748144115153,0.008251202153837827,0.008659108008393224,0.007834095543958664
Fidelity Standard Deviations,0.000700303170686284,0.00998667545803379,0.00848521898669528,0.002526006150172339,0.001161028769434544,0.0034124234230915444,0.00427622587803274,0.004205080924843087,0.003965984030100893
Rejected Runs,0.5825621999999999,0.8466975000000001,0.8829991,0.8880349333333335,0.8888027,0.9815412,0.9875130000000001,0.9876164,0.9876650666666666
Rejected Standard Deviations,0.00039398184391331033,0.0018619181283468602,0.0007601500005481418,0.00031851854298020095,0.0003390103390753726,0.0002559771343955067,9.038915864195822e-05,0.00011303556962301465,0.00010703797872199517
