Probability,0.1
Fidelity averages,0.8480718566824437,0.41411382349358866,0.10697332381726156,0.0245844386458609,0.0026893563042978117,0.00714748144115153,0.008251202153837827,0.008659108008393224,0.007834095543958664
Fidelity Standard Deviations,0.0007003031706862854,0.009986675458033804,0.008485218986695284,0.002526006150172339,0.001161028769434544,0.0034124234230915444,0.004276225878032741,0.004205080924843086,0.003965984030100892
Rejected Runs,0.5825633651267302,0.8466991933983866,0.8830008660017318,0.888036709406752,0.8888044776089552,0.9815431630863262,0.9875149750299499,0.9876183752367502,0.9876670420007508
Rejected Standard Deviations,0.0007003031706862854,0.009986675458033804,0.008485218986695284,0.002526006150172339,0.001161028769434544,0.0034124234230915444,0.004276225878032741,0.004205080924843086,0.003965984030100892
