Probability,0.1
Fidelity averages,0.8480718566824437,0.41411382349358866,0.10697332381726156,0.0245844386458609,0.0026893563042978117,0.004556209596289698,0.007298665158952017,0.007293338861066245,0.00741899232642661
Fidelity Standard Deviations,0.0007003031706862854,0.009986675458033804,0.008485218986695284,0.002526006150172339,0.001161028769434544,0.002079417258175543,0.003598855062647173,0.004722163803760891,0.0033676613198411662
Rejected Runs,0.5825633651267302,0.8466991933983866,0.8830008660017318,0.888036709406752,0.8888044776089552,0.9711997423994848,0.9873322079977492,0.9875961085255504,0.9876294752589505
Rejected Standard Deviations,0.0007003031706862854,0.009986675458033804,0.008485218986695284,0.002526006150172339,0.001161028769434544,0.002079417258175543,0.003598855062647173,0.004722163803760891,0.0033676613198411662
