Probability,0.1
Fidelity averages,0.8480718566824437,0.4141138234935886,0.10697332381726156,0.0245844386458609,0.0026893563042978117,0.004556209596289698,0.007298665158952017,0.007293338861066245,0.00741899232642661
Fidelity Standard Deviations,0.000700303170686284,0.00998667545803379,0.00848521898669528,0.002526006150172339,0.001161028769434544,0.002079417258175543,0.0035988550626471732,0.004722163803760891,0.0033676613198411662
Rejected Runs,0.5825621999999999,0.8466975000000001,0.8829991,0.8880349333333335,0.8888027,0.9711978000000001,0.9873302333333334,0.9875941333333336,0.9876274999999999
Rejected Standard Deviations,0.00039398184391331033,0.0018619181283468602,0.0007601500005481418,0.00031851854298020095,0.0003390103390753726,0.0003773021247400208,0.00011883172509430785,0.00013093197555303905,0.000116373178467661
