Probability,0.1
Fidelity averages,0.8480718566824437,0.41411382349358866,0.10697332381726156,0.0245844386458609,0.0026893563042978117,0.002533668699181819,0.009089661672465913,0.007043240272260161,0.008717124936093465
Fidelity Standard Deviations,0.0007003031706862854,0.009986675458033804,0.008485218986695284,0.002526006150172339,0.001161028769434544,0.0013740091843774842,0.0032884406698328768,0.004147972204425886,0.003023899815856675
Rejected Runs,0.5825633651267302,0.8466991933983866,0.8830008660017318,0.888036709406752,0.8888044776089552,0.8888042109417552,0.9868050069433473,0.9875340417347499,0.9876317419301504
Rejected Standard Deviations,0.0007003031706862854,0.009986675458033804,0.008485218986695284,0.002526006150172339,0.001161028769434544,0.0013740091843774842,0.0032884406698328768,0.004147972204425886,0.003023899815856675
