Probability,0.1
Fidelity averages,0.8480718566824437,0.41411382349358866,0.10697332381726156,0.0245844386458609,0.0026893563042978117,0.002533668699181819,0.007603232772514891,0.007988877406538033,0.00732616222154613
Fidelity Standard Deviations,0.0007003031706862854,0.009986675458033804,0.008485218986695284,0.002526006150172339,0.001161028769434544,0.0013740091843774842,0.0037131810083734624,0.004628943736185765,0.0028619158176839752
Rejected Runs,0.5825633651267302,0.8466991933983866,0.8830008660017318,0.888036709406752,0.8888044776089552,0.8888042109417552,0.9814202628405257,0.9868019402705472,0.9875233750467501
Rejected Standard Deviations,0.0007003031706862854,0.009986675458033804,0.008485218986695284,0.002526006150172339,0.001161028769434544,0.0013740091843774842,0.0037131810083734624,0.004628943736185765,0.0028619158176839752
