Probability,0.1
Fidelity averages,0.8480718566824437,0.4141138234935886,0.10697332381726156,0.0245844386458609,0.0026893563042978117,0.002533668699181819,0.007603232772514891,0.007988877406538033,0.00732616222154613
Fidelity Standard Deviations,0.000700303170686284,0.00998667545803379,0.00848521898669528,0.002526006150172339,0.001161028769434544,0.0013740091843774842,0.0037131810083734615,0.004628943736185765,0.0028619158176839752
Rejected Runs,0.5825621999999999,0.8466975000000001,0.8829991,0.8880349333333335,0.8888027,0.8888024333333333,0.9814183000000002,0.9867999666666667,0.9875214000000002
Rejected Standard Deviations,0.00039398184391331033,0.0018619181283468602,0.0007601500005481418,0.00031851854298020095,0.0003390103390753726,0.00033429664305158294,0.0005356345862619434,0.00011354748884155507,0.0001322610045831193
