Probability,0.1
Fidelity averages,0.8480718566824437,0.4141138234935886,0.10697332381726156,0.0245844386458609,0.0026893563042978117,0.002533668699181819,0.005916121617045329,0.007787087128711778,0.007597696562452839
Fidelity Standard Deviations,0.000700303170686284,0.00998667545803379,0.00848521898669528,0.002526006150172339,0.001161028769434544,0.0013740091843774842,0.003521844801072044,0.004441662966341051,0.0038835371198684635
Rejected Runs,0.5825621999999999,0.8466975000000001,0.8829991,0.8880349333333335,0.8888027,0.8888024333333333,0.9712408,0.9854515999999999,0.9873185333333333
Rejected Standard Deviations,0.00039398184391331033,0.0018619181283468602,0.0007601500005481418,0.00031851854298020095,0.0003390103390753726,0.00033429664305158294,0.0004123527939358082,0.00011266694280045081,0.00012901130010798838
