Probability,0.1
Fidelity averages,0.8480718566824437,0.41411382349358866,0.10697332381726156,0.0245844386458609,0.0026893563042978117,0.002533668699181819,0.005916121617045329,0.007787087128711777,0.007597696562452839
Fidelity Standard Deviations,0.0007003031706862854,0.009986675458033804,0.008485218986695284,0.002526006150172339,0.001161028769434544,0.0013740091843774842,0.003521844801072044,0.004441662966341051,0.0038835371198684635
Rejected Runs,0.5825633651267302,0.8466991933983866,0.8830008660017318,0.888036709406752,0.8888044776089552,0.8888042109417552,0.971242742485485,0.9854535709071417,0.9873205079743493
Rejected Standard Deviations,0.0007003031706862854,0.009986675458033804,0.008485218986695284,0.002526006150172339,0.001161028769434544,0.0013740091843774842,0.003521844801072044,0.004441662966341051,0.0038835371198684635
