Probability,0.1
Fidelity averages,0.8480718566824437,0.6800023930223954,0.5197258881607137,0.3945294131403712,0.25612093593900837,nan,nan,nan,nan
Fidelity Standard Deviations,0.000700303170686284,0.010749553332642913,0.01621259682596881,0.023463706154639063,0.07565875756189007,nan,nan,nan,nan
Rejected Runs,0.5825621999999999,0.9262699666666665,0.9863384666666667,0.9974395999999999,0.9999091999999999,0.9999970666666668,0.9999998333333333,1.0,1.0
Rejected Standard Deviations,0.00039398184391331033,0.0019474674919551943,0.0008286431774627481,0.0001896525946742184,9.833276835993456e-06,1.8961950204441192e-06,3.7267799626068155e-07,0.0,0.0
