Probability,0.1
Fidelity averages,0.8480718566824437,0.6800023930223954,0.5197258881607137,0.3945294131403712,0.25612093593900837,nan,nan,nan,nan
Fidelity Standard Deviations,0.0007003031706862854,0.010749553332642917,0.016212596825968813,0.023463706154639077,0.07565875756189008,nan,nan,nan,nan
Rejected Runs,0.5825633651267302,0.9262718192103051,0.9863404393475452,0.99744159488319,0.9999111998223998,0.9999990666648002,1.0000018333369998,1.0000020000039997,1.0000020000039997
Rejected Standard Deviations,0.0007003031706862854,0.010749553332642917,0.016212596825968813,0.023463706154639077,0.07565875756189008,nan,nan,nan,nan
