Probability,0.1
Fidelity averages,0.8480718566824437,0.4141138234935886,0.10697332381726156,0.0245844386458609,0.0026893563042978117,0.002533668699181819,0.002730186997698772,0.00533763662853674,0.006247740021433966
Fidelity Standard Deviations,0.000700303170686284,0.00998667545803379,0.00848521898669528,0.002526006150172339,0.001161028769434544,0.0013740091843774842,0.001533073696411189,0.0032886560229691045,0.003180574935925155
Rejected Runs,0.5825621999999999,0.8466975000000001,0.8829991,0.8880349333333335,0.8888027,0.8888024333333333,0.8888598666666667,0.9712532666666667,0.9854145333333333
Rejected Standard Deviations,0.00039398184391331033,0.0018619181283468602,0.0007601500005481418,0.00031851854298020095,0.0003390103390753726,0.00033429664305158294,0.0002676446317206734,0.0004119600250293942,0.00013488259915777278
