Probability,0.1
Fidelity averages,0.8480718566824437,0.41411382349358866,0.10697332381726156,0.0245844386458609,0.0026893563042978117,0.002533668699181819,0.002730186997698772,0.0023488668740817005,0.0048744208940305475
Fidelity Standard Deviations,0.0007003031706862854,0.009986675458033804,0.008485218986695284,0.002526006150172339,0.001161028769434544,0.0013740091843774842,0.0015330736964111892,0.0014702775918258393,0.0022953749523832124
Rejected Runs,0.5825633651267302,0.8466991933983866,0.8830008660017318,0.888036709406752,0.8888044776089552,0.8888042109417552,0.8888616443899556,0.8888581443829554,0.971299842599685
Rejected Standard Deviations,0.0007003031706862854,0.009986675458033804,0.008485218986695284,0.002526006150172339,0.001161028769434544,0.0013740091843774842,0.0015330736964111892,0.0014702775918258393,0.0022953749523832124
