Probability,0.1
Fidelity averages,0.8480718566824437,0.4141138234935886,0.32364562055834784,0.2165774902724394,0.07649603641059692,0.1266877196850625,nan,nan,nan
Fidelity Standard Deviations,0.000700303170686284,0.00998667545803379,0.017641359944408193,0.015594767198820724,0.025795499123152484,0.06513757546378399,nan,nan,nan
Rejected Runs,0.5825621999999999,0.8466975000000001,0.9723581666666666,0.9940315666666668,0.9995003,0.9999481666666666,0.9999976666666667,0.9999993666666666,0.9999997333333333
Rejected Standard Deviations,0.00039398184391331033,0.0018619181283468602,0.001012834869177697,0.00025167196683161024,2.8454817986888218e-05,7.357913351549718e-06,1.4681810363707309e-06,7.951240294431367e-07,5.734883511302957e-07
