Probability,0.1
Fidelity averages,0.8480718566824437,0.41411382349358866,0.32364562055834784,0.2165774902724394,0.07649603641059693,0.1266877196850625,nan,nan,nan
Fidelity Standard Deviations,0.0007003031706862854,0.009986675458033804,0.017641359944408203,0.015594767198820724,0.02579549912315248,0.06513757546378399,nan,nan,nan
Rejected Runs,0.5825633651267302,0.8466991933983866,0.9723601113868893,0.994033554733776,0.999502299004598,0.9999501665669998,0.9999996666659999,1.0000013666694,1.0000017333367999
Rejected Standard Deviations,0.0007003031706862854,0.009986675458033804,0.017641359944408203,0.015594767198820724,0.02579549912315248,0.06513757546378399,nan,nan,nan
