Probability,0.1
Fidelity averages,0.8480718566824437,0.4141138234935886,0.2648157046198823,0.10063133083740533,0.03208388344146724,0.05686436802464752,0.1607775514687958,0.388753662986083,0.5009771466012988
Fidelity Standard Deviations,0.000700303170686284,0.00998667545803379,0.01769979143448338,0.009731037505681352,0.012066905171023667,0.02722515149091394,0.06971621016456739,0.23170039289040067,0.2771999275212543
Rejected Runs,0.5825621999999999,0.8466975000000001,0.9650192999999999,0.9829880333333333,0.9979864333333331,0.9997619333333333,0.9999712666666665,0.9999929,0.9999965000000002
Rejected Standard Deviations,0.00039398184391331033,0.0018619181283468602,0.0007166280369433814,0.0003559310310845114,4.414195535113178e-05,1.3933014350414771e-05,4.767482447660328e-06,2.913760456868559e-06,1.5438048236011515e-06
