Probability,0.1
Fidelity averages,0.8480718566824437,0.41411382349358866,0.2648157046198823,0.10063133083740533,0.03208388344146724,0.05686436802464752,0.16077755146879583,0.388753662986083,0.5009771466012988
Fidelity Standard Deviations,0.0007003031706862854,0.009986675458033804,0.017699791434483376,0.009731037505681354,0.012066905171023667,0.02722515149091394,0.06971621016456739,0.23170039289040067,0.2771999275212543
Rejected Runs,0.5825633651267302,0.8466991933983866,0.9650212300424601,0.9829899993133319,0.9979884293101919,0.999763932861199,0.9999732666132,0.9999948999898002,0.9999984999970001
Rejected Standard Deviations,0.0007003031706862854,0.009986675458033804,0.017699791434483376,0.009731037505681354,0.012066905171023667,0.02722515149091394,0.06971621016456739,0.23170039289040067,0.2771999275212543
