Probability,0.1
Fidelity averages,0.8480718566824437,0.4141138234935886,0.10697332381726156,0.0878991568855302,0.022732966058566024,0.017338298361244512,0.06243949430002393,0.1318220397149371,0.2080260363214571
Fidelity Standard Deviations,0.000700303170686284,0.00998667545803379,0.00848521898669528,0.009321431812676792,0.010147021630008286,0.010775592135122523,0.03584705671743831,0.06495343301049765,0.11693116426189873
Rejected Runs,0.5825621999999999,0.8466975000000001,0.8829991,0.9802781666666665,0.9964952333333331,0.9984709000000002,0.9998199666666666,0.9999553666666665,0.9999781333333334
Rejected Standard Deviations,0.00039398184391331033,0.0018619181283468602,0.0007601500005481418,0.00027213012614475126,8.550777092690788e-05,2.881938005347684e-05,1.4091329091166684e-05,6.172429739487873e-06,6.0977227078777374e-06
