Probability,0.1
Fidelity averages,0.8480718566824437,0.41411382349358866,0.10697332381726156,0.08789915688553017,0.022732966058566024,0.017338298361244512,0.06243949430002393,0.1318220397149371,0.2080260363214571
Fidelity Standard Deviations,0.0007003031706862854,0.009986675458033804,0.008485218986695284,0.009321431812676792,0.010147021630008288,0.010775592135122525,0.03584705671743831,0.06495343301049765,0.11693116426189872
Rejected Runs,0.5825633651267302,0.8466991933983866,0.8830008660017318,0.9802801272269209,0.996497226327786,0.9984728969457939,0.9998219663105993,0.9999573665813999,0.9999801332935998
Rejected Standard Deviations,0.0007003031706862854,0.009986675458033804,0.008485218986695284,0.009321431812676792,0.010147021630008288,0.010775592135122525,0.03584705671743831,0.06495343301049765,0.11693116426189872
