Probability,0.1
Fidelity averages,0.8480718566824437,0.41411382349358866,0.10697332381726156,0.06416730666713363,0.00898332856299341,0.020060581876946235,0.048177248151879334,0.05330951345455575,0.06355551109659441
Fidelity Standard Deviations,0.0007003031706862854,0.009986675458033804,0.008485218986695284,0.00781743372185394,0.0042523441639196235,0.011017643199009244,0.026042821432795443,0.030022592233524263,0.035936595487846744
Rejected Runs,0.5825633651267302,0.8466991933983866,0.8830008660017318,0.9704575742484818,0.9870542741085481,0.9983239299811935,0.9996350659367986,0.9998139662945992,0.9998371996743993
Rejected Standard Deviations,0.0007003031706862854,0.009986675458033804,0.008485218986695284,0.00781743372185394,0.0042523441639196235,0.011017643199009244,0.026042821432795443,0.030022592233524263,0.035936595487846744
