Probability,0.1
Fidelity averages,0.8480718566824437,0.4141138234935886,0.10697332381726156,0.06416730666713363,0.00898332856299341,0.020060581876946235,0.048177248151879334,0.05330951345455575,0.06355551109659441
Fidelity Standard Deviations,0.000700303170686284,0.00998667545803379,0.00848521898669528,0.007817433721853936,0.0042523441639196235,0.011017643199009244,0.026042821432795443,0.030022592233524263,0.035936595487846744
Rejected Runs,0.5825621999999999,0.8466975000000001,0.8829991,0.9704556333333334,0.9870523,0.9983219333333334,0.9996330666666666,0.9998119666666665,0.9998352
Rejected Standard Deviations,0.00039398184391331033,0.0018619181283468602,0.0007601500005481418,0.00037613193459506294,0.00012951786234596466,3.760845058701435e-05,2.028288824492965e-05,1.5014400494936784e-05,1.2394622489894702e-05
