Probability,0.1
Fidelity averages,0.8480718566824437,0.4141138234935886,0.10697332381726156,0.0245844386458609,0.0073577301651843304,0.015152442016668313,0.021797496482467864,0.023503558793156267,0.05642806977705614
Fidelity Standard Deviations,0.000700303170686284,0.00998667545803379,0.00848521898669528,0.002526006150172339,0.004096218691642307,0.007479583039630938,0.012538857661935122,0.016366080334217478,0.029506129959397092
Rejected Runs,0.5825621999999999,0.8466975000000001,0.8829991,0.8880349333333335,0.9867174666666665,0.9967715999999999,0.9985751666666667,0.9986053,0.9997655
Rejected Standard Deviations,0.00039398184391331033,0.0018619181283468602,0.0007601500005481418,0.00031851854298020095,0.00012164339503465271,5.80474518533416e-05,3.9198710296234495e-05,3.634753545061687e-05,1.452297031142502e-05
