Probability,0.1
Fidelity averages,0.8480718566824437,0.41411382349358866,0.10697332381726156,0.0245844386458609,0.0073577301651843304,0.015152442016668311,0.021797496482467864,0.023503558793156267,0.05642806977705614
Fidelity Standard Deviations,0.0007003031706862854,0.009986675458033804,0.008485218986695284,0.002526006150172339,0.004096218691642307,0.007479583039630938,0.012538857661935122,0.016366080334217478,0.029506129959397092
Rejected Runs,0.5825633651267302,0.8466991933983866,0.8830008660017318,0.888036709406752,0.9867194401055468,0.9967735935471872,0.9985771638209943,0.9986072972145944,0.9997674995349989
Rejected Standard Deviations,0.0007003031706862854,0.009986675458033804,0.008485218986695284,0.002526006150172339,0.004096218691642307,0.007479583039630938,0.012538857661935122,0.016366080334217478,0.029506129959397092
