Probability,0.1
Fidelity averages,0.8480718566824437,0.4141138234935886,0.10697332381726156,0.0245844386458609,0.008448827964401667,0.006229736879583917,0.021892583337687743,0.024302105135023785,0.02268282880755886
Fidelity Standard Deviations,0.000700303170686284,0.00998667545803379,0.00848521898669528,0.002526006150172339,0.0043282619477743554,0.003949789519093409,0.011287223095458885,0.014690717020629376,0.010766060066013841
Rejected Runs,0.5825621999999999,0.8466975000000001,0.8829991,0.8880349333333335,0.9853796333333332,0.9875802666666668,0.9983597333333333,0.9985807666666666,0.9986148666666668
Rejected Standard Deviations,0.00039398184391331033,0.0018619181283468602,0.0007601500005481418,0.00031851854298020095,0.00015396113867538645,0.00010797158062296111,3.98504983936534e-05,3.4800079821110644e-05,3.6140220745793745e-05
