Probability,0.1
Fidelity averages,0.8480718566824437,0.41411382349358866,0.10697332381726156,0.0245844386458609,0.008448827964401667,0.006229736879583917,0.021892583337687743,0.02430210513502379,0.02268282880755886
Fidelity Standard Deviations,0.0007003031706862854,0.009986675458033804,0.008485218986695284,0.002526006150172339,0.0043282619477743554,0.003949789519093409,0.011287223095458885,0.014690717020629376,0.01076606006601384
Rejected Runs,0.5825633651267302,0.8466991933983866,0.8830008660017318,0.888036709406752,0.9853816040965415,0.9875822418311503,0.9983617300567935,0.9985827638321944,0.9986168639003945
Rejected Standard Deviations,0.0007003031706862854,0.009986675458033804,0.008485218986695284,0.002526006150172339,0.0043282619477743554,0.003949789519093409,0.011287223095458885,0.014690717020629376,0.01076606006601384
