Probability,0.1
Fidelity averages,0.8480718566824437,0.4141138234935886,0.10697332381726156,0.0245844386458609,0.0067819578697909,0.007058857663457432,0.017146825485496526,0.024598910009905404,0.022382966446182526
Fidelity Standard Deviations,0.000700303170686284,0.00998667545803379,0.00848521898669528,0.002526006150172339,0.003261901522893544,0.0035327479092873816,0.008064893562061434,0.013548004640845065,0.011139482736155198
Rejected Runs,0.5825621999999999,0.8466975000000001,0.8829991,0.8880349333333335,0.9815125333333333,0.9875214999999999,0.9967947666666668,0.9983877000000001,0.9985990333333332
Rejected Standard Deviations,0.00039398184391331033,0.0018619181283468602,0.0007601500005481418,0.00031851854298020095,0.00023750533093432443,0.0001148119476941955,6.914124834151133e-05,3.8807344665675764e-05,3.35176404632164e-05
