Probability,0.1
Fidelity averages,0.8480718566824437,0.41411382349358866,0.10697332381726156,0.0245844386458609,0.0067819578697909,0.0070588576634574305,0.017146825485496522,0.024598910009905404,0.022382966446182526
Fidelity Standard Deviations,0.0007003031706862854,0.009986675458033804,0.008485218986695284,0.002526006150172339,0.0032619015228935446,0.003532747909287382,0.008064893562061434,0.013548004640845065,0.011139482736155198
Rejected Runs,0.5825633651267302,0.8466991933983866,0.8830008660017318,0.888036709406752,0.981514496362326,0.98752347504695,0.996796760260187,0.9983896967793936,0.9986010305353946
Rejected Standard Deviations,0.0007003031706862854,0.009986675458033804,0.008485218986695284,0.002526006150172339,0.0032619015228935446,0.003532747909287382,0.008064893562061434,0.013548004640845065,0.011139482736155198
