Probability,0.335981829
Fidelity averages,0.16490304456728694,0.002322075936981341,0.0027727585906515504,0.0026248556937008122,0.0023949830619358924,0.0023967006151978045,0.0026388237106507533,nan,nan
Fidelity Standard Deviations,0.001959764318279749,0.0016617574720779915,0.0013298337392565107,0.0012566982982574395,0.0013143318390251744,0.0013405643481538966,0.0013580380951079792,nan,nan
Rejected Runs,0.8684220368440737,0.8888156442979552,0.8889063444793557,0.8889485778971558,0.8888152442971552,0.8889245111823556,0.8888750110833554,1.0000020000039997,1.0000020000039997
Rejected Standard Deviations,0.001959764318279749,0.0016617574720779915,0.0013298337392565107,0.0012566982982574395,0.0013143318390251744,0.0013405643481538966,0.0013580380951079792,nan,nan
