Probability,0.335981829
Fidelity averages,0.16490304456728694,0.005806280630747804,0.007654148512027478,0.006831188157498905,0.007742326121883727,0.009422213831016008,0.006398827885041533,0.007884431183174624,0.008716928696761498
Fidelity Standard Deviations,0.001959764318279744,0.0023102002405937954,0.003600040160932294,0.003408391615798712,0.004098423378805358,0.003635177928556251,0.004800796775100224,0.003304852898186809,0.004647740241489805
Rejected Runs,0.8684202999999999,0.9852644333333334,0.9876045333333333,0.9876465666666667,0.9876598333333334,0.9876647333333334,0.9876429333333333,0.9876494000000001,0.9876793333333335
Rejected Standard Deviations,0.00036946936273526764,0.00033729825410491656,8.507593993342525e-05,0.0001032326444923786,0.00010080743469054269,0.00011268360819372935,8.414270946169567e-05,9.825565293321573e-05,9.870843710420991e-05
