Probability,0.335981829
Fidelity averages,0.16490304456728694,0.005806280630747803,0.007654148512027479,0.006831188157498905,0.007742326121883728,0.009422213831016008,0.006398827885041533,0.007884431183174624,0.008716928696761496
Fidelity Standard Deviations,0.001959764318279749,0.0023102002405937954,0.003600040160932294,0.003408391615798712,0.004098423378805358,0.0036351779285562504,0.004800796775100224,0.003304852898186809,0.004647740241489805
Rejected Runs,0.8684220368440737,0.985266403866141,0.9876065085463505,0.9876485419637506,0.9876618086569505,0.9876667086667505,0.9876449086231504,0.9876513753027506,0.9876813086959509
Rejected Standard Deviations,0.001959764318279749,0.0023102002405937954,0.003600040160932294,0.003408391615798712,0.004098423378805358,0.0036351779285562504,0.004800796775100224,0.003304852898186809,0.004647740241489805
