Probability,0.335981829
Fidelity averages,0.16490304456728694,0.002322075936981341,0.024019559901861703,0.022057618249018533,0.018317125310208855,0.02096560258366158,0.02413274781416357,0.02560581524439886,0.024601977505998133
Fidelity Standard Deviations,0.001959764318279749,0.0016617574720779915,0.014036142990877753,0.013215749001311528,0.009649138911577095,0.00867147601208652,0.009319073729535138,0.012759601891887627,0.013707629768871809
Rejected Runs,0.8684220368440737,0.8888156442979552,0.9983292966585932,0.9986375306083947,0.9986261305855944,0.9986206305745946,0.9986220305773944,0.9986171305675945,0.9986181639029944
Rejected Standard Deviations,0.001959764318279749,0.0016617574720779915,0.014036142990877753,0.013215749001311528,0.009649138911577095,0.00867147601208652,0.009319073729535138,0.012759601891887627,0.013707629768871809
