Probability,0.335981829
Fidelity averages,0.16490304456728694,0.002322075936981341,0.061788428657135866,0.06583798405845562,0.08409534774851485,0.08447283028857121,0.0838192024276794,0.08221259316019065,0.06828376490061654
Fidelity Standard Deviations,0.001959764318279749,0.0016617574720779915,0.030467343520971996,0.02874932859812605,0.04295758438097042,0.05209189137093903,0.044518126823558796,0.03121965741837794,0.031334583268906036
Rejected Runs,0.8684220368440737,0.8888156442979552,0.9998134996269993,0.9998098329529993,0.9998483330299994,0.9998471663609994,0.9998497663661995,0.9998532663731995,0.9998502330337994
Rejected Standard Deviations,0.001959764318279749,0.0016617574720779915,0.030467343520971996,0.02874932859812605,0.04295758438097042,0.05209189137093903,0.044518126823558796,0.03121965741837794,0.031334583268906036
