Probability,0.335981829
Fidelity averages,0.16490304456728694,0.002322075936981341,0.061788428657135866,0.06583798405845562,0.08409534774851485,0.08447283028857121,0.0838192024276794,0.08221259316019065,0.06828376490061652
Fidelity Standard Deviations,0.001959764318279744,0.0016617574720779915,0.030467343520971996,0.028749328598126043,0.04295758438097042,0.052091891370939024,0.044518126823558796,0.03121965741837794,0.03133458326890603
Rejected Runs,0.8684202999999999,0.8888138666666667,0.9998114999999999,0.9998078333333335,0.9998463333333333,0.9998451666666668,0.9998477666666667,0.9998512666666667,0.9998482333333334
Rejected Standard Deviations,0.00036946936273526764,0.00024408847212070624,1.3258330714437305e-05,1.6278991232745077e-05,1.1205157542641883e-05,1.0243968415066173e-05,1.038487147515656e-05,1.3162910856725574e-05,1.3413136181453104e-05
