Probability,0.335981829
Fidelity averages,0.16490304456728694,0.002322075936981341,0.0027727585906515504,0.17937143773095673,0.21076879392767858,0.2554003773675232,0.23762125514081348,0.2129954859844096,0.21308846228589245
Fidelity Standard Deviations,0.001959764318279749,0.0016617574720779915,0.0013298337392565107,0.1027319475860822,0.09515739531164398,0.1265926918522803,0.10688545446056175,0.1279295906558215,0.10929103366499657
Rejected Runs,0.8684220368440737,0.8888156442979552,0.8889063444793557,0.9999806666279998,0.9999828666324001,0.9999863333060001,0.9999859333052001,0.9999854666375999,0.9999845333023999
Rejected Standard Deviations,0.001959764318279749,0.0016617574720779915,0.0013298337392565107,0.1027319475860822,0.09515739531164398,0.1265926918522803,0.10688545446056175,0.1279295906558215,0.10929103366499657
