Probability,0.335981829
Fidelity averages,0.16490304456728694,0.002322075936981341,0.0027727585906515504,0.17937143773095673,0.21076879392767858,0.2554003773675232,0.23762125514081348,0.2129954859844096,0.21308846228589245
Fidelity Standard Deviations,0.001959764318279744,0.0016617574720779915,0.0013298337392565107,0.1027319475860822,0.09515739531164398,0.1265926918522803,0.10688545446056175,0.1279295906558215,0.10929103366499657
Rejected Runs,0.8684202999999999,0.8888138666666667,0.8889045666666668,0.9999786666666667,0.9999808666666666,0.9999843333333333,0.9999839333333331,0.9999834666666666,0.9999825333333333
Rejected Standard Deviations,0.00036946936273526764,0.00024408847212070624,0.0002910039728632957,4.9283758875428765e-06,4.256237253207439e-06,3.735713526964953e-06,2.897508508274353e-06,4.0392518559258315e-06,4.7027178902692195e-06
