Probability,0.335981829
Fidelity averages,0.16490304456728694,0.002322075936981341,0.0027727585906515504,nan,nan,nan,nan,nan,nan
Fidelity Standard Deviations,0.001959764318279749,0.0016617574720779915,0.0013298337392565107,nan,nan,nan,nan,nan,nan
Rejected Runs,0.8684220368440737,0.8888156442979552,0.8889063444793557,0.9999992999985998,0.9999989666646001,1.0000005333344002,1.000000166667,0.9999999333331999,0.9999998666664002
Rejected Standard Deviations,0.001959764318279749,0.0016617574720779915,0.0013298337392565107,nan,nan,nan,nan,nan,nan
