Probability,0.335981829
Fidelity averages,0.16490304456728694,0.002322075936981341,0.0027727585906515504,nan,nan,nan,nan,nan,nan
Fidelity Standard Deviations,0.001959764318279744,0.0016617574720779915,0.0013298337392565107,nan,nan,nan,nan,nan,nan
Rejected Runs,0.8684202999999999,0.8888138666666667,0.8889045666666668,0.9999973000000001,0.9999969666666667,0.9999985333333332,0.9999981666666665,0.9999979333333333,0.9999978666666666
Rejected Standard Deviations,0.00036946936273526764,0.00024408847212070624,0.0002910039728632957,1.5947831618484348e-06,1.7978382080235258e-06,1.2578641509348813e-06,1.3437096247091622e-06,1.364632632693641e-06,1.6878651868200387e-06
