Probability,0.335981829
Fidelity averages,0.16490304456728694,0.002322075936981341,0.0027727585906515504,0.0026248556937008122,nan,nan,nan,nan,nan
Fidelity Standard Deviations,0.001959764318279744,0.0016617574720779915,0.0013298337392565107,0.0012566982982574395,nan,nan,nan,nan,nan
Rejected Runs,0.8684202999999999,0.8888138666666667,0.8889045666666668,0.8889467999999999,0.9999995333333332,0.9999999333333333,0.9999998333333333,0.9999998666666666,0.9999994999999999
Rejected Standard Deviations,0.00036946936273526764,0.00024408847212070624,0.0002910039728632957,0.0003229738276290076,6.699917080685838e-07,2.494438257921024e-07,3.7267799626068155e-07,3.3993463424929405e-07,7.187952884180391e-07
