check_num,p_index,p,p_raw,lrb_lambda,rb_p,lrb_f,lrb_fidelity,lrb_error_rate,lrb_a,lrb_b,lrb_chi2,lrb_n_points,lrb_error_rate_std_boot,lrb_error_rate_ci_low,lrb_error_rate_ci_high,rb_f,rb_fidelity,rb_error_rate,rb_a,rb_b,rb_chi2,rb_n_points,rb_error_rate_std_boot,rb_error_rate_ci_low,rb_error_rate_ci_high,lambda
1,0,0.0,0.0,0.0,0.0,1.0,1.0,0.0,0.0,1.0,0.0,9,1.2593184043374641e-08,0.0,3.333333298272123e-08,1.0,1.0,0.0,0.0,1.0,0.0,9,0.261035429046315,6.66598555283837e-06,0.6666665916666674,0.0
1,1,0.0005,0.0001,0.0005,0.0005,0.9999992965000071,0.9999995310000047,4.6899999528449143e-07,0.0,0.9992619419713996,0.2637726520295619,9,1.9098733017461798e-07,2.679999973054237e-07,6.733333265396269e-07,0.9994354671846454,0.9996236447897635,0.00037635521023648977,0.0,0.9999999999934934,0.14174297536775526,9,0.002234184342542976,0.00039890136349898683,0.005365370711146356,0.0005
1,2,0.001,0.0002,0.001,0.001,0.999999091000009,0.9999993940000061,6.059999938523575e-07,0.0,0.9985103394068757,0.04872981876612676,9,2.782851935662724e-07,3.349999966317796e-07,8.796666578492207e-07,0.9988885212913149,0.99925901419421,0.0007409858057899621,0.0,0.9999999997189982,0.1120663133186339,9,0.0018750850332666684,0.000346756703652411,0.004416409093435889,0.001
1,3,0.0025,0.0005,0.0025,0.0025,0.999992795155072,0.999995196770048,4.803229951999555e-06,0.0,0.9962723512539814,0.5110897327170191,9,5.607641770192393e-07,4.209944957977996e-06,5.3449199466371056e-06,0.9971859679281404,0.9981239786187602,0.0018760213812397675,0.0,1.0000000007363585,0.07613014816103914,9,0.0015245233552020744,0.0007828465937715156,0.003994834651785016,0.0025
1,4,0.005,0.001,0.005,0.005,0.9999695031873674,0.9999796687915783,2.033120842170888e-05,0.0,0.99248700393895,0.484124383488279,9,1.1282550496818827e-06,1.9212383807865052e-05,2.1425534485808306e-05,0.9943650488263496,0.996243365884233,0.003756634115766988,0.0,0.9999999996862204,0.15173289466139842,9,0.0015693028834688736,0.003339468406605306,0.006554001454459999,0.005
1,5,0.01,0.002,0.01,0.01,0.9998710823137892,0.9999140548758595,8.594512414050737e-05,0.0,0.9847839500059025,0.571909034128065,9,3.5673009785213243e-06,8.233929304323429e-05,8.932140657341936e-05,0.9887242281127577,0.9924828187418385,0.007517181258161476,0.0,1.0000000001343021,0.16115886361862947,9,0.0013297356417776034,0.00747453272525469,0.010205703097942966,0.01
1,6,0.025,0.005,0.025,0.025,0.9988830447178696,0.9992553631452464,0.0007446368547535664,0.0,0.9607271599737375,1.666559552740173,8,2.1055895558323128e-05,0.0007236298339230451,0.0007630792323691793,0.9721072642789274,0.9814048428526183,0.01859515714738169,0.0,0.9999999970627368,0.08246516504061516,9,0.0012870598394538707,0.01851297773487018,0.021198904108010855,0.025
1,7,0.0375,0.0075,0.0375,0.0375,0.997139599388604,0.9980930662590692,0.0019069337409307607,0.0,0.9395041893983598,1.2895074908015012,6,6.30436765481789e-05,0.0018435489148979078,0.001968030593653025,0.9584810704151893,0.9723207136101261,0.027679286389873936,0.0,0.9999999975954177,0.08203844155751312,9,0.0013042538629631872,0.027378199086217983,0.029734878315984523,0.0375
1,8,0.05,0.01,0.05,0.05,0.993767390862326,0.9958449272415507,0.004155072758449285,0.0,0.9170863470200963,1.1108573164902362,5,0.00011876686079864994,0.004030958631690438,0.004261590357384271,0.944909900550901,0.963273267033934,0.03672673296606599,0.0,0.9999999984641825,0.020527919457243894,9,0.0012701954172697524,0.03598509340014912,0.03850534958827994,0.05
1,9,0.0625,0.0125,0.0625,0.0625,0.9892559392474406,0.9928372928316271,0.007162707168372862,0.0,0.8937711800575144,0.7315251804328997,4,0.0002626604170243034,0.006897421776625712,0.007414823605851839,0.9314986846850132,0.9543324564566754,0.045667543543324585,0.0,0.9999999996386602,0.08243627639471239,9,0.0012061227568973191,0.04535749074642515,0.0477720516822796,0.0625
1,10,0.075,0.015,0.075,0.075,0.9815746721842532,0.9877164481228355,0.012283551877164456,0.0,0.8692377046736032,0.72716736889331,4,0.00041916705700633105,0.011861737481382573,0.012704477952955267,0.9185660328143397,0.9457106885428931,0.054289311457106915,0.0,0.9999999996313111,0.03493862815281297,9,0.0012595917296890247,0.05350041290499596,0.05605101170615654,0.075
1,11,0.1,0.02,0.1,0.1,0.956510890434891,0.9710072602899272,0.028992739710072768,0.0,0.8170552682120625,0.026563856733989134,3,0.0009190051533105192,0.028137038438629733,0.029967377833659513,0.8931912010680879,0.9287941340453919,0.0712058659546081,0.0,0.9999999995891279,0.07181257318799888,9,0.0012011985217666784,0.07084772195818945,0.07321392993452737,0.1
1,12,0.15,0.03,0.15,0.15,0.8470696015293038,0.8980464010195358,0.10195359898046419,0.0,0.7023463269596909,1.617918649608552e-11,2,0.0038347972917140627,0.0981713483516198,0.10584930027484032,0.844708801552912,0.8964725343686079,0.10352746563139215,0.0,0.9999999995411423,0.13772101756178265,9,0.0012923881797450825,0.10372055362946125,0.10629047360376195,0.15
1,13,0.2,0.04,0.2,0.2,0.5963512040364879,0.730900802690992,0.269099197309008,0.0,0.5791005948394892,1.5840176773538434e-13,2,0.01648571133740698,0.2525868988074644,0.28639363980273025,0.801483201985168,0.867655467990112,0.13234453200988805,0.0,0.9999999994789539,0.8839571538680595,9,0.0014388556661589402,0.13615120930515456,0.13891553994417793,0.2
1,14,0.25,0.05,0.25,0.25,0.7768000022319999,0.8512000014879999,0.1487999985120001,0.0,0.457612254244072,2.9398279774206075e-13,2,0.020098697028336165,0.13084989735816768,0.1675831449908353,0.761177602388224,0.8407850682588159,0.15921493174118406,0.0,0.9999999997442425,4.352818761045253,9,0.001570909608903045,0.16875016364583176,0.17182282494843842,0.25
2,0,0.0,0.0,0.0,0.0,1.0,1.0,0.0,0.0,1.0,0.0,9,1.1437728818892065e-08,0.0,0.0,1.0,1.0,0.0,0.0,1.0,0.0,9,0.261035429046315,6.66598555283837e-06,0.6666665916666674,0.0
2,1,0.0005,0.0001,0.0005,0.0005,0.9999991415000086,0.9999994276666723,5.723333277307674e-07,0.0,0.9992617987772442,0.24301002660626092,9,1.826820819155998e-07,4.019999959581355e-07,7.743333255705309e-07,0.9994354671846454,0.9996236447897635,0.00037635521023648977,0.0,0.9999999999934934,0.14174297536775526,9,0.002234184342542976,0.00039890136349898683,0.005365370711146356,0.0005
2,2,0.001,0.0002,0.001,0.001,0.9999981640000184,0.9999987760000123,1.2239999876983987e-06,0.0,0.9985104439304819,0.06594407862542176,9,2.6395680434853054e-07,9.473333237863812e-07,1.461999985408191e-06,0.9988885212913149,0.99925901419421,0.0007409858057899621,0.0,0.9999999997189982,0.1120663133186339,9,0.0018750850332666684,0.000346756703652411,0.004416409093435889,0.001
2,3,0.0025,0.0005,0.0025,0.0025,0.9999873822813762,0.9999915881875842,8.411812415842768e-06,0.0,0.9962756708472154,0.4511505711428049,9,4.698808579660234e-07,7.918399920758823e-06,8.831514911711302e-06,0.9971859679281404,0.9981239786187602,0.0018760213812397675,0.0,1.0000000007363585,0.07613014816103914,9,0.0015245233552020744,0.0007828465937715156,0.003994834651785016,0.0025
2,4,0.005,0.001,0.005,0.005,0.9999495548295044,0.9999663698863364,3.363011366364077e-05,0.0,0.9924922426085458,0.29595247356115423,9,1.101342558909736e-06,3.256782867433472e-05,3.47597587774251e-05,0.9943650488263496,0.996243365884233,0.003756634115766988,0.0,0.9999999996862204,0.15173289466139842,9,0.0015693028834688736,0.003339468406605306,0.006554001454459999,0.005
2,5,0.01,0.002,0.01,0.01,0.9997821310621787,0.9998547540414524,0.0001452459585475907,0.0,0.9848170015097865,0.15264834998267895,9,2.858451187918827e-06,0.000142742633772599,0.0001481665585183478,0.9887242281127577,0.9924828187418385,0.007517181258161476,0.0,1.0000000001343021,0.16115886361862947,9,0.0013297356417776034,0.00747453272525469,0.010205703097942966,0.01
2,6,0.025,0.005,0.025,0.025,0.9983535238564647,0.9989023492376431,0.0010976507623569054,0.0,0.9607732493287388,0.5073432503318674,9,1.8703052656237593e-05,0.0010770855092291365,0.0011148374188515442,0.9721072642789274,0.9814048428526183,0.01859515714738169,0.0,0.9999999970627368,0.08246516504061516,9,0.0012870598394538707,0.01851297773487018,0.021198904108010855,0.025
2,7,0.0375,0.0075,0.0375,0.0375,0.9958524384414756,0.9972349589609838,0.002765041039016203,0.0,0.9395315221027337,0.2404323067996536,7,5.448687398153924e-05,0.0027086688795799896,0.0028207939685920146,0.9584810704151893,0.9723207136101261,0.027679286389873936,0.0,0.9999999975954177,0.08203844155751312,9,0.0013042538629631872,0.027378199086217983,0.029734878315984523,0.0375
2,8,0.05,0.01,0.05,0.05,0.9914977773350222,0.9943318515566815,0.0056681484433185325,0.0,0.9171017879261516,0.19093818621506917,5,0.00010926939548201427,0.0055529171044709225,0.005769464006305487,0.944909900550901,0.963273267033934,0.03672673296606599,0.0,0.9999999984641825,0.020527919457243894,9,0.0012701954172697524,0.03598509340014912,0.03850534958827994,0.05
2,9,0.0625,0.0125,0.0625,0.0625,0.984713806152862,0.989809204101908,0.01019079589809202,0.0,0.8937783286198475,0.08029463877217638,5,0.00023217753743959892,0.009964936967017373,0.010438526455614707,0.9314986846850132,0.9543324564566754,0.045667543543324585,0.0,0.9999999996386602,0.08243627639471239,9,0.0012061227568973191,0.04535749074642515,0.0477720516822796,0.0625
2,10,0.075,0.015,0.075,0.075,0.9744456902555431,0.9829637935036954,0.01703620649630455,0.0,0.869247843548238,0.12564222010059317,4,0.00038529468266085265,0.016653066500136062,0.017427446225725497,0.9185660328143397,0.9457106885428931,0.054289311457106915,0.0,0.9999999996313111,0.03493862815281297,9,0.0012595917296890247,0.05350041290499596,0.05605101170615654,0.075
2,11,0.1,0.02,0.1,0.1,0.9415363245846367,0.9610242163897578,0.03897578361024223,0.0,0.8170594515704437,0.2786084575088363,4,0.0009419870417009081,0.038024863726417966,0.03978957565543762,0.8931912010680879,0.9287941340453919,0.0712058659546081,0.0,0.9999999995891279,0.07181257318799888,9,0.0012011985217666784,0.07084772195818945,0.07321392993452737,0.1
2,12,0.15,0.03,0.15,0.15,0.7891920021080799,0.8594613347387199,0.14053866526128012,0.0,0.702345450371115,0.10794985272947742,3,0.0033288691425937674,0.137190206628098,0.143780414562196,0.844708801552912,0.8964725343686079,0.10352746563139215,0.0,0.9999999995411423,0.13772101756178265,9,0.0012923881797450825,0.10372055362946125,0.10629047360376195,0.15
2,13,0.2,0.04,0.2,0.2,0.5137352048626479,0.6758234699084319,0.3241765300915681,0.0,0.5790980284323771,4.664012184931693,3,0.010954071032786578,0.3132088928679109,0.3346650633200161,0.801483201985168,0.867655467990112,0.13234453200988805,0.0,0.9999999994789539,0.8839571538680595,9,0.0014388556661589402,0.13615120930515456,0.13891553994417793,0.2
2,14,0.25,0.05,0.25,0.25,0.3905736060942639,0.593715737396176,0.406284262603824,0.0,0.45761225423425034,7.103369770796786e-14,2,0.012117425050597482,0.39462854005371467,0.41767421448992453,0.761177602388224,0.8407850682588159,0.15921493174118406,0.0,0.9999999997442425,4.352818761045253,9,0.001570909608903045,0.16875016364583176,0.17182282494843842,0.25
3,0,0.0,0.0,0.0,0.0,1.0,1.0,0.0,0.0,1.0,0.0,9,1.2034981913136724e-08,0.0,0.0,1.0,1.0,0.0,0.0,1.0,0.0,9,0.261035429046315,6.66598555283837e-06,0.6666665916666674,0.0
3,1,0.0005,0.0001,0.0005,0.0005,0.9999987375000127,0.9999991583333419,8.41666658146778e-07,0.0,0.9992622542976275,0.2483808389547619,9,1.8896918134501105e-07,6.396666604180368e-07,1.014999989834564e-06,0.9994354671846454,0.9996236447897635,0.00037635521023648977,0.0,0.9999999999934934,0.14174297536775526,9,0.002234184342542976,0.00039890136349898683,0.005365370711146356,0.0005
3,2,0.001,0.0002,0.001,0.001,0.999997101580029,0.9999980677200192,1.93227998079859e-06,0.0,0.9985084091120875,0.12106935217340827,9,2.441906608213578e-07,1.682537483227442e-06,2.1738149782457583e-06,0.9988885212913149,0.99925901419421,0.0007409858057899621,0.0,0.9999999997189982,0.1120663133186339,9,0.0018750850332666684,0.000346756703652411,0.004416409093435889,0.001
3,3,0.0025,0.0005,0.0025,0.0025,0.9999795592002044,0.9999863728001364,1.3627199863641692e-05,0.0,0.9962685644514617,0.5533712106973971,9,5.103116583333221e-07,1.3028119869695765e-05,1.405270985943563e-05,0.9971859679281404,0.9981239786187602,0.0018760213812397675,0.0,1.0000000007363585,0.07613014816103914,9,0.0015245233552020744,0.0007828465937715156,0.003994834651785016,0.0025
3,4,0.005,0.001,0.005,0.005,0.9999168723144313,0.9999445815429541,5.54184570459304e-05,0.0,0.9924773583760033,3.0681037339828037,9,1.0666791381169024e-06,5.4467279455239215e-05,5.6473715976945726e-05,0.9943650488263496,0.996243365884233,0.003756634115766988,0.0,0.9999999996862204,0.15173289466139842,9,0.0015693028834688736,0.003339468406605306,0.006554001454459999,0.005
3,5,0.01,0.002,0.01,0.01,0.9996379878983702,0.9997586585989134,0.00024134140108655888,0.0,0.9847412075606211,5.673612396686902,9,2.9868690558464373e-06,0.0002383956255159747,0.0002443371050565579,0.9887242281127577,0.9924828187418385,0.007517181258161476,0.0,1.0000000001343021,0.16115886361862947,9,0.0013297356417776034,0.00747453272525469,0.010205703097942966,0.01
3,6,0.025,0.005,0.025,0.025,0.997104793628952,0.9980698624193014,0.0019301375806985988,0.0,0.9606880722583823,14.842342180521241,9,2.2189841286779218e-05,0.0019120034283466624,0.0019537927252621045,0.9721072642789274,0.9814048428526183,0.01859515714738169,0.0,0.9999999970627368,0.08246516504061516,9,0.0012870598394538707,0.01851297773487018,0.021198904108010855,0.025
3,7,0.0375,0.0075,0.0375,0.0375,0.992230402317696,0.9948202682117974,0.005179731788202635,0.0,0.9394386551823283,18.49416139524709,7,6.317900206102896e-05,0.005113075109535976,0.005238734462812728,0.9584810704151893,0.9723207136101261,0.027679286389873936,0.0,0.9999999975954177,0.08203844155751312,9,0.0013042538629631872,0.027378199086217983,0.029734878315984523,0.0375
3,8,0.05,0.01,0.05,0.05,0.9818563201814368,0.9879042134542911,0.012095786545708864,0.0,0.9170279149461618,19.536533620929593,6,0.00015821656305817865,0.011934047880659548,0.012254214437457863,0.944909900550901,0.963273267033934,0.03672673296606599,0.0,0.9999999984641825,0.020527919457243894,9,0.0012701954172697524,0.03598509340014912,0.03850534958827994,0.05
3,9,0.0625,0.0125,0.0625,0.0625,0.9653468823465311,0.9768979215643542,0.023102078435645823,0.0,0.8937531679400396,14.856160405786186,5,0.0002903089073214937,0.02280083945199158,0.023358700566413,0.9314986846850132,0.9543324564566754,0.045667543543324585,0.0,0.9999999996386602,0.08243627639471239,9,0.0012061227568973191,0.04535749074642515,0.0477720516822796,0.0625
3,10,0.075,0.015,0.075,0.075,0.9331672686683272,0.9554448457788848,0.04455515422111522,0.0,0.8692170980391797,13.245570354914815,5,0.0006084419040080636,0.043962235507044325,0.045128662482046666,0.9185660328143397,0.9457106885428931,0.054289311457106915,0.0,0.9999999996313111,0.03493862815281297,9,0.0012595917296890247,0.05350041290499596,0.05605101170615654,0.075
3,11,0.1,0.02,0.1,0.1,0.8295976017040239,0.8863984011360159,0.11360159886398413,0.0,0.817043354959556,6.913536689849808,4,0.0017039407770984942,0.11202419087975815,0.11541382284586184,0.8931912010680879,0.9287941340453919,0.0712058659546081,0.0,0.9999999995891279,0.07181257318799888,9,0.0012011985217666784,0.07084772195818945,0.07321392993452737,0.1
3,12,0.15,0.03,0.15,0.15,0.4799352052006479,0.6532901368004319,0.3467098631995681,0.0,0.7023439904687211,6.1049283155162986,4,0.00456502663784671,0.3423134045768659,0.3510668124893319,0.844708801552912,0.8964725343686079,0.10352746563139215,0.0,0.9999999995411423,0.13772101756178265,9,0.0012923881797450825,0.10372055362946125,0.10629047360376195,0.15
3,13,0.2,0.04,0.2,0.2,0.23785920762140794,0.49190613841427194,0.508093861585728,0.0,0.5790997863839579,3.9334270950776093,3,0.005475927747624128,0.5029954723033787,0.5134358135323085,0.801483201985168,0.867655467990112,0.13234453200988805,0.0,0.9999999994789539,0.8839571538680595,9,0.0014388556661589402,0.13615120930515456,0.13891553994417793,0.2
3,14,0.25,0.05,0.25,0.25,0.16098960839010393,0.44065973892673593,0.5593402610732641,0.0,0.45761209092995403,3.3076048612126634,3,0.005375244600625265,0.5540116851265499,0.5648674930179917,0.761177602388224,0.8407850682588159,0.15921493174118406,0.0,0.9999999997442425,4.352818761045253,9,0.001570909608903045,0.16875016364583176,0.17182282494843842,0.25
4,0,0.0,0.0,0.0,0.0,1.0,1.0,0.0,0.0,1.0,0.0,9,1.2218598148011172e-08,0.0,0.0,1.0,1.0,0.0,0.0,1.0,0.0,9,0.261035429046315,6.66598555283837e-06,0.6666665916666674,0.0
4,1,0.0005,0.0001,0.0005,0.0005,0.9999986297500137,0.9999990865000091,9.134999908733121e-07,0.0,0.9992616214004347,0.2529018621695136,9,1.9166019549955722e-07,7.069999928832615e-07,1.082666655882747e-06,0.9994354671846454,0.9996236447897635,0.00037635521023648977,0.0,0.9999999999934934,0.14174297536775526,9,0.002234184342542976,0.00039890136349898683,0.005365370711146356,0.0005
4,2,0.001,0.0002,0.001,0.001,0.9999960282400397,0.9999973521600265,2.647839973501931e-06,0.0,0.9985097534390686,0.11553980967704049,9,2.877933405088028e-07,2.3577299764765414e-06,2.9406299706380423e-06,0.9988885212913149,0.99925901419421,0.0007409858057899621,0.0,0.9999999997189982,0.1120663133186339,9,0.0018750850332666684,0.000346756703652411,0.004416409093435889,0.001
4,3,0.0025,0.0005,0.0025,0.0025,0.9999739499417293,0.9999826332944862,1.736670551377717e-05,0.0,0.9962685450155087,1.1266761939540566,9,4.847781769744106e-07,1.6886323893516852e-05,1.7832205261636425e-05,0.9971859679281404,0.9981239786187602,0.0018760213812397675,0.0,1.0000000007363585,0.07613014816103914,9,0.0015245233552020744,0.0007828465937715156,0.003994834651785016,0.0025
4,4,0.005,0.001,0.005,0.005,0.9998874415611255,0.9999249610407505,7.50389592495404e-05,0.0,0.9924876740319928,2.6877045219374645,9,1.1284457781000449e-06,7.392010146078931e-05,7.612773923870719e-05,0.9943650488263496,0.996243365884233,0.003756634115766988,0.0,0.9999999996862204,0.15173289466139842,9,0.0015693028834688736,0.003339468406605306,0.006554001454459999,0.005
4,5,0.01,0.002,0.01,0.01,0.9994997429137525,0.999666495275835,0.00033350472416504573,0.0,0.9847965765819945,3.732996504461231,9,2.9680049353065713e-06,0.0003307030213729822,0.00033640525463596305,0.9887242281127577,0.9924828187418385,0.007517181258161476,0.0,1.0000000001343021,0.16115886361862947,9,0.0013297356417776034,0.00747453272525469,0.010205703097942966,0.01
4,6,0.025,0.005,0.025,0.025,0.99583700484163,0.99722466989442,0.002775330105579954,0.0,0.9608033684894242,9.955064464198292,9,2.7985475635574706e-05,0.0027471729517282075,0.00280300239757004,0.9721072642789274,0.9814048428526183,0.01859515714738169,0.0,0.9999999970627368,0.08246516504061516,9,0.0012870598394538707,0.01851297773487018,0.021198904108010855,0.025
4,7,0.0375,0.0075,0.0375,0.0375,0.9885302181146978,0.9923534787431318,0.007646521256868155,0.0,0.939542452664971,9.90158529156359,8,8.178504284704815e-05,0.007568619924313791,0.007728133309385448,0.9584810704151893,0.9723207136101261,0.027679286389873936,0.0,0.9999999975954177,0.08203844155751312,9,0.0013042538629631872,0.027378199086217983,0.029734878315984523,0.0375
4,8,0.05,0.01,0.05,0.05,0.9760233602397664,0.9840155734931777,0.015984426506822302,0.0,0.9171024094314435,15.873428486996286,6,0.00016495762289434892,0.015825125175081944,0.016154653705120058,0.944909900550901,0.963273267033934,0.03672673296606599,0.0,0.9999999984641825,0.020527919457243894,9,0.0012701954172697524,0.03598509340014912,0.03850534958827994,0.05
4,9,0.0625,0.0125,0.0625,0.0625,0.9518023204819768,0.9678682136546511,0.032131786345348856,0.0,0.8937791855803522,14.570528586596742,5,0.00033954762164700465,0.03178835008211639,0.03247925439520741,0.9314986846850132,0.9543324564566754,0.045667543543324585,0.0,0.9999999996386602,0.08243627639471239,9,0.0012061227568973191,0.04535749074642515,0.0477720516822796,0.0625
4,10,0.075,0.015,0.075,0.075,0.9135669488643305,0.9423779659095537,0.057622034090446306,0.0,0.8692488543686057,12.777527228765777,5,0.0006152640122956614,0.05700103302998966,0.05821799941782002,0.9185660328143397,0.9457106885428931,0.054289311457106915,0.0,0.9999999996313111,0.03493862815281297,9,0.0012595917296890247,0.05350041290499596,0.05605101170615654,0.075
4,11,0.1,0.02,0.1,0.1,0.7962040020379599,0.86413600135864,0.13586399864136,0.0,0.8170560204779799,6.661095065583773,5,0.0017829197888615841,0.1340327879930055,0.13748388129182787,0.8931912010680879,0.9287941340453919,0.0712058659546081,0.0,0.9999999995891279,0.07181257318799888,9,0.0012011985217666784,0.07084772195818945,0.07321392993452737,0.1
4,12,0.15,0.03,0.15,0.15,0.49173200508267995,0.66115467005512,0.33884532994488004,0.0,0.7023413640432838,5.2913806608647445,4,0.004589680085494762,0.3342986846570132,0.34319931390134023,0.844708801552912,0.8964725343686079,0.10352746563139215,0.0,0.9999999995411423,0.13772101756178265,9,0.0012923881797450825,0.10372055362946125,0.10629047360376195,0.15
4,13,0.2,0.04,0.2,0.2,0.23855440761445595,0.49236960507630395,0.507630394923696,0.0,0.5790995992278202,6.928935486499804,4,0.005654915435012527,0.5018143309818567,0.512940261537264,0.801483201985168,0.867655467990112,0.13234453200988805,0.0,0.9999999994789539,0.8839571538680595,9,0.0014388556661589402,0.13615120930515456,0.13891553994417793,0.2
4,14,0.25,0.05,0.25,0.25,0.16092800839071994,0.44061867226047996,0.5593813277395201,0.0,0.45761210765408733,4.991384294573306,4,0.004871818329428296,0.554460090455399,0.5643887516894458,0.761177602388224,0.8407850682588159,0.15921493174118406,0.0,0.9999999997442425,4.352818761045253,9,0.001570909608903045,0.16875016364583176,0.17182282494843842,0.25
5,0,0.0,0.0,0.0,0.0,1.0,1.0,0.0,0.0,1.0,0.0,9,1.1122483486289689e-08,0.0,0.0,1.0,1.0,0.0,0.0,1.0,0.0,9,0.261035429046315,6.66598555283837e-06,0.6666665916666674,0.0
5,1,0.0005,0.0001,0.0005,0.0005,0.9999983760000163,0.9999989173333441,1.082666655882747e-06,0.0,0.99926106050691,0.3783209211595055,9,1.895469775236421e-07,9.134999908733121e-07,1.2919999869964727e-06,0.9994354671846454,0.9996236447897635,0.00037635521023648977,0.0,0.9999999999934934,0.14174297536775526,9,0.002234184342542976,0.00039890136349898683,0.005365370711146356,0.0005
5,2,0.001,0.0002,0.001,0.001,0.9999951458500486,0.9999967639000324,3.2360999675518087e-06,0.0,0.9985086109888929,0.27311488427722014,9,2.5481504116610116e-07,2.975637470314929e-06,3.482324965276007e-06,0.9988885212913149,0.99925901419421,0.0007409858057899621,0.0,0.9999999997189982,0.1120663133186339,9,0.0018750850332666684,0.000346756703652411,0.004416409093435889,0.001
5,3,0.0025,0.0005,0.0025,0.0025,0.9999669669028116,0.9999779779352078,2.202206479218205e-05,0.0,0.9962618112988473,2.1208596619694635,9,5.13563315397277e-07,2.151593758481507e-05,2.2511120399859585e-05,0.9971859679281404,0.9981239786187602,0.0018760213812397675,0.0,1.0000000007363585,0.07613014816103914,9,0.0015245233552020744,0.0007828465937715156,0.003994834651785016,0.0025
5,4,0.005,0.001,0.005,0.005,0.9998601066113989,0.9999067377409325,9.326225906747254e-05,0.0,0.9924654104576219,6.9570817828368,9,1.1307826195374079e-06,9.20083957464124e-05,9.434221905646467e-05,0.9943650488263496,0.996243365884233,0.003756634115766988,0.0,0.9999999996862204,0.15173289466139842,9,0.0015693028834688736,0.003339468406605306,0.006554001454459999,0.005
5,5,0.01,0.002,0.01,0.01,0.9993824434655756,0.9995882956437171,0.0004117043562829048,0.0,0.9847970599229648,20.12332634697497,9,3.2410497469329863e-06,0.0004086117904139597,0.00041503341874971067,0.9887242281127577,0.9924828187418385,0.007517181258161476,0.0,1.0000000001343021,0.16115886361862947,9,0.0013297356417776034,0.00747453272525469,0.010205703097942966,0.01
5,6,0.025,0.005,0.025,0.025,0.994371202641288,0.9962474684275252,0.003752531572474793,0.0,0.9608279749609674,40.3260624954391,9,2.8206535336819637e-05,0.0037232370923677214,0.003777578678890947,0.9721072642789274,0.9814048428526183,0.01859515714738169,0.0,0.9999999970627368,0.08246516504061516,9,0.0012870598394538707,0.01851297773487018,0.021198904108010855,0.025
5,7,0.0375,0.0075,0.0375,0.0375,0.9840820161591799,0.9893880107727866,0.010611989227213403,0.0,0.9395754320405312,40.376382875587616,8,9.298415653380827e-05,0.010517234241494262,0.010708241386250879,0.9584810704151893,0.9723207136101261,0.027679286389873936,0.0,0.9999999975954177,0.08203844155751312,9,0.0013042538629631872,0.027378199086217983,0.029734878315984523,0.0375
5,8,0.05,0.01,0.05,0.05,0.9633950683660494,0.975596712244033,0.024403287755967007,0.0,0.9171624355743828,54.55606594319951,6,0.00021264311870650802,0.02416623506500439,0.024597820020688537,0.944909900550901,0.963273267033934,0.03672673296606599,0.0,0.9999999984641825,0.020527919457243894,9,0.0012701954172697524,0.03598509340014912,0.03850534958827994,0.05
5,9,0.0625,0.0125,0.0625,0.0625,0.9265630027343699,0.9510420018229132,0.04895799817708679,0.0,0.8937966193886299,58.33794934434183,6,0.00044639655672217276,0.048507594074924026,0.04936224974637748,0.9314986846850132,0.9543324564566754,0.045667543543324585,0.0,0.9999999996386602,0.08243627639471239,9,0.0012061227568973191,0.04535749074642515,0.0477720516822796,0.0625
5,10,0.075,0.015,0.075,0.075,0.872683201273168,0.915122134182112,0.08487786581788803,0.0,0.8692767699714202,65.85070374871579,6,0.0006804261638718662,0.08421932715780678,0.08557858047754754,0.9185660328143397,0.9457106885428931,0.054289311457106915,0.0,0.9999999996313111,0.03493862815281297,9,0.0012595917296890247,0.05350041290499596,0.05605101170615654,0.075
5,11,0.1,0.02,0.1,0.1,0.65859200341408,0.77239466894272,0.22760533105727998,0.0,0.8170789118018632,56.46570054749593,5,0.0013680623393298008,0.22625636040410307,0.22899161371008397,0.8931912010680879,0.9287941340453919,0.0712058659546081,0.0,0.9999999995891279,0.07181257318799888,9,0.0012011985217666784,0.07084772195818945,0.07321392993452737,0.1
5,12,0.15,0.03,0.15,0.15,0.3876512061234879,0.5917674707489919,0.40823252925100806,0.0,0.7023530199661759,7.1096622693035485,4,0.002395615315893958,0.4058547159414528,0.41051899322814345,0.844708801552912,0.8964725343686079,0.10352746563139215,0.0,0.9999999995411423,0.13772101756178265,9,0.0012923881797450825,0.10372055362946125,0.10629047360376195,0.15
5,13,0.2,0.04,0.2,0.2,0.251317607486824,0.5008784049912159,0.49912159500878406,0.0,0.579096014805809,4.579606498063333,4,0.005480399058097725,0.4939776163935571,0.5051385336152814,0.801483201985168,0.867655467990112,0.13234453200988805,0.0,0.9999999994789539,0.8839571538680595,9,0.0014388556661589402,0.13615120930515456,0.13891553994417793,0.2
5,14,0.25,0.05,0.25,0.25,0.16709760832902396,0.44473173888601597,0.5552682611139841,0.0,0.45761001231130005,6.800741570638071,4,0.005512148336368197,0.5493403465065966,0.5606054130606125,0.761177602388224,0.8407850682588159,0.15921493174118406,0.0,0.9999999997442425,4.352818761045253,9,0.001570909608903045,0.16875016364583176,0.17182282494843842,0.25
6,0,0.0,0.0,0.0,0.0,1.0,1.0,0.0,0.0,1.0,0.0,9,1.1093818535662109e-08,0.0,0.0,1.0,1.0,0.0,0.0,1.0,0.0,9,0.261035429046315,6.66598555283837e-06,0.6666665916666674,0.0
6,1,0.0005,0.0001,0.0005,0.0005,0.9999980620000194,0.999998708000013,1.2919999869964727e-06,0.0,0.9992624140342431,0.2876725993129498,9,1.9286578538548654e-07,1.082666655882747e-06,1.461999985408191e-06,0.9994354671846454,0.9996236447897635,0.00037635521023648977,0.0,0.9999999999934934,0.14174297536775526,9,0.002234184342542976,0.00039890136349898683,0.005365370711146356,0.0005
6,2,0.001,0.0002,0.001,0.001,0.9999942745150573,0.9999961830100382,3.816989961769046e-06,0.0,0.9985080567177718,0.26382911143093524,9,2.731086682384158e-07,3.5342499646873193e-06,4.083649959185642e-06,0.9988885212913149,0.99925901419421,0.0007409858057899621,0.0,0.9999999997189982,0.1120663133186339,9,0.0018750850332666684,0.000346756703652411,0.004416409093435889,0.001
6,3,0.0025,0.0005,0.0025,0.0025,0.999960406779196,0.9999736045194639,2.6395480536067772e-05,0.0,0.996273257744573,1.3904960137380153,9,4.767546181307221e-07,2.5917824140742063e-05,2.687714353122317e-05,0.9971859679281404,0.9981239786187602,0.0018760213812397675,0.0,1.0000000007363585,0.07613014816103914,9,0.0015245233552020744,0.0007828465937715156,0.003994834651785016,0.0025
6,4,0.005,0.001,0.005,0.005,0.9998355172216449,0.99989034481443,0.00010965518557004561,0.0,0.9924831372358339,4.038092374036461,9,1.184421588534901e-06,0.00010847778558176202,0.00011077110362560205,0.9943650488263496,0.996243365884233,0.003756634115766988,0.0,0.9999999996862204,0.15173289466139842,9,0.0015693028834688736,0.003339468406605306,0.006554001454459999,0.005
6,5,0.01,0.002,0.01,0.01,0.9992133194110668,0.9994755462740446,0.0005244537259554427,0.0,0.9848626745082568,11.061269561632884,9,3.7168509734787234e-06,0.0005207807061253789,0.0005282563274375063,0.9887242281127577,0.9924828187418385,0.007517181258161476,0.0,1.0000000001343021,0.16115886361862947,9,0.0013297356417776034,0.00747453272525469,0.010205703097942966,0.01
6,6,0.025,0.005,0.025,0.025,0.9930262750697373,0.9953508500464915,0.0046491499535085135,0.0,0.9609153276633832,25.420298394466627,9,3.24393756260005e-05,0.004618520904214769,0.004684054037959466,0.9721072642789274,0.9814048428526183,0.01859515714738169,0.0,0.9999999970627368,0.08246516504061516,9,0.0012870598394538707,0.01851297773487018,0.021198904108010855,0.025
6,7,0.0375,0.0075,0.0375,0.0375,0.9795260862047391,0.9863507241364928,0.013649275863507171,0.0,0.9396923572122953,54.42862180374014,9,9.649925536373515e-05,0.013554379704456285,0.013745405942545932,0.9584810704151893,0.9723207136101261,0.027679286389873936,0.0,0.9999999975954177,0.08203844155751312,9,0.0013042538629631872,0.027378199086217983,0.029734878315984523,0.0375
6,8,0.05,0.01,0.05,0.05,0.9557620484423794,0.9705080322949197,0.029491967705080335,0.0,0.9172383044308242,79.75809996703887,6,0.00021067002355433599,0.029294161627058467,0.029708167009584927,0.944909900550901,0.963273267033934,0.03672673296606599,0.0,0.9999999984641825,0.020527919457243894,9,0.0012701954172697524,0.03598509340014912,0.03850534958827994,0.05
6,9,0.0625,0.0125,0.0625,0.0625,0.9110626488893735,0.9407084325929157,0.0592915674070843,0.0,0.8938215597023438,79.3638048879353,6,0.0004120510537281688,0.05887483274458505,0.05969838148301618,0.9314986846850132,0.9543324564566754,0.045667543543324585,0.0,0.9999999996386602,0.08243627639471239,9,0.0012061227568973191,0.04535749074642515,0.0477720516822796,0.0625
6,10,0.075,0.015,0.075,0.075,0.8531112014688879,0.902074134312592,0.09792586568740802,0.0,0.869303837003839,79.0324887262345,6,0.0006876505742251848,0.09730655902693448,0.098672169679945,0.9185660328143397,0.9457106885428931,0.054289311457106915,0.0,0.9999999996313111,0.03493862815281297,9,0.0012595917296890247,0.05350041290499596,0.05605101170615654,0.075
6,11,0.1,0.02,0.1,0.1,0.65763200342368,0.77175466894912,0.22824533105087996,0.0,0.8170790822676925,53.75706797794095,5,0.001480190679580326,0.22678017906553152,0.22985966703473668,0.8931912010680879,0.9287941340453919,0.0712058659546081,0.0,0.9999999995891279,0.07181257318799888,9,0.0012011985217666784,0.07084772195818945,0.07321392993452737,0.1
6,12,0.15,0.03,0.15,0.15,0.38817920611820794,0.5921194707454719,0.4078805292545281,0.0,0.7023529206174222,12.140512469333004,5,0.002516438801790536,0.40529036394709633,0.41011325456553416,0.844708801552912,0.8964725343686079,0.10352746563139215,0.0,0.9999999995411423,0.13772101756178265,9,0.0012923881797450825,0.10372055362946125,0.10629047360376195,0.15
6,13,0.2,0.04,0.2,0.2,0.251511207484888,0.501007471656592,0.498992528343408,0.0,0.5790959358141939,10.447960499063985,5,0.005496904887139077,0.49383293372833725,0.5047554082857793,0.801483201985168,0.867655467990112,0.13234453200988805,0.0,0.9999999994789539,0.8839571538680595,9,0.0014388556661589402,0.13615120930515456,0.13891553994417793,0.2
6,14,0.25,0.05,0.25,0.25,0.16710720832892795,0.444738138885952,0.5552618611140481,0.0,0.45761000769229404,11.904832562615681,5,0.00549399781740605,0.5501902664980973,0.5613235783867643,0.761177602388224,0.8407850682588159,0.15921493174118406,0.0,0.9999999997442425,4.352818761045253,9,0.001570909608903045,0.16875016364583176,0.17182282494843842,0.25
7,0,0.0,0.0,0.0,0.0,1.0,1.0,0.0,0.0,1.0,0.0,9,1.2768775798930753e-08,0.0,3.333333298272123e-08,1.0,1.0,0.0,0.0,1.0,0.0,9,0.261035429046315,6.66598555283837e-06,0.6666665916666674,0.0
7,1,0.0005,0.0001,0.0005,0.0005,0.9999977560000224,0.9999985040000149,1.4959999851127392e-06,0.0,0.9992622248715555,0.15548177226608012,9,2.0905364470695897e-07,1.2579999874029468e-06,1.682537483227442e-06,0.9994354671846454,0.9996236447897635,0.00037635521023648977,0.0,0.9999999999934934,0.14174297536775526,9,0.002234184342542976,0.00039890136349898683,0.005365370711146356,0.0005
7,2,0.001,0.0002,0.001,0.001,0.999992707468823,0.9999951383125486,4.861687451396257e-06,0.0,0.9985101178070487,0.41701412453180675,9,2.645042719540448e-07,4.624004953712735e-06,5.139216615268616e-06,0.9988885212913149,0.99925901419421,0.0007409858057899621,0.0,0.9999999997189982,0.1120663133186339,9,0.0018750850332666684,0.000346756703652411,0.004416409093435889,0.001
7,3,0.0025,0.0005,0.0025,0.0025,0.9999519423326055,0.9999679615550704,3.203844492960517e-05,0.0,0.9962766680001812,4.8640339311142355,9,5.028913990542727e-07,3.152250305971105e-05,3.250803117493817e-05,0.9971859679281404,0.9981239786187602,0.0018760213812397675,0.0,1.0000000007363585,0.07613014816103914,9,0.0015245233552020744,0.0007828465937715156,0.003994834651785016,0.0025
7,4,0.005,0.001,0.005,0.005,0.9997997347320026,0.9998664898213351,0.00013351017866491954,0.0,0.9924931922056657,9.624536188790618,9,1.1626894236823413e-06,0.000132291278677088,0.00013463999865359622,0.9943650488263496,0.996243365884233,0.003756634115766988,0.0,0.9999999996862204,0.15173289466139842,9,0.0015693028834688736,0.003339468406605306,0.006554001454459999,0.005
7,5,0.01,0.002,0.01,0.01,0.9990326393690486,0.999355092912699,0.0006449070873010276,0.0,0.984943688492289,37.69093513615906,9,3.359943502562226e-06,0.0006416486489675855,0.0006484288007158057,0.9887242281127577,0.9924828187418385,0.007517181258161476,0.0,1.0000000001343021,0.16115886361862947,9,0.0013297356417776034,0.00747453272525469,0.010205703097942966,0.01
7,6,0.025,0.005,0.025,0.025,0.991176402128236,0.9941176014188239,0.005882398581176118,0.0,0.961030147478063,74.91192874300985,9,3.634978583452732e-05,0.005846957042597158,0.00591979290560202,0.9721072642789274,0.9814048428526183,0.01859515714738169,0.0,0.9999999970627368,0.08246516504061516,9,0.0012870598394538707,0.01851297773487018,0.021198904108010855,0.025
7,7,0.0375,0.0075,0.0375,0.0375,0.9747037182529628,0.9831358121686419,0.016864187831358124,0.0,0.9397922445869054,132.16611410813246,9,0.00012049093620311981,0.016746066499206038,0.016981374710186257,0.9584810704151893,0.9723207136101261,0.027679286389873936,0.0,0.9999999975954177,0.08203844155751312,9,0.0013042538629631872,0.027378199086217983,0.029734878315984523,0.0375
7,8,0.05,0.01,0.05,0.05,0.9474125105258748,0.9649416736839166,0.03505832631608341,0.0,0.9173036887157165,209.43320073816707,8,0.00025589556246334854,0.03479016498543164,0.035317360926826406,0.944909900550901,0.963273267033934,0.03672673296606599,0.0,0.9999999984641825,0.020527919457243894,9,0.0012701954172697524,0.03598509340014912,0.03850534958827994,0.05
7,9,0.0625,0.0125,0.0625,0.0625,0.8781656012183439,0.9187770674788959,0.08122293252110413,0.0,0.8938595577220548,281.1946833923429,6,0.00039415813727208804,0.08083982852493514,0.08162470318375299,0.9314986846850132,0.9543324564566754,0.045667543543324585,0.0,0.9999999996386602,0.08243627639471239,9,0.0012061227568973191,0.04535749074642515,0.0477720516822796,0.0625
7,10,0.075,0.015,0.075,0.075,0.7863288021367119,0.8575525347578079,0.1424474652421921,0.0,0.8693597578250327,288.01593361981617,6,0.0005621671953861809,0.14194907591384273,0.14298416923682494,0.9185660328143397,0.9457106885428931,0.054289311457106915,0.0,0.9999999996313111,0.03493862815281297,9,0.0012595917296890247,0.05350041290499596,0.05605101170615654,0.075
7,11,0.1,0.02,0.1,0.1,0.598886404011136,0.732590936007424,0.267409063992576,0.0,0.8170909072177421,88.967980518241,5,0.0011115952623424053,0.26634933066984,0.2684864826484685,0.8931912010680879,0.9287941340453919,0.0712058659546081,0.0,0.9999999995891279,0.07181257318799888,9,0.0012011985217666784,0.07084772195818945,0.07321392993452737,0.1
7,12,0.15,0.03,0.15,0.15,0.3918648060813519,0.5945765373875679,0.4054234626124321,0.0,0.7023522226421774,9.213456133312262,5,0.002416955702341613,0.40281913197180863,0.40775383058912845,0.844708801552912,0.8964725343686079,0.10352746563139215,0.0,0.9999999995411423,0.13772101756178265,9,0.0012923881797450825,0.10372055362946125,0.10629047360376195,0.15
7,13,0.2,0.04,0.2,0.2,0.25652400743475995,0.50434933828984,0.49565066171016003,0.0,0.5790937931501045,11.639735623360052,5,0.005805814192596545,0.49031199509688006,0.5021104376455622,0.801483201985168,0.867655467990112,0.13234453200988805,0.0,0.9999999994789539,0.8839571538680595,9,0.0014388556661589402,0.13615120930515456,0.13891553994417793,0.2
7,14,0.25,0.05,0.25,0.25,0.16739600832603996,0.44493067221736,0.55506932778264,0.0,0.4576098691738559,10.073233932249332,5,0.005433291001211406,0.5495865118374682,0.5606648477266848,0.761177602388224,0.8407850682588159,0.15921493174118406,0.0,0.9999999997442425,4.352818761045253,9,0.001570909608903045,0.16875016364583176,0.17182282494843842,0.25
8,0,0.0,0.0,0.0,0.0,1.0,1.0,0.0,0.0,1.0,0.0,9,1.2768775798930755e-08,0.0,3.333333298272123e-08,1.0,1.0,0.0,0.0,1.0,0.0,9,0.261035429046315,6.66598555283837e-06,0.6666665916666674,0.0
8,1,0.0005,0.0001,0.0005,0.0005,0.9999974246875257,0.999998283125017,1.716874982959915e-06,0.0,0.9992628760167591,0.45336436112457495,9,1.9147102138995042e-07,1.537499984660684e-06,1.93227998079859e-06,0.9994354671846454,0.9996236447897635,0.00037635521023648977,0.0,0.9999999999934934,0.14174297536775526,9,0.002234184342542976,0.00039890136349898683,0.005365370711146356,0.0005
8,2,0.001,0.0002,0.001,0.001,0.9999917644600823,0.999994509640055,5.490359945015122e-06,0.0,0.9985126033117113,0.4693175212677134,9,2.70188836721115e-07,5.175408281488103e-06,5.698419943023225e-06,0.9988885212913149,0.99925901419421,0.0007409858057899621,0.0,0.9999999997189982,0.1120663133186339,9,0.0018750850332666684,0.000346756703652411,0.004416409093435889,0.001
8,3,0.0025,0.0005,0.0025,0.0025,0.999944802084052,0.999963201389368,3.6798610631993967e-05,0.0,0.9962874049826862,2.0568434812557634,9,5.296055512270089e-07,3.624921147504789e-05,3.731107687698909e-05,0.9971859679281404,0.9981239786187602,0.0018760213812397675,0.0,1.0000000007363585,0.07613014816103914,9,0.0015245233552020744,0.0007828465937715156,0.003994834651785016,0.0025
8,4,0.005,0.001,0.005,0.005,0.999760496452395,0.9998403309682633,0.00015966903173669778,0.0,0.9925353954920576,9.965250714486842,9,1.3159266970062908e-06,0.0001582661484174075,0.00016093490672408617,0.9943650488263496,0.996243365884233,0.003756634115766988,0.0,0.9999999996862204,0.15173289466139842,9,0.0015693028834688736,0.003339468406605306,0.006554001454459999,0.005
8,5,0.01,0.002,0.01,0.01,0.9988690343313097,0.9992460228875398,0.0007539771124601691,0.0,0.9850415006923443,33.44479409937143,9,3.822010656360999e-06,0.0007503895924960702,0.0007576977369564019,0.9887242281127577,0.9924828187418385,0.007517181258161476,0.0,1.0000000001343021,0.16115886361862947,9,0.0013297356417776034,0.00747453272525469,0.010205703097942966,0.01
8,6,0.025,0.005,0.025,0.025,0.9897065516129344,0.9931377010752896,0.006862298924710353,0.0,0.9611674750951399,133.0523930115825,9,3.9098155764549084e-05,0.006825020331749698,0.006906085624805782,0.9721072642789274,0.9814048428526183,0.01859515714738169,0.0,0.9999999970627368,0.08246516504061516,9,0.0012870598394538707,0.01851297773487018,0.021198904108010855,0.025
8,7,0.0375,0.0075,0.0375,0.0375,0.9726578802734213,0.9817719201822808,0.018228079817719234,0.0,0.9398510239479986,198.94345729394567,9,0.00011600864440768087,0.018103941258960497,0.018339314216606884,0.9584810704151893,0.9723207136101261,0.027679286389873936,0.0,0.9999999975954177,0.08203844155751312,9,0.0013042538629631872,0.027378199086217983,0.029734878315984523,0.0375
8,8,0.05,0.01,0.05,0.05,0.939772800602272,0.959848533734848,0.04015146626515198,0.0,0.9173912780280273,304.1944420156396,8,0.00020961504785031498,0.03993273986733925,0.04034141351658584,0.944909900550901,0.963273267033934,0.03672673296606599,0.0,0.9999999984641825,0.020527919457243894,9,0.0012701954172697524,0.03598509340014912,0.03850534958827994,0.05
8,9,0.0625,0.0125,0.0625,0.0625,0.872674401273256,0.9151162675155039,0.0848837324844961,0.0,0.8938689280738321,295.8302216340993,6,0.00038619977564295833,0.08450436182162308,0.08529501781371658,0.9314986846850132,0.9543324564566754,0.045667543543324585,0.0,0.9999999996386602,0.08243627639471239,9,0.0012061227568973191,0.04535749074642515,0.0477720516822796,0.0625
8,10,0.075,0.015,0.075,0.075,0.7862952021370478,0.857530134758032,0.14246986524196803,0.0,0.869359705044741,287.39918416605946,6,0.0005883181103169587,0.1418904092477626,0.14306835056931663,0.9185660328143397,0.9457106885428931,0.054289311457106915,0.0,0.9999999996313111,0.03493862815281297,9,0.0012595917296890247,0.05350041290499596,0.05605101170615654,0.075
8,11,0.1,0.02,0.1,0.1,0.598854404011456,0.732569602674304,0.26743039732569596,0.0,0.8170909098199178,92.4043951853131,6,0.0011418316428620549,0.2662982160036846,0.26866781597998846,0.8931912010680879,0.9287941340453919,0.0712058659546081,0.0,0.9999999995891279,0.07181257318799888,9,0.0012011985217666784,0.07084772195818945,0.07321392993452737,0.1
8,12,0.15,0.03,0.15,0.15,0.3918656060813439,0.5945770707208959,0.40542292927910406,0.0,0.7023522222961525,13.701497686553122,6,0.00242124123273896,0.4028336813049965,0.40752227859144396,0.844708801552912,0.8964725343686079,0.10352746563139215,0.0,0.9999999995411423,0.13772101756178265,9,0.0012923881797450825,0.10372055362946125,0.10629047360376195,0.15
8,13,0.2,0.04,0.2,0.2,0.25652560743474395,0.504350404956496,0.49564959504350403,0.0,0.5790937923450231,17.947168625986958,6,0.005566185221740964,0.49009326443240075,0.5015228963181042,0.801483201985168,0.867655467990112,0.13234453200988805,0.0,0.9999999994789539,0.8839571538680595,9,0.0014388556661589402,0.13615120930515456,0.13891553994417793,0.2
8,14,0.25,0.05,0.25,0.25,0.16739600832603996,0.44493067221736,0.55506932778264,0.0,0.45760986917981833,19.53215118960288,6,0.0055918647101911405,0.549734565169321,0.56101066105656,0.761177602388224,0.8407850682588159,0.15921493174118406,0.0,0.9999999997442425,4.352818761045253,9,0.001570909608903045,0.16875016364583176,0.17182282494843842,0.25
9,0,0.0,0.0,0.0,0.0,1.0,1.0,0.0,0.0,1.0,0.0,9,1.2345504705750991e-08,0.0,0.0,1.0,1.0,0.0,0.0,1.0,0.0,9,0.261035429046315,6.66598555283837e-06,0.6666665916666674,0.0
9,1,0.0005,0.0001,0.0005,0.0005,0.9999973216750268,0.9999982144500178,1.7855499822028165e-06,0.0,0.9992633331436882,0.3836958155788521,9,2.0043974965922933e-07,1.6058333173196715e-06,2.0012899799581874e-06,0.9994354671846454,0.9996236447897635,0.00037635521023648977,0.0,0.9999999999934934,0.14174297536775526,9,0.002234184342542976,0.00039890136349898683,0.005365370711146356,0.0005
9,2,0.001,0.0002,0.001,0.001,0.9999916715400833,0.9999944476933887,5.552306611256164e-06,0.0,0.9985112775401594,0.26810699128339827,9,2.5510569772857033e-07,5.3085599468483124e-06,5.808004941876277e-06,0.9988885212913149,0.99925901419421,0.0007409858057899621,0.0,0.9999999997189982,0.1120663133186339,9,0.0018750850332666684,0.000346756703652411,0.004416409093435889,0.001
9,3,0.0025,0.0005,0.0025,0.0025,0.9999420647253794,0.9999613764835863,3.8623516413704984e-05,0.0,0.9962926357126544,0.8803953823538593,9,5.194320275486458e-07,3.8044787169511096e-05,3.913379510878112e-05,0.9971859679281404,0.9981239786187602,0.0018760213812397675,0.0,1.0000000007363585,0.07613014816103914,9,0.0015245233552020744,0.0007828465937715156,0.003994834651785016,0.0025
9,4,0.005,0.001,0.005,0.005,0.9997486289000137,0.9998324192666758,0.00016758073332423518,0.0,0.992547538560581,4.213271173457819,9,1.270986825859071e-06,0.00016623654833780588,0.00016877773856227574,0.9943650488263496,0.996243365884233,0.003756634115766988,0.0,0.9999999996862204,0.15173289466139842,9,0.0015693028834688736,0.003339468406605306,0.006554001454459999,0.005
9,5,0.01,0.002,0.01,0.01,0.9988068102519319,0.9992045401679546,0.0007954598320454309,0.0,0.9850653798195913,21.828719002838092,9,4.313306924839246e-06,0.0007911579054217244,0.000799833805335104,0.9887242281127577,0.9924828187418385,0.007517181258161476,0.0,1.0000000001343021,0.16115886361862947,9,0.0013297356417776034,0.00747453272525469,0.010205703097942966,0.01
9,6,0.025,0.005,0.025,0.025,0.9889321790106782,0.9926214526737854,0.0073785473262145684,0.0,0.9612346218066702,152.4364796697505,9,3.9485319492695164e-05,0.007339933120200701,0.007420127925798603,0.9721072642789274,0.9814048428526183,0.01859515714738169,0.0,0.9999999970627368,0.08246516504061516,9,0.0012870598394538707,0.01851297773487018,0.021198904108010855,0.025
9,7,0.0375,0.0075,0.0375,0.0375,0.9696253423037466,0.9797502282024978,0.020249771797502203,0.0,0.9399361699634119,274.97452057401006,9,0.00011744115332836296,0.020129726732036154,0.02036188347638108,0.9584810704151893,0.9723207136101261,0.027679286389873936,0.0,0.9999999975954177,0.08203844155751312,9,0.0013042538629631872,0.027378199086217983,0.029734878315984523,0.0375
9,8,0.05,0.01,0.05,0.05,0.9377965366220345,0.9585310244146896,0.041468975585310375,0.0,0.9174084582120181,335.9025639181424,8,0.00021524704315223158,0.04124018838759818,0.04165371558346283,0.944909900550901,0.963273267033934,0.03672673296606599,0.0,0.9999999984641825,0.020527919457243894,9,0.0012701954172697524,0.03598509340014912,0.03850534958827994,0.05
9,9,0.0625,0.0125,0.0625,0.0625,0.8731488012685119,0.915432534179008,0.08456746582099195,0.0,0.8938680265478753,303.65396485570517,7,0.0004132243436516531,0.08413324715866757,0.08498316715016843,0.9314986846850132,0.9543324564566754,0.045667543543324585,0.0,0.9999999996386602,0.08243627639471239,9,0.0012061227568973191,0.04535749074642515,0.0477720516822796,0.0625
9,10,0.075,0.015,0.075,0.075,0.785350402146496,0.856900268097664,0.14309973190233605,0.0,0.8693609600806181,287.50843108030506,6,0.0005785447340134585,0.1424888945751112,0.14362553456374472,0.9185660328143397,0.9457106885428931,0.054289311457106915,0.0,0.9999999996313111,0.03493862815281297,9,0.0012595917296890247,0.05350041290499596,0.05605101170615654,0.075
9,11,0.1,0.02,0.1,0.1,0.599058404009416,0.732705602672944,0.26729439732705595,0.0,0.8170908357025748,95.55302104119394,7,0.001142406955507457,0.26632516000341505,0.26845356531546444,0.8931912010680879,0.9287941340453919,0.0712058659546081,0.0,0.9999999995891279,0.07181257318799888,9,0.0012011985217666784,0.07084772195818945,0.07321392993452737,0.1
9,12,0.15,0.03,0.15,0.15,0.39187360608126387,0.594582404054176,0.40541759594582405,0.0,0.7023522197983405,13.297090236454258,6,0.0025000533247045917,0.40285522797144774,0.40783598525497355,0.844708801552912,0.8964725343686079,0.10352746563139215,0.0,0.9999999995411423,0.13772101756178265,9,0.0012923881797450825,0.10372055362946125,0.10629047360376195,0.15
9,13,0.2,0.04,0.2,0.2,0.256526407434736,0.504350938289824,0.495649061710176,0.0,0.5790937919178846,19.557025591011524,6,0.005826458118681554,0.49062448576042184,0.5014767309852327,0.801483201985168,0.867655467990112,0.13234453200988805,0.0,0.9999999994789539,0.8839571538680595,9,0.0014388556661589402,0.13615120930515456,0.13891553994417793,0.2
9,14,0.25,0.05,0.25,0.25,0.16739600832603996,0.44493067221736,0.55506932778264,0.0,0.457609869175999,17.035672118401305,6,0.005271189619907334,0.5501936798313966,0.5605392583946073,0.761177602388224,0.8407850682588159,0.15921493174118406,0.0,0.9999999997442425,4.352818761045253,9,0.001570909608903045,0.16875016364583176,0.17182282494843842,0.25
10,0,0.0,0.0,0.0,0.0,1.0,1.0,0.0,0.0,1.0,0.0,9,1.2710047578570804e-08,0.0,3.333333298272123e-08,1.0,1.0,0.0,0.0,1.0,0.0,9,0.261035429046315,6.66598555283837e-06,0.6666665916666674,0.0
10,1,0.0005,0.0001,0.0005,0.0005,0.9999971533375285,0.999998102225019,1.8977749810522582e-06,0.0,0.999263546890172,0.25821341896406635,9,1.8479221867418478e-07,1.716874982959915e-06,2.070299979339829e-06,0.9994354671846454,0.9996236447897635,0.00037635521023648977,0.0,0.9999999999934934,0.14174297536775526,9,0.002234184342542976,0.00039890136349898683,0.005365370711146356,0.0005
10,2,0.001,0.0002,0.001,0.001,0.9999902676400974,0.9999935117600649,6.488239935098505e-06,0.0,0.9985145776813706,0.3504884120561509,9,2.742305783832344e-07,6.20173660459411e-06,6.740066599397743e-06,0.9988885212913149,0.99925901419421,0.0007409858057899621,0.0,0.9999999997189982,0.1120663133186339,9,0.0018750850332666684,0.000346756703652411,0.004416409093435889,0.001
10,3,0.0025,0.0005,0.0025,0.0025,0.9999337640083624,0.9999558426722416,4.415732775842063e-05,0.0,0.9963086056116197,6.343035167886961,9,5.178597907881686e-07,4.3597547788931656e-05,4.464147142846375e-05,0.9971859679281404,0.9981239786187602,0.0018760213812397675,0.0,1.0000000007363585,0.07613014816103914,9,0.0015245233552020744,0.0007828465937715156,0.003994834651785016,0.0025
10,4,0.005,0.001,0.005,0.005,0.9997070970643791,0.9998047313762527,0.00019526862374730225,0.0,0.9926012048255406,14.709941862147087,9,1.3357140505336933e-06,0.0001939788268602305,0.00019652430209071258,0.9943650488263496,0.996243365884233,0.003756634115766988,0.0,0.9999999996862204,0.15173289466139842,9,0.0015693028834688736,0.003339468406605306,0.006554001454459999,0.005
10,5,0.01,0.002,0.01,0.01,0.9986300118836998,0.9990866745891331,0.0009133254108668609,0.0,0.9851731042507992,48.365611792738214,9,4.691403170163425e-06,0.0009085637075809672,0.000918394320816085,0.9887242281127577,0.9924828187418385,0.007517181258161476,0.0,1.0000000001343021,0.16115886361862947,9,0.0013297356417776034,0.00747453272525469,0.010205703097942966,0.01
10,6,0.025,0.005,0.025,0.025,0.9874045001259549,0.9916030000839701,0.008396999916029935,0.0,0.9613733530862284,301.69378961523137,9,4.2030292663204715e-05,0.008357051916429565,0.008440247915597592,0.9721072642789274,0.9814048428526183,0.01859515714738169,0.0,0.9999999970627368,0.08246516504061516,9,0.0012870598394538707,0.01851297773487018,0.021198904108010855,0.025
10,7,0.0375,0.0075,0.0375,0.0375,0.9653285903467141,0.9768857268978094,0.023114273102190608,0.0,0.9400556247863573,458.70133964300163,9,0.00010210503037924378,0.023023831716428394,0.023213274967867275,0.9584810704151893,0.9723207136101261,0.027679286389873936,0.0,0.9999999975954177,0.08203844155751312,9,0.0013042538629631872,0.027378199086217983,0.029734878315984523,0.0375
10,8,0.05,0.01,0.05,0.05,0.9225269307747307,0.9483512871831538,0.05164871281684624,0.0,0.9175622005682398,608.3754851806624,9,0.0001875454109146998,0.051466331965336586,0.05182723521506101,0.944909900550901,0.963273267033934,0.03672673296606599,0.0,0.9999999984641825,0.020527919457243894,9,0.0012701954172697524,0.03598509340014912,0.03850534958827994,0.05
10,9,0.0625,0.0125,0.0625,0.0625,0.866643201333568,0.9110954675557119,0.08890453244428809,0.0,0.8938781379925057,345.644282639677,9,0.000376777484319374,0.08852642044806919,0.08925623377410445,0.9314986846850132,0.9543324564566754,0.045667543543324585,0.0,0.9999999996386602,0.08243627639471239,9,0.0012061227568973191,0.04535749074642515,0.0477720516822796,0.0625
10,10,0.075,0.015,0.075,0.075,0.783380802166192,0.8555872014441279,0.14441279855587208,0.0,0.8693632976862323,300.8253406444246,9,0.0005797803986359774,0.14382143856178567,0.14501365188319673,0.9185660328143397,0.9457106885428931,0.054289311457106915,0.0,0.9999999996313111,0.03493862815281297,9,0.0012595917296890247,0.05350041290499596,0.05605101170615654,0.075
10,11,0.1,0.02,0.1,0.1,0.5990800040092,0.7327200026727999,0.2672799973272001,0.0,0.8170908243190881,98.5339571968871,7,0.0010470627761297703,0.26625194400414726,0.2682684986506482,0.8931912010680879,0.9287941340453919,0.0712058659546081,0.0,0.9999999995891279,0.07181257318799888,9,0.0012011985217666784,0.07084772195818945,0.07321392993452737,0.1
10,12,0.15,0.03,0.15,0.15,0.3918992060810079,0.594599470720672,0.405400529279328,0.0,0.7023522118540343,18.850056474461383,7,0.0024647478310940675,0.40295946263707216,0.4078493825881728,0.844708801552912,0.8964725343686079,0.10352746563139215,0.0,0.9999999995411423,0.13772101756178265,9,0.0012923881797450825,0.10372055362946125,0.10629047360376195,0.15
10,13,0.2,0.04,0.2,0.2,0.25652560743474395,0.504350404956496,0.49564959504350403,0.0,0.5790937923166934,23.796250302770336,7,0.005612532152163909,0.4898606031013939,0.5009797069902029,0.801483201985168,0.867655467990112,0.13234453200988805,0.0,0.9999999994789539,0.8839571538680595,9,0.0014388556661589402,0.13615120930515456,0.13891553994417793,0.2
10,14,0.25,0.05,0.25,0.25,0.16739600832603996,0.44493067221736,0.55506932778264,0.0,0.45760986917610547,17.8725745382282,7,0.005494925938594395,0.5501409224985907,0.5606721010599456,0.761177602388224,0.8407850682588159,0.15921493174118406,0.0,0.9999999997442425,4.352818761045253,9,0.001570909608903045,0.16875016364583176,0.17182282494843842,0.25
11,0,0.0,0.0,0.0,0.0,1.0,1.0,0.0,0.0,1.0,0.0,9,1.2034981913136722e-08,0.0,0.0,1.0,1.0,0.0,0.0,1.0,0.0,9,0.261035429046315,6.66598555283837e-06,0.6666665916666674,0.0
11,1,0.0005,0.0001,0.0005,0.0005,0.9999967392775326,0.9999978261850218,2.1738149782457583e-06,0.0,0.9992637253149621,0.1515702779955129,9,1.8093251765609877e-07,1.9667849803228776e-06,2.3577299764765414e-06,0.9994354671846454,0.9996236447897635,0.00037635521023648977,0.0,0.9999999999934934,0.14174297536775526,9,0.002234184342542976,0.00039890136349898683,0.005365370711146356,0.0005
11,2,0.001,0.0002,0.001,0.001,0.9999885132701148,0.9999923421800766,7.657819923401199e-06,0.0,0.9985124866159368,1.5232675539412333,9,2.624977060318777e-07,7.399259925988666e-06,7.918399920758823e-06,0.9988885212913149,0.99925901419421,0.0007409858057899621,0.0,0.9999999997189982,0.1120663133186339,9,0.0018750850332666684,0.000346756703652411,0.004416409093435889,0.001
11,3,0.0025,0.0005,0.0025,0.0025,0.9999211597037884,0.9999474398025257,5.256019747434948e-05,0.0,0.9963208704331061,12.392574314994373,9,5.477075428329787e-07,5.1978471146796323e-05,5.308996266906174e-05,0.9971859679281404,0.9981239786187602,0.0018760213812397675,0.0,1.0000000007363585,0.07613014816103914,9,0.0015245233552020744,0.0007828465937715156,0.003994834651785016,0.0025
11,4,0.005,0.001,0.005,0.005,0.9996651177424488,0.9997767451616326,0.00022325483836738158,0.0,0.9926359681004527,28.774661342975023,9,1.4410281472300573e-06,0.00022188180738114127,0.0002246517933786052,0.9943650488263496,0.996243365884233,0.003756634115766988,0.0,0.9999999996862204,0.15173289466139842,9,0.0015693028834688736,0.003339468406605306,0.006554001454459999,0.005
11,5,0.01,0.002,0.01,0.01,0.998341697076583,0.998894464717722,0.0011055352822779696,0.0,0.9853271745178571,129.68640386035852,9,5.408465243115607e-06,0.001100490055661596,0.0011105805088943432,0.9887242281127577,0.9924828187418385,0.007517181258161476,0.0,1.0000000001343021,0.16115886361862947,9,0.0013297356417776034,0.00747453272525469,0.010205703097942966,0.01
11,6,0.025,0.005,0.025,0.025,0.985238600147614,0.990159066765076,0.009840933234923965,0.0,0.9615785253981058,660.4233615705937,9,4.221808603034219e-05,0.009795349715379853,0.009877426567892478,0.9721072642789274,0.9814048428526183,0.01859515714738169,0.0,0.9999999970627368,0.08246516504061516,9,0.0012870598394538707,0.01851297773487018,0.021198904108010855,0.025
11,7,0.0375,0.0075,0.0375,0.0375,0.9586661524133384,0.9724441016088923,0.027555898391107725,0.0,0.9402288712110067,954.1261516343419,9,0.00010899085320950577,0.027452827565471783,0.027670034176633104,0.9584810704151893,0.9723207136101261,0.027679286389873936,0.0,0.9999999975954177,0.08203844155751312,9,0.0013042538629631872,0.027378199086217983,0.029734878315984523,0.0375
11,8,0.05,0.01,0.05,0.05,0.8923544010764559,0.928236267384304,0.07176373261569602,0.0,0.9178032839434925,1548.7946918383632,9,0.0001677778062191463,0.07159236195074319,0.07193510328064903,0.944909900550901,0.963273267033934,0.03672673296606599,0.0,0.9999999984641825,0.020527919457243894,9,0.0012701954172697524,0.03598509340014912,0.03850534958827994,0.05
11,9,0.0625,0.0125,0.0625,0.0625,0.8105280018947199,0.8736853345964799,0.1263146654035201,0.0,0.8939425906041648,812.9647410227172,9,0.0002924082911567742,0.12603423873965763,0.12660994006723397,0.9314986846850132,0.9543324564566754,0.045667543543324585,0.0,0.9999999996386602,0.08243627639471239,9,0.0012061227568973191,0.04535749074642515,0.0477720516822796,0.0625
11,10,0.075,0.015,0.075,0.075,0.752875202471248,0.835250134980832,0.164749865019168,0.0,0.8693946732942676,397.7079148700726,9,0.00044653205419949214,0.16427948635720518,0.16515987034840138,0.9185660328143397,0.9457106885428931,0.054289311457106915,0.0,0.9999999996313111,0.03493862815281297,9,0.0012595917296890247,0.05350041290499596,0.05605101170615654,0.075
11,11,0.1,0.02,0.1,0.1,0.5998568040014319,0.733237869334288,0.26676213066571197,0.0,0.8170905494971158,97.23230218753334,8,0.0010775167276627555,0.26578391200882767,0.2677879439887872,0.8931912010680879,0.9287941340453919,0.0712058659546081,0.0,0.9999999995891279,0.07181257318799888,9,0.0012011985217666784,0.07084772195818945,0.07321392993452737,0.1
11,12,0.15,0.03,0.15,0.15,0.3921784060782159,0.5947856040521439,0.40521439594785613,0.0,0.7023521244034368,19.98604386687801,8,0.002437332189858294,0.4029729026369377,0.40758529725748044,0.844708801552912,0.8964725343686079,0.10352746563139215,0.0,0.9999999995411423,0.13772101756178265,9,0.0012923881797450825,0.10372055362946125,0.10629047360376195,0.15
11,13,0.2,0.04,0.2,0.2,0.25653520743464797,0.504356804956432,0.495643195043568,0.0,0.5790937873574917,22.14427454972241,8,0.005782013007346007,0.4898818937678477,0.5013766989862329,0.801483201985168,0.867655467990112,0.13234453200988805,0.0,0.9999999994789539,0.8839571538680595,9,0.0014388556661589402,0.13615120930515456,0.13891553994417793,0.2
11,14,0.25,0.05,0.25,0.25,0.16739600832603996,0.44493067221736,0.55506932778264,0.0,0.4576098692166773,24.91513962234466,8,0.00525697970250854,0.5498484638348488,0.5603790877295424,0.761177602388224,0.8407850682588159,0.15921493174118406,0.0,0.9999999997442425,4.352818761045253,9,0.001570909608903045,0.16875016364583176,0.17182282494843842,0.25
12,0,0.0,0.0,0.0,0.0,1.0,1.0,0.0,0.0,1.0,0.0,9,1.2936478625295062e-08,0.0,3.333333298272123e-08,1.0,1.0,0.0,0.0,1.0,0.0,9,0.261035429046315,6.66598555283837e-06,0.6666665916666674,0.0
12,1,0.0005,0.0001,0.0005,0.0005,0.9999962553700374,0.9999975035800249,2.4964199750732163e-06,0.0,0.9992662085955889,0.4679449909477412,9,1.8511019919901026e-07,2.288384977178204e-06,2.647839973501931e-06,0.9994354671846454,0.9996236447897635,0.00037635521023648977,0.0,0.9999999999934934,0.14174297536775526,9,0.002234184342542976,0.00039890136349898683,0.005365370711146356,0.0005
12,2,0.001,0.0002,0.001,0.001,0.9999870394651296,0.9999913596434197,8.640356580325026e-06,0.0,0.998518748051071,1.1936278703969412,9,2.656781771465247e-07,8.335687416649584e-06,8.869746577988558e-06,0.9988885212913149,0.99925901419421,0.0007409858057899621,0.0,0.9999999997189982,0.1120663133186339,9,0.0018750850332666684,0.000346756703652411,0.004416409093435889,0.001
12,3,0.0025,0.0005,0.0025,0.0025,0.9999128596526464,0.9999419064350977,5.809356490227291e-05,0.0,0.9963483709592533,9.456812051107082,9,5.681385653324112e-07,5.7539430091346766e-05,5.868094049654715e-05,0.9971859679281404,0.9981239786187602,0.0018760213812397675,0.0,1.0000000007363585,0.07613014816103914,9,0.0015245233552020744,0.0007828465937715156,0.003994834651785016,0.0025
12,4,0.005,0.001,0.005,0.005,0.99963974839454,0.9997598322630266,0.00024016773697344007,0.0,0.992671082670626,30.418658989050662,9,1.6432924456571741e-06,0.0002386754325881535,0.00024190309558091982,0.9943650488263496,0.996243365884233,0.003756634115766988,0.0,0.9999999996862204,0.15173289466139842,9,0.0015693028834688736,0.003339468406605306,0.006554001454459999,0.005
12,5,0.01,0.002,0.01,0.01,0.998194100218059,0.9987960668120394,0.0012039331879606374,0.0,0.9854279528773919,155.9594765222498,9,5.598140335115375e-06,0.0011981803880182218,0.0012098843847011941,0.9887242281127577,0.9924828187418385,0.007517181258161476,0.0,1.0000000001343021,0.16115886361862947,9,0.0013297356417776034,0.00747453272525469,0.010205703097942966,0.01
12,6,0.025,0.005,0.025,0.025,0.984338200156618,0.9895588001044121,0.010441199895587894,0.0,0.9616609366242665,778.1142608481381,9,4.271241181845335e-05,0.010395726776042795,0.010482471895175371,0.9721072642789274,0.9814048428526183,0.01859515714738169,0.0,0.9999999970627368,0.08246516504061516,9,0.0012870598394538707,0.01851297773487018,0.021198904108010855,0.025
12,7,0.0375,0.0075,0.0375,0.0375,0.9545306684546933,0.9696871123031289,0.030312887696871127,0.0,0.9403465594896552,1154.8523502097555,9,9.423059034006432e-05,0.030219069297809285,0.030410275695897382,0.9584810704151893,0.9723207136101261,0.027679286389873936,0.0,0.9999999975954177,0.08203844155751312,9,0.0013042538629631872,0.027378199086217983,0.029734878315984523,0.0375
12,8,0.05,0.01,0.05,0.05,0.8918680010813198,0.9279120007208799,0.07208799927912013,0.0,0.9178079808548598,1554.982538537598,9,0.00017032110985378644,0.07192746594739197,0.07224718861086164,0.944909900550901,0.963273267033934,0.03672673296606599,0.0,0.9999999984641825,0.020527919457243894,9,0.0012701954172697524,0.03598509340014912,0.03850534958827994,0.05
12,9,0.0625,0.0125,0.0625,0.0625,0.810364801896352,0.8735765345975679,0.1264234654024321,0.0,0.8939427982713171,810.8127753533456,9,0.0002877447258511395,0.1261503134051636,0.12672176939944907,0.9314986846850132,0.9543324564566754,0.045667543543324585,0.0,0.9999999996386602,0.08243627639471239,9,0.0012061227568973191,0.04535749074642515,0.0477720516822796,0.0625
12,10,0.075,0.015,0.075,0.075,0.752956802470432,0.835304534980288,0.164695465019712,0.0,0.8693945589166479,398.3946267771053,9,0.0004095463507680738,0.1642755823572441,0.16509926234900732,0.9185660328143397,0.9457106885428931,0.054289311457106915,0.0,0.9999999996313111,0.03493862815281297,9,0.0012595917296890247,0.05350041290499596,0.05605101170615654,0.075
12,11,0.1,0.02,0.1,0.1,0.599854404001456,0.733236269334304,0.26676373066569603,0.0,0.8170905506255259,100.29793321907012,9,0.0011037891720547185,0.2657851066754823,0.26792654665406795,0.8931912010680879,0.9287941340453919,0.0712058659546081,0.0,0.9999999995891279,0.07181257318799888,9,0.0012011985217666784,0.07084772195818945,0.07321392993452737,0.1
12,12,0.15,0.03,0.15,0.15,0.3921784060782159,0.5947856040521439,0.40521439594785613,0.0,0.7023521244254659,23.828316417642615,9,0.002560471424542553,0.4027227693061057,0.40780195858864715,0.844708801552912,0.8964725343686079,0.10352746563139215,0.0,0.9999999995411423,0.13772101756178265,9,0.0012923881797450825,0.10372055362946125,0.10629047360376195,0.15
12,13,0.2,0.04,0.2,0.2,0.25653520743464797,0.504356804956432,0.495643195043568,0.0,0.5790937873572887,26.45901027123999,9,0.005859667628000221,0.4901646244316871,0.5016933496497331,0.801483201985168,0.867655467990112,0.13234453200988805,0.0,0.9999999994789539,0.8839571538680595,9,0.0014388556661589402,0.13615120930515456,0.13891553994417793,0.2
12,14,0.25,0.05,0.25,0.25,0.16739600832603996,0.44493067221736,0.55506932778264,0.0,0.4576098692166787,27.093360481211807,9,0.00539483191096016,0.5493915251727514,0.5600139890665268,0.761177602388224,0.8407850682588159,0.15921493174118406,0.0,0.9999999997442425,4.352818761045253,9,0.001570909608903045,0.16875016364583176,0.17182282494843842,0.25
13,0,0.0,0.0,0.0,0.0,1.0,1.0,0.0,0.0,1.0,0.0,9,1.234550470575099e-08,0.0,0.0,1.0,1.0,0.0,0.0,1.0,0.0,9,0.261035429046315,6.66598555283837e-06,0.6666665916666674,0.0
13,1,0.0005,0.0001,0.0005,0.0005,0.9999961850200382,0.9999974566800255,2.5433199745128476e-06,0.0,0.9992661087362305,0.48759922787299315,9,1.8351011845356715e-07,2.3577299764765414e-06,2.752359972491014e-06,0.9994354671846454,0.9996236447897635,0.00037635521023648977,0.0,0.9999999999934934,0.14174297536775526,9,0.002234184342542976,0.00039890136349898683,0.005365370711146356,0.0005
13,2,0.001,0.0002,0.001,0.001,0.9999869247701307,0.9999912831800871,8.716819912879537e-06,0.0,0.9985183019010996,0.9322956920722038,9,2.8802936880319164e-07,8.44987491543936e-06,8.985794910265632e-06,0.9988885212913149,0.99925901419421,0.0007409858057899621,0.0,0.9999999997189982,0.1120663133186339,9,0.0018750850332666684,0.000346756703652411,0.004416409093435889,0.001
13,3,0.0025,0.0005,0.0025,0.0025,0.9999108298531417,0.9999405532354277,5.9446764572257393e-05,0.0,0.9963484795803681,6.278622325931188,9,5.812908944835609e-07,5.8868192037055955e-05,6.004235146617187e-05,0.9971859679281404,0.9981239786187602,0.0018760213812397675,0.0,1.0000000007363585,0.07613014816103914,9,0.0015245233552020744,0.0007828465937715156,0.003994834651785016,0.0025
13,4,0.005,0.001,0.005,0.005,0.9996211777157882,0.9997474518105255,0.00025254818947451074,0.0,0.9926906458728476,28.084846801796875,9,1.6143565346197495e-06,0.00025086246949135305,0.0002541576859703421,0.9943650488263496,0.996243365884233,0.003756634115766988,0.0,0.9999999996862204,0.15173289466139842,9,0.0015693028834688736,0.003339468406605306,0.006554001454459999,0.005
13,5,0.01,0.002,0.01,0.01,0.9981025827589741,0.9987350551726495,0.0012649448273505115,0.0,0.9854843445064289,162.7141661157429,9,5.517470772335501e-06,0.0012594653874052897,0.0012707465872926482,0.9887242281127577,0.9924828187418385,0.007517181258161476,0.0,1.0000000001343021,0.16115886361862947,9,0.0013297356417776034,0.00747453272525469,0.010205703097942966,0.01
13,6,0.025,0.005,0.025,0.025,0.9840583521594164,0.9893722347729442,0.010627765227055774,0.0,0.9616818216306658,871.8359388220066,9,4.041162160410748e-05,0.010590286400763808,0.010667669226656629,0.9721072642789274,0.9814048428526183,0.01859515714738169,0.0,0.9999999970627368,0.08246516504061516,9,0.0012870598394538707,0.01851297773487018,0.021198904108010855,0.025
13,7,0.0375,0.0075,0.0375,0.0375,0.9524241704757582,0.9682827803171721,0.031717219682827924,0.0,0.9404029034429465,1291.7267649921519,9,9.868639708872163e-05,0.03162033381712995,0.03179961514867042,0.9584810704151893,0.9723207136101261,0.027679286389873936,0.0,0.9999999975954177,0.08203844155751312,9,0.0013042538629631872,0.027378199086217983,0.029734878315984523,0.0375
13,8,0.05,0.01,0.05,0.05,0.890872801091272,0.927248534060848,0.07275146593915205,0.0,0.9178170650972114,1578.2269625401686,9,0.00015773187341326243,0.07260179127398217,0.07291829260415038,0.944909900550901,0.963273267033934,0.03672673296606599,0.0,0.9999999984641825,0.020527919457243894,9,0.0012701954172697524,0.03598509340014912,0.03850534958827994,0.05
13,9,0.0625,0.0125,0.0625,0.0625,0.8103184018968159,0.873545601264544,0.12645439873545605,0.0,0.8939428113797079,814.9126846882255,9,0.00029002930787743695,0.12614809473851912,0.12673439873265602,0.9314986846850132,0.9543324564566754,0.045667543543324585,0.0,0.9999999996386602,0.08243627639471239,9,0.0012061227568973191,0.04535749074642515,0.0477720516822796,0.0625
13,10,0.075,0.015,0.075,0.075,0.7530280024697199,0.83535200164648,0.16464799835351995,0.0,0.8693944631509694,398.5020185983563,9,0.00047521670889236623,0.1641950276913831,0.1651429743485703,0.9185660328143397,0.9457106885428931,0.054289311457106915,0.0,0.9999999996313111,0.03493862815281297,9,0.0012595917296890247,0.05350041290499596,0.05605101170615654,0.075
13,11,0.1,0.02,0.1,0.1,0.599906404000936,0.7332709360006241,0.2667290639993759,0.0,0.8170905261976554,101.35215114259742,9,0.001109471605902275,0.2657357626759758,0.2678444986548884,0.8931912010680879,0.9287941340453919,0.0712058659546081,0.0,0.9999999995891279,0.07181257318799888,9,0.0012011985217666784,0.07084772195818945,0.07321392993452737,0.1
13,12,0.15,0.03,0.15,0.15,0.3921784060782159,0.5947856040521439,0.40521439594785613,0.0,0.7023521244253715,30.40040449129213,9,0.0025497432982522637,0.402764966639017,0.4077042092562912,0.844708801552912,0.8964725343686079,0.10352746563139215,0.0,0.9999999995411423,0.13772101756178265,9,0.0012923881797450825,0.10372055362946125,0.10629047360376195,0.15
13,13,0.2,0.04,0.2,0.2,0.25653520743464797,0.504356804956432,0.495643195043568,0.0,0.5790937873574254,24.901899725436095,9,0.005380282669164426,0.49069198442641343,0.5018860109811398,0.801483201985168,0.867655467990112,0.13234453200988805,0.0,0.9999999994789539,0.8839571538680595,9,0.0014388556661589402,0.13615120930515456,0.13891553994417793,0.2
13,14,0.25,0.05,0.25,0.25,0.16739600832603996,0.44493067221736,0.55506932778264,0.0,0.45760986921667923,27.979166788345786,9,0.005135521017824568,0.5505113971615526,0.5600866503991335,0.761177602388224,0.8407850682588159,0.15921493174118406,0.0,0.9999999997442425,4.352818761045253,9,0.001570909608903045,0.16875016364583176,0.17182282494843842,0.25
14,0,0.0,0.0,0.0,0.0,1.0,1.0,0.0,0.0,1.0,0.0,9,1.2651046735179957e-08,0.0,0.0,1.0,1.0,0.0,0.0,1.0,0.0,9,0.261035429046315,6.66598555283837e-06,0.6666665916666674,0.0
14,1,0.0005,0.0001,0.0005,0.0005,0.9999960805000392,0.9999973870000262,2.612999973838903e-06,0.0,0.9992661473133511,0.4473830127195684,9,1.9428567203012952e-07,2.4617474753130253e-06,2.8220399718170697e-06,0.9994354671846454,0.9996236447897635,0.00037635521023648977,0.0,0.9999999999934934,0.14174297536775526,9,0.002234184342542976,0.00039890136349898683,0.005365370711146356,0.0005
14,2,0.001,0.0002,0.001,0.001,0.9999863485038865,0.999990899002591,9.100997409028366e-06,0.0,0.9985196313351653,0.8219648892525068,9,2.7208518352356477e-07,8.831514911711302e-06,9.372509906291349e-06,0.9988885212913149,0.99925901419421,0.0007409858057899621,0.0,0.9999999997189982,0.1120663133186339,9,0.0018750850332666684,0.000346756703652411,0.004416409093435889,0.001
14,3,0.0025,0.0005,0.0025,0.0025,0.9999069728500303,0.9999379819000201,6.201809997985475e-05,0.0,0.9963540839148844,5.1271729125446335,9,5.145461156231995e-07,6.151241991825263e-05,6.253962862456941e-05,0.9971859679281404,0.9981239786187602,0.0018760213812397675,0.0,1.0000000007363585,0.07613014816103914,9,0.0015245233552020744,0.0007828465937715156,0.003994834651785016,0.0025
14,4,0.005,0.001,0.005,0.005,0.9995971323674286,0.9997314215782858,0.0002685784217142384,0.0,0.9927166570904757,31.221636593565243,9,1.5403211085862826e-06,0.00026693780613074036,0.00027003229489963587,0.9943650488263496,0.996243365884233,0.003756634115766988,0.0,0.9999999996862204,0.15173289466139842,9,0.0015693028834688736,0.003339468406605306,0.006554001454459999,0.005
14,5,0.01,0.002,0.01,0.01,0.9979863772201362,0.998657584813424,0.0013424151865759626,0.0,0.9855552753825806,189.9850420144796,9,5.129090853771087e-06,0.0013367269866327858,0.001347405298526021,0.9887242281127577,0.9924828187418385,0.007517181258161476,0.0,1.0000000001343021,0.16115886361862947,9,0.0013297356417776034,0.00747453272525469,0.010205703097942966,0.01
14,6,0.025,0.005,0.025,0.025,0.9821027041789729,0.9880684694526486,0.01193153054735141,0.0,0.9618639810186294,1248.6937094447724,9,4.2368789004457694e-05,0.011890258867764078,0.01197369588026298,0.9721072642789274,0.9814048428526183,0.01859515714738169,0.0,0.9999999970627368,0.08246516504061516,9,0.0012870598394538707,0.01851297773487018,0.021198904108010855,0.025
14,7,0.0375,0.0075,0.0375,0.0375,0.9483997065160029,0.9655998043440018,0.03440019565599817,0.0,0.9405073415686984,1573.9483703275582,9,9.438928144995646e-05,0.03430076317699237,0.03449358429506411,0.9584810704151893,0.9723207136101261,0.027679286389873936,0.0,0.9999999975954177,0.08203844155751312,9,0.0013042538629631872,0.027378199086217983,0.029734878315984523,0.0375
14,8,0.05,0.01,0.05,0.05,0.8889440011105599,0.92596266740704,0.07403733259295997,0.0,0.9178345500282039,1624.6877839867323,9,0.00016535853319816972,0.07386986592796807,0.07421555125784449,0.944909900550901,0.963273267033934,0.03672673296606599,0.0,0.9999999984641825,0.020527919457243894,9,0.0012701954172697524,0.03598509340014912,0.03850534958827994,0.05
14,9,0.0625,0.0125,0.0625,0.0625,0.8097960019020398,0.8731973346013598,0.12680266539864016,0.0,0.8939435298537879,811.7260989846694,9,0.0002864038209199397,0.12653264940134018,0.12710399872895994,0.9314986846850132,0.9543324564566754,0.045667543543324585,0.0,0.9999999996386602,0.08243627639471239,9,0.0012061227568973191,0.04535749074642515,0.0477720516822796,0.0625
14,10,0.075,0.015,0.075,0.075,0.7530720024692801,0.83538133497952,0.16461866502047995,0.0,0.8693943984280125,400.46751519348646,9,0.0004485539018746216,0.1641827183581729,0.16506933168264004,0.9185660328143397,0.9457106885428931,0.054289311457106915,0.0,0.9999999996313111,0.03493862815281297,9,0.0012595917296890247,0.05350041290499596,0.05605101170615654,0.075
14,11,0.1,0.02,0.1,0.1,0.599892804001072,0.733261869334048,0.266738130665952,0.0,0.8170905325681435,101.86812245735474,9,0.0010753805959195966,0.26562719734372797,0.26785633865476993,0.8931912010680879,0.9287941340453919,0.0712058659546081,0.0,0.9999999995891279,0.07181257318799888,9,0.0012011985217666784,0.07084772195818945,0.07321392993452737,0.1
14,12,0.15,0.03,0.15,0.15,0.3921784060782159,0.5947856040521439,0.40521439594785613,0.0,0.7023521244796529,24.914033205693478,9,0.0023814990647072973,0.4027656493056768,0.40775095058915717,0.844708801552912,0.8964725343686079,0.10352746563139215,0.0,0.9999999995411423,0.13772101756178265,9,0.0012923881797450825,0.10372055362946125,0.10629047360376195,0.15
14,13,0.2,0.04,0.2,0.2,0.25653520743464797,0.504356804956432,0.495643195043568,0.0,0.5790937873572083,27.04044582788618,9,0.00574802045871552,0.49048741909512583,0.5016813603165197,0.801483201985168,0.867655467990112,0.13234453200988805,0.0,0.9999999994789539,0.8839571538680595,9,0.0014388556661589402,0.13615120930515456,0.13891553994417793,0.2
14,14,0.25,0.05,0.25,0.25,0.16739600832603996,0.44493067221736,0.55506932778264,0.0,0.45760986921667957,25.853206571231123,9,0.005337747128361744,0.5502980638303526,0.5602624583973753,0.761177602388224,0.8407850682588159,0.15921493174118406,0.0,0.9999999997442425,4.352818761045253,9,0.001570909608903045,0.16875016364583176,0.17182282494843842,0.25
15,0,0.0,0.0,0.0,0.0,1.0,1.0,0.0,0.0,1.0,0.0,9,1.2099748587022377e-08,0.0,0.0,1.0,1.0,0.0,0.0,1.0,0.0,9,0.261035429046315,6.66598555283837e-06,0.6666665916666674,0.0
15,1,0.0005,0.0001,0.0005,0.0005,0.9999958192000418,0.9999972128000278,2.787199972154042e-06,0.0,0.99926551251025,0.9181610701631262,9,1.8952829528740676e-07,2.612999973838903e-06,2.975637470314929e-06,0.9994354671846454,0.9996236447897635,0.00037635521023648977,0.0,0.9999999999934934,0.14174297536775526,9,0.002234184342542976,0.00039890136349898683,0.005365370711146356,0.0005
15,2,0.001,0.0002,0.001,0.001,0.9999852984863971,0.9999901989909313,9.801009068666211e-06,0.0,0.9985201935025424,2.592161253519256,9,2.559477492319455e-07,9.526789904845678e-06,1.0038349899654797e-05,0.9988885212913149,0.99925901419421,0.0007409858057899621,0.0,0.9999999997189982,0.1120663133186339,9,0.0018750850332666684,0.000346756703652411,0.004416409093435889,0.001
15,3,0.0025,0.0005,0.0025,0.0025,0.9998965409035346,0.999931027269023,6.897273097694612e-05,0.0,0.9963629389232918,26.8934984974459,9,5.789783637619559e-07,6.836631014961458e-05,6.953772665463376e-05,0.9971859679281404,0.9981239786187602,0.0018760213812397675,0.0,1.0000000007363585,0.07613014816103914,9,0.0015245233552020744,0.0007828465937715156,0.003994834651785016,0.0025
15,4,0.005,0.001,0.005,0.005,0.9995442611671573,0.9996961741114383,0.000303825888561704,0.0,0.9927704933129198,91.31216486409167,9,1.7384227620239155e-06,0.0003021505136465841,0.0003055339044696348,0.9943650488263496,0.996243365884233,0.003756634115766988,0.0,0.9999999996862204,0.15173289466139842,9,0.0015693028834688736,0.003339468406605306,0.006554001454459999,0.005
15,5,0.01,0.002,0.01,0.01,0.9978208149017919,0.9985472099345278,0.0014527900654721648,0.0,0.9856520666601599,352.5912259743477,9,6.112408875187567e-06,0.0014463457055365891,0.0014585734654142257,0.9887242281127577,0.9924828187418385,0.007517181258161476,0.0,1.0000000001343021,0.16115886361862947,9,0.0013297356417776034,0.00747453272525469,0.010205703097942966,0.01
15,6,0.025,0.005,0.025,0.025,0.9817273001827269,0.987818200121818,0.01218179987818202,0.0,0.9618997082018582,1682.6976488350576,9,4.2409609908446305e-05,0.012139160198608398,0.012219403877805957,0.9721072642789274,0.9814048428526183,0.01859515714738169,0.0,0.9999999970627368,0.08246516504061516,9,0.0012870598394538707,0.01851297773487018,0.021198904108010855,0.025
15,7,0.0375,0.0075,0.0375,0.0375,0.930616192693838,0.9537441284625586,0.04625587153744137,0.0,0.9409182517536157,3151.7244081175145,9,8.217625451917614e-05,0.046180242898197624,0.04634401153655998,0.9584810704151893,0.9723207136101261,0.027679286389873936,0.0,0.9999999975954177,0.08203844155751312,9,0.0013042538629631872,0.027378199086217983,0.029734878315984523,0.0375
15,8,0.05,0.01,0.05,0.05,0.868398401316016,0.912265600877344,0.08773439912265601,0.0,0.918001213524266,2214.359312743882,9,0.00014113034242133952,0.08759067645742666,0.08787180712128195,0.944909900550901,0.963273267033934,0.03672673296606599,0.0,0.9999999984641825,0.020527919457243894,9,0.0012701954172697524,0.03598509340014912,0.03850534958827994,0.05
15,9,0.0625,0.0125,0.0625,0.0625,0.7992128020078719,0.866141868005248,0.13385813199475205,0.0,0.8939560362358029,886.6172546871907,9,0.00025274975195653076,0.13362534266374668,0.13411598799217353,0.9314986846850132,0.9543324564566754,0.045667543543324585,0.0,0.9999999996386602,0.08243627639471239,9,0.0012061227568973191,0.04535749074642515,0.0477720516822796,0.0625
15,10,0.075,0.015,0.075,0.075,0.75019200249808,0.8334613349987201,0.1665386650012799,0.0,0.8693978330028381,401.4509651076678,9,0.0004521957039497036,0.16611022767223102,0.16695349166379844,0.9185660328143397,0.9457106885428931,0.054289311457106915,0.0,0.9999999996313111,0.03493862815281297,9,0.0012595917296890247,0.05350041290499596,0.05605101170615654,0.075
15,11,0.1,0.02,0.1,0.1,0.6005760039942399,0.7337173359961598,0.26628266400384015,0.0,0.817090209215967,104.10514447614324,9,0.0010295701553233673,0.26522619468107134,0.26729934666033983,0.8931912010680879,0.9287941340453919,0.0712058659546081,0.0,0.9999999995891279,0.07181257318799888,9,0.0012011985217666784,0.07084772195818945,0.07321392993452737,0.1
15,12,0.15,0.03,0.15,0.15,0.39218480607815187,0.5947898707187679,0.4052101292812321,0.0,0.7023521221551492,24.133906246343233,9,0.002421906840758359,0.4027854679721453,0.4077332225893345,0.844708801552912,0.8964725343686079,0.10352746563139215,0.0,0.9999999995411423,0.13772101756178265,9,0.0012923881797450825,0.10372055362946125,0.10629047360376195,0.15
15,13,0.2,0.04,0.2,0.2,0.25653520743464797,0.504356804956432,0.495643195043568,0.0,0.5790937873687394,29.46020485435546,9,0.005674305817163786,0.4896035577706311,0.500977424323559,0.801483201985168,0.867655467990112,0.13234453200988805,0.0,0.9999999994789539,0.8839571538680595,9,0.0014388556661589402,0.13615120930515456,0.13891553994417793,0.2
15,14,0.25,0.05,0.25,0.25,0.16739600832603996,0.44493067221736,0.55506932778264,0.0,0.4576098692167239,26.963709327926367,9,0.005379160881546227,0.5498833225011668,0.5602335090643317,0.761177602388224,0.8407850682588159,0.15921493174118406,0.0,0.9999999997442425,4.352818761045253,9,0.001570909608903045,0.16875016364583176,0.17182282494843842,0.25
16,0,0.0,0.0,0.0,0.0,1.0,1.0,0.0,0.0,1.0,0.0,9,1.1197702989889854e-08,0.0,0.0,1.0,1.0,0.0,0.0,1.0,0.0,9,0.261035429046315,6.66598555283837e-06,0.6666665916666674,0.0
16,1,0.0005,0.0001,0.0005,0.0005,0.9999956415662936,0.999997094377529,2.9056224709611556e-06,0.0,0.9992662908860364,0.8304544180784643,9,1.9619264520560904e-07,2.7175199729390087e-06,3.080659969234567e-06,0.9994354671846454,0.9996236447897635,0.00037635521023648977,0.0,0.9999999999934934,0.14174297536775526,9,0.002234184342542976,0.00039890136349898683,0.005365370711146356,0.0005
16,2,0.001,0.0002,0.001,0.001,0.9999848257501518,0.9999898838334346,1.0116166565432572e-05,0.0,0.998521596985354,2.333680600969755,9,2.749871288893137e-07,9.878487401082658e-06,1.039461489604765e-05,0.9988885212913149,0.99925901419421,0.0007409858057899621,0.0,0.9999999997189982,0.1120663133186339,9,0.0018750850332666684,0.000346756703652411,0.004416409093435889,0.001
16,3,0.0025,0.0005,0.0025,0.0025,0.9998909520054655,0.999927301336977,7.269866302295203e-05,0.0,0.9963783726654643,23.208230642833215,9,5.575060925127133e-07,7.211468607881688e-05,7.33266658666798e-05,0.9971859679281404,0.9981239786187602,0.0018760213812397675,0.0,1.0000000007363585,0.07613014816103914,9,0.0015245233552020744,0.0007828465937715156,0.003994834651785016,0.0025
16,4,0.005,0.001,0.005,0.005,0.9995203445592966,0.9996802297061977,0.0003197702938022573,0.0,0.9928038306239577,90.74347296329809,9,1.8210151380166786e-06,0.0003179419626455626,0.00032189627078105243,0.9943650488263496,0.996243365884233,0.003756634115766988,0.0,0.9999999996862204,0.15173289466139842,9,0.0015693028834688736,0.003339468406605306,0.006554001454459999,0.005
16,5,0.01,0.002,0.01,0.01,0.9977328435226716,0.9984885623484477,0.001511437651552261,0.0,0.9857120638823904,388.45870006166905,9,5.866432090108849e-06,0.0015057420409425148,0.0015162995955037629,0.9887242281127577,0.9924828187418385,0.007517181258161476,0.0,1.0000000001343021,0.16115886361862947,9,0.0013297356417776034,0.00747453272525469,0.010205703097942966,0.01
16,6,0.025,0.005,0.025,0.025,0.9806362201936378,0.9870908134624252,0.01290918653757478,0.0,0.9620027708013891,1957.1852465226998,9,4.165370943517424e-05,0.012865427231345681,0.01294779619052203,0.9721072642789274,0.9814048428526183,0.01859515714738169,0.0,0.9999999970627368,0.08246516504061516,9,0.0012870598394538707,0.01851297773487018,0.021198904108010855,0.025
16,7,0.0375,0.0075,0.0375,0.0375,0.930699586693004,0.9537997244620028,0.046200275537997215,0.0,0.9409162160983743,3153.722945016962,9,8.924520001582454e-05,0.04611349276553169,0.04628660753713387,0.9584810704151893,0.9723207136101261,0.027679286389873936,0.0,0.9999999975954177,0.08203844155751312,9,0.0013042538629631872,0.027378199086217983,0.029734878315984523,0.0375
16,8,0.05,0.01,0.05,0.05,0.868162401318376,0.9121082675455839,0.08789173245441606,0.0,0.918003288965433,2217.402217745372,9,0.00013379363157934305,0.08775929512240704,0.0880190924531425,0.944909900550901,0.963273267033934,0.03672673296606599,0.0,0.9999999984641825,0.020527919457243894,9,0.0012701954172697524,0.03598509340014912,0.03850534958827994,0.05
16,9,0.0625,0.0125,0.0625,0.0625,0.799292802007072,0.866195201338048,0.13380479866195205,0.0,0.8939559244542992,886.6828114550269,9,0.0002689340086947996,0.13352782799805513,0.13405892132607747,0.9314986846850132,0.9543324564566754,0.045667543543324585,0.0,0.9999999996386602,0.08243627639471239,9,0.0012061227568973191,0.04535749074642515,0.0477720516822796,0.0625
16,10,0.075,0.015,0.075,0.075,0.7502776024972239,0.8335184016648158,0.16648159833518417,0.0,0.8693977165673925,402.04277051807316,9,0.00045932347139501366,0.16598090500685772,0.16690948099757183,0.9185660328143397,0.9457106885428931,0.054289311457106915,0.0,0.9999999996313111,0.03493862815281297,9,0.0012595917296890247,0.05350041290499596,0.05605101170615654,0.075
16,11,0.1,0.02,0.1,0.1,0.6005672039943278,0.733711469329552,0.266288530670448,0.0,0.8170902139842082,102.88002925285767,9,0.001110301773540773,0.2651297893487021,0.26737207199294577,0.8931912010680879,0.9287941340453919,0.0712058659546081,0.0,0.9999999995891279,0.07181257318799888,9,0.0012011985217666784,0.07084772195818945,0.07321392993452737,0.1
16,12,0.15,0.03,0.15,0.15,0.39218480607815187,0.5947898707187679,0.4052101292812321,0.0,0.7023521221545379,26.13788188651319,9,0.0024760676396904323,0.4025321986413447,0.407579195924208,0.844708801552912,0.8964725343686079,0.10352746563139215,0.0,0.9999999995411423,0.13772101756178265,9,0.0012923881797450825,0.10372055362946125,0.10629047360376195,0.15
16,13,0.2,0.04,0.2,0.2,0.25653520743464797,0.504356804956432,0.495643195043568,0.0,0.5790937873687365,29.117425718136552,9,0.005828397644206901,0.4894537551054624,0.5017768909822311,0.801483201985168,0.867655467990112,0.13234453200988805,0.0,0.9999999994789539,0.8839571538680595,9,0.0014388556661589402,0.13615120930515456,0.13891553994417793,0.2
16,14,0.25,0.05,0.25,0.25,0.16739600832603996,0.44493067221736,0.55506932778264,0.0,0.4576098692167239,28.059981631425092,9,0.005281683825214632,0.5496883785031161,0.5601929543980704,0.761177602388224,0.8407850682588159,0.15921493174118406,0.0,0.9999999997442425,4.352818761045253,9,0.001570909608903045,0.16875016364583176,0.17182282494843842,0.25
17,0,0.0,0.0,0.0,0.0,1.0,1.0,0.0,0.0,1.0,0.0,9,1.235488003561664e-08,0.0,3.333333298272123e-08,1.0,1.0,0.0,0.0,1.0,0.0,9,0.261035429046315,6.66598555283837e-06,0.6666665916666674,0.0
17,1,0.0005,0.0001,0.0005,0.0005,0.9999954315212957,0.9999969543475306,3.045652469446658e-06,0.0,0.9992670921167318,0.7655119866360542,9,2.0497264269159953e-07,2.856879971369075e-06,3.2360999675518087e-06,0.9994354671846454,0.9996236447897635,0.00037635521023648977,0.0,0.9999999999934934,0.14174297536775526,9,0.002234184342542976,0.00039890136349898683,0.005365370711146356,0.0005
17,2,0.001,0.0002,0.001,0.001,0.9999839873601601,0.9999893249067734,1.0675093226608645e-05,0.0,0.9985246436952329,2.0684572001787083,9,2.716358938700594e-07,1.039461489604765e-05,1.0910573224109932e-05,0.9988885212913149,0.99925901419421,0.0007409858057899621,0.0,0.9999999997189982,0.1120663133186339,9,0.0018750850332666684,0.000346756703652411,0.004416409093435889,0.001
17,3,0.0025,0.0005,0.0025,0.0025,0.9998842317811577,0.9999228211874384,7.717881256164016e-05,0.0,0.9963978490581512,20.691564833204577,9,5.981958497388377e-07,7.65031225683499e-05,7.777942588893527e-05,0.9971859679281404,0.9981239786187602,0.0018760213812397675,0.0,1.0000000007363585,0.07613014816103914,9,0.0015245233552020744,0.0007828465937715156,0.003994834651785016,0.0025
17,4,0.005,0.001,0.005,0.005,0.9994950797640492,0.9996633865093661,0.0003366134906338525,0.0,0.9928392320613703,95.31868068013488,9,1.7198839189866711e-06,0.00033495745165046387,0.0003383834966163013,0.9943650488263496,0.996243365884233,0.003756634115766988,0.0,0.9999999996862204,0.15173289466139842,9,0.0015693028834688736,0.003339468406605306,0.006554001454459999,0.005
17,5,0.01,0.002,0.01,0.01,0.997678600523214,0.9984524003488092,0.0015475996511907786,0.0,0.9857489932887422,433.5065536520969,9,6.627404964440431e-06,0.0015410436145895546,0.0015542963177903601,0.9887242281127577,0.9924828187418385,0.007517181258161476,0.0,1.0000000001343021,0.16115886361862947,9,0.0013297356417776034,0.00747453272525469,0.010205703097942966,0.01
17,6,0.025,0.005,0.025,0.025,0.979327502206725,0.9862183348044834,0.013781665195516601,0.0,0.9621233281928786,2345.5318720067157,9,4.4241322348512654e-05,0.013739840449268334,0.013821189195121542,0.9721072642789274,0.9814048428526183,0.01859515714738169,0.0,0.9999999970627368,0.08246516504061516,9,0.0012870598394538707,0.01851297773487018,0.021198904108010855,0.025
17,7,0.0375,0.0075,0.0375,0.0375,0.9296387427036126,0.9530924951357417,0.04690750486425832,0.0,0.9409431025219197,3223.498274482045,9,8.264279542641974e-05,0.04682434619842324,0.04699039969009604,0.9584810704151893,0.9723207136101261,0.027679286389873936,0.0,0.9999999975954177,0.08203844155751312,9,0.0013042538629631872,0.027378199086217983,0.029734878315984523,0.0375
17,8,0.05,0.01,0.05,0.05,0.8681568013184319,0.912104534212288,0.08789546578771201,0.0,0.9180033649872509,2217.2910154279602,9,0.00014056005274329516,0.087753065789136,0.0880384631196154,0.944909900550901,0.963273267033934,0.03672673296606599,0.0,0.9999999984641825,0.020527919457243894,9,0.0012701954172697524,0.03598509340014912,0.03850534958827994,0.05
17,9,0.0625,0.0125,0.0625,0.0625,0.7992120020078799,0.8661413346719199,0.1338586653280801,0.0,0.8939560385887737,884.4935252691807,9,0.000266060701099878,0.13360569466394295,0.13415421732512464,0.9314986846850132,0.9543324564566754,0.045667543543324585,0.0,0.9999999996386602,0.08243627639471239,9,0.0012061227568973191,0.04535749074642515,0.0477720516822796,0.0625
17,10,0.075,0.015,0.075,0.075,0.7502072024979279,0.8334714683319518,0.16652853166804815,0.0,0.8693978136278085,399.4959737806692,9,0.0004226810534063932,0.16608569433914305,0.16693190233068095,0.9185660328143397,0.9457106885428931,0.054289311457106915,0.0,0.9999999996313111,0.03493862815281297,9,0.0012595917296890247,0.05350041290499596,0.05605101170615654,0.075
17,11,0.1,0.02,0.1,0.1,0.6005680039943199,0.73371200266288,0.26628799733712005,0.0,0.8170902134835563,102.97912420653785,9,0.0010781900108311033,0.2651645200150214,0.2673433786598995,0.8931912010680879,0.9287941340453919,0.0712058659546081,0.0,0.9999999995891279,0.07181257318799888,9,0.0012011985217666784,0.07084772195818945,0.07321392993452737,0.1
17,12,0.15,0.03,0.15,0.15,0.39218480607815187,0.5947898707187679,0.4052101292812321,0.0,0.7023521221562037,27.152842898405265,9,0.0024426647670420334,0.40294128663725387,0.40755223059114437,0.844708801552912,0.8964725343686079,0.10352746563139215,0.0,0.9999999995411423,0.13772101756178265,9,0.0012923881797450825,0.10372055362946125,0.10629047360376195,0.15
17,13,0.2,0.04,0.2,0.2,0.25653520743464797,0.504356804956432,0.495643195043568,0.0,0.5790937873687343,23.433086928152587,9,0.005792006553087158,0.49010811243225216,0.5012721869872782,0.801483201985168,0.867655467990112,0.13234453200988805,0.0,0.9999999994789539,0.8839571538680595,9,0.0014388556661589402,0.13615120930515456,0.13891553994417793,0.2
17,14,0.25,0.05,0.25,0.25,0.16739600832603996,0.44493067221736,0.55506932778264,0.0,0.4576098692167239,27.389524234793463,9,0.005122525522422617,0.5499531251671353,0.5606155677271776,0.761177602388224,0.8407850682588159,0.15921493174118406,0.0,0.9999999997442425,4.352818761045253,9,0.001570909608903045,0.16875016364583176,0.17182282494843842,0.25
18,0,0.0,0.0,0.0,0.0,1.0,1.0,0.0,0.0,1.0,0.0,9,1.2170209639670252e-08,0.0,0.0,1.0,1.0,0.0,0.0,1.0,0.0,9,0.261035429046315,6.66598555283837e-06,0.6666665916666674,0.0
18,1,0.0005,0.0001,0.0005,0.0005,0.9999951458500486,0.9999967639000324,3.2360999675518087e-06,0.0,0.9992684825882562,0.6643702848859544,9,1.9638818097445912e-07,3.045652469446658e-06,3.447149965474239e-06,0.9994354671846454,0.9996236447897635,0.00037635521023648977,0.0,0.9999999999934934,0.14174297536775526,9,0.002234184342542976,0.00039890136349898683,0.005365370711146356,0.0005
18,2,0.001,0.0002,0.001,0.001,0.999982899280171,0.999988599520114,1.1400479886014558e-05,0.0,0.9985286146371355,1.891293929909566,9,2.6074954854025943e-07,1.115468072176995e-05,1.1677574883184327e-05,0.9988885212913149,0.99925901419421,0.0007409858057899621,0.0,0.9999999997189982,0.1120663133186339,9,0.0018750850332666684,0.000346756703652411,0.004416409093435889,0.001
18,3,0.0025,0.0005,0.0025,0.0025,0.9998763598412364,0.9999175732274909,8.242677250913655e-05,0.0,0.9964210299820068,19.918192716490275,9,6.121777601452856e-07,8.18234658485073e-05,8.29462491704902e-05,0.9971859679281404,0.9981239786187602,0.0018760213812397675,0.0,1.0000000007363585,0.07613014816103914,9,0.0015245233552020744,0.0007828465937715156,0.003994834651785016,0.0025
18,4,0.005,0.001,0.005,0.005,0.9994697564778025,0.9996465043185351,0.0003534956814649215,0.0,0.9928750601095293,106.45239531502173,9,2.0251267368817968e-06,0.00035171482148277367,0.00035541866687083257,0.9943650488263496,0.996243365884233,0.003756634115766988,0.0,0.9999999996862204,0.15173289466139842,9,0.0015693028834688736,0.003339468406605306,0.006554001454459999,0.005
18,5,0.01,0.002,0.01,0.01,0.9975619678243803,0.9983746452162535,0.00162535478374648,0.0,0.9858285628407526,523.5575478932816,9,6.741200617389205e-06,0.001618800933811948,0.0016319639836804845,0.9887242281127577,0.9924828187418385,0.007517181258161476,0.0,1.0000000001343021,0.16115886361862947,9,0.0013297356417776034,0.00747453272525469,0.010205703097942966,0.01
18,6,0.025,0.005,0.025,0.025,0.9775815202241848,0.9850543468161232,0.01494565318387675,0.0,0.9622875550151994,2873.6496961316843,9,3.883406936790883e-05,0.014909014250909904,0.014984199850158197,0.9721072642789274,0.9814048428526183,0.01859515714738169,0.0,0.9999999970627368,0.08246516504061516,9,0.0012870598394538707,0.01851297773487018,0.021198904108010855,0.025
18,7,0.0375,0.0075,0.0375,0.0375,0.9270375967296238,0.9513583978197492,0.04864160218025082,0.0,0.9410076485858354,3404.1421013326403,9,8.112686432771663e-05,0.04855810084775236,0.04872102532612313,0.9584810704151893,0.9723207136101261,0.027679286389873936,0.0,0.9999999975954177,0.08203844155751312,9,0.0013042538629631872,0.027378199086217983,0.029734878315984523,0.0375
18,8,0.05,0.01,0.05,0.05,0.8675968013240319,0.9117312008826879,0.08826879911731211,0.0,0.9180082865617261,2227.6566215870457,9,0.00014597845206303206,0.08813299111867023,0.08842621778240442,0.944909900550901,0.963273267033934,0.03672673296606599,0.0,0.9999999984641825,0.020527919457243894,9,0.0012701954172697524,0.03598509340014912,0.03850534958827994,0.05
18,9,0.0625,0.0125,0.0625,0.0625,0.7993168020068319,0.8662112013378879,0.13378879866211213,0.0,0.8939558897574809,884.4658449819867,9,0.00026316403517252757,0.13355195599781375,0.13404292132623744,0.9314986846850132,0.9543324564566754,0.045667543543324585,0.0,0.9999999996386602,0.08243627639471239,9,0.0012061227568973191,0.04535749074642515,0.0477720516822796,0.0625
18,10,0.075,0.015,0.075,0.075,0.750278402497216,0.833518934998144,0.166481065001856,0.0,0.8693977142726522,401.37986734182584,9,0.0004667490151826666,0.16602632367307013,0.16693661699730053,0.9185660328143397,0.9457106885428931,0.054289311457106915,0.0,0.9999999996313111,0.03493862815281297,9,0.0012595917296890247,0.05350041290499596,0.05605101170615654,0.075
18,11,0.1,0.02,0.1,0.1,0.6005792039942079,0.733719469329472,0.26628053067052804,0.0,0.817090207411714,104.32559032119637,9,0.0010906249568993253,0.2653300666800327,0.26738433865948996,0.8931912010680879,0.9287941340453919,0.0712058659546081,0.0,0.9999999995891279,0.07181257318799888,9,0.0012011985217666784,0.07084772195818945,0.07321392993452737,0.1
18,12,0.15,0.03,0.15,0.15,0.39218480607815187,0.5947898707187679,0.4052101292812321,0.0,0.7023521221548202,22.19358395516233,9,0.0023335360217540497,0.40265143064015246,0.4074013185926535,0.844708801552912,0.8964725343686079,0.10352746563139215,0.0,0.9999999995411423,0.13772101756178265,9,0.0012923881797450825,0.10372055362946125,0.10629047360376195,0.15
18,13,0.2,0.04,0.2,0.2,0.25653520743464797,0.504356804956432,0.495643195043568,0.0,0.5790937873687398,30.98343934140359,9,0.00560796963236933,0.4898681337679853,0.5010825336558413,0.801483201985168,0.867655467990112,0.13234453200988805,0.0,0.9999999994789539,0.8839571538680595,9,0.0014388556661589402,0.13615120930515456,0.13891553994417793,0.2
18,14,0.25,0.05,0.25,0.25,0.16739600832603996,0.44493067221736,0.55506932778264,0.0,0.4576098692167239,29.42248845454638,9,0.005139062585465253,0.5499508638338247,0.5608121757252115,0.761177602388224,0.8407850682588159,0.15921493174118406,0.0,0.9999999997442425,4.352818761045253,9,0.001570909608903045,0.16875016364583176,0.17182282494843842,0.25
19,0,0.0,0.0,0.0,0.0,1.0,1.0,0.0,0.0,1.0,0.0,9,1.2107291326400186e-08,0.0,0.0,1.0,1.0,0.0,0.0,1.0,0.0,9,0.261035429046315,6.66598555283837e-06,0.6666665916666674,0.0
19,1,0.0005,0.0001,0.0005,0.0005,0.9999946456113036,0.9999964304075357,3.569592464280902e-06,0.0,0.9992698347486368,0.6824701811106499,9,1.8829003910157819e-07,3.3767999662037695e-06,3.746304962581881e-06,0.9994354671846454,0.9996236447897635,0.00037635521023648977,0.0,0.9999999999934934,0.14174297536775526,9,0.002234184342542976,0.00039890136349898683,0.005365370711146356,0.0005
19,2,0.001,0.0002,0.001,0.001,0.999980700580193,0.9999871337201286,1.2866279871404096e-05,0.0,0.9985356137704331,4.121379081618396,9,2.8366741080187675e-07,1.257047987424098e-05,1.3164119868291912e-05,0.9988885212913149,0.99925901419421,0.0007409858057899621,0.0,0.9999999997189982,0.1120663133186339,9,0.0018750850332666684,0.000346756703652411,0.004416409093435889,0.001
19,3,0.0025,0.0005,0.0025,0.0025,0.9998624482163755,0.9999082988109169,9.170118908308211e-05,0.0,0.9964596919945438,45.717388881119355,9,6.121781756445996e-07,9.108677575575541e-05,9.231560241007575e-05,0.9971859679281404,0.9981239786187602,0.0018760213812397675,0.0,1.0000000007363585,0.07613014816103914,9,0.0015245233552020744,0.0007828465937715156,0.003994834651785016,0.0025
19,4,0.005,0.001,0.005,0.005,0.9994170262991298,0.9996113508660865,0.00038864913391345457,0.0,0.9929471079226064,179.99748665559164,9,1.919589029626559e-06,0.0003868935195310286,0.00039067746509324763,0.9943650488263496,0.996243365884233,0.003756634115766988,0.0,0.9999999996862204,0.15173289466139842,9,0.0015693028834688736,0.003339468406605306,0.006554001454459999,0.005
19,5,0.01,0.002,0.01,0.01,0.9974750591002495,0.998316706066833,0.0016832939331670183,0.0,0.9858895481458467,709.2557087433163,9,7.376102981799459e-06,0.001676317783236847,0.001690950683090442,0.9887242281127577,0.9924828187418385,0.007517181258161476,0.0,1.0000000001343021,0.16115886361862947,9,0.0013297356417776034,0.00747453272525469,0.010205703097942966,0.01
19,6,0.025,0.005,0.025,0.025,0.9750965002490348,0.9833976668326899,0.01660233316731008,0.0,0.9625100496166406,3955.4048396996022,9,4.164334822565392e-05,0.01656066650106014,0.01664610650020558,0.9721072642789274,0.9814048428526183,0.01859515714738169,0.0,0.9999999970627368,0.08246516504061516,9,0.0012870598394538707,0.01851297773487018,0.021198904108010855,0.025
19,7,0.0375,0.0075,0.0375,0.0375,0.9131497208685027,0.9420998139123351,0.057900186087664895,0.0,0.9413225606291985,4606.689524500276,9,6.965318156140062e-05,0.05783250555500833,0.05796517232701491,0.9584810704151893,0.9723207136101261,0.027679286389873936,0.0,0.9999999975954177,0.08203844155751312,9,0.0013042538629631872,0.027378199086217983,0.029734878315984523,0.0375
19,8,0.05,0.01,0.05,0.05,0.8574216014257838,0.9049477342838559,0.09505226571614411,0.0,0.9180914375935957,2487.52048031634,9,0.00012979103556603016,0.09492027638413057,0.09516496971501705,0.944909900550901,0.963273267033934,0.03672673296606599,0.0,0.9999999984641825,0.020527919457243894,9,0.0012701954172697524,0.03598509340014912,0.03850534958827994,0.05
19,9,0.0625,0.0125,0.0625,0.0625,0.798746402012536,0.865830934675024,0.13416906532497597,0.0,0.8939566669813271,883.5295379128967,9,0.00027329469449710895,0.13389759866102402,0.13441633998916996,0.9314986846850132,0.9543324564566754,0.045667543543324585,0.0,0.9999999996386602,0.08243627639471239,9,0.0012061227568973191,0.04535749074642515,0.0477720516822796,0.0625
19,10,0.075,0.015,0.075,0.075,0.7506136024938639,0.833742401662576,0.16625759833742404,0.0,0.8693972431974,402.1171975740295,9,0.00044685431344343473,0.16578382767549502,0.16663675566696565,0.9185660328143397,0.9457106885428931,0.054289311457106915,0.0,0.9999999996313111,0.03493862815281297,9,0.0012595917296890247,0.05350041290499596,0.05605101170615654,0.075
19,11,0.1,0.02,0.1,0.1,0.600691203993088,0.733794135995392,0.266205864004608,0.0,0.8170901474231218,102.19794616667642,9,0.001057439254315281,0.2651641146816922,0.2671554533284456,0.8931912010680879,0.9287941340453919,0.0712058659546081,0.0,0.9999999995891279,0.07181257318799888,9,0.0012011985217666784,0.07084772195818945,0.07321392993452737,0.1
19,12,0.15,0.03,0.15,0.15,0.3921856060781439,0.5947904040520959,0.40520959594790407,0.0,0.7023521217914683,24.115022192029013,9,0.002412360199562829,0.4028792066378747,0.40750077459165895,0.844708801552912,0.8964725343686079,0.10352746563139215,0.0,0.9999999995411423,0.13772101756178265,9,0.0012923881797450825,0.10372055362946125,0.10629047360376195,0.15
19,13,0.2,0.04,0.2,0.2,0.25653520743464797,0.504356804956432,0.495643195043568,0.0,0.579093787368793,28.268740980971195,9,0.00544304417990503,0.4900409764329235,0.50136532831968,0.801483201985168,0.867655467990112,0.13234453200988805,0.0,0.9999999994789539,0.8839571538680595,9,0.0014388556661589402,0.13615120930515456,0.13891553994417793,0.2
19,14,0.25,0.05,0.25,0.25,0.16739600832603996,0.44493067221736,0.55506932778264,0.0,0.4576098692167239,26.27222617772309,9,0.005054507403404847,0.550246053164206,0.5601810717315225,0.761177602388224,0.8407850682588159,0.15921493174118406,0.0,0.9999999997442425,4.352818761045253,9,0.001570909608903045,0.16875016364583176,0.17182282494843842,0.25
20,0,0.0,0.0,0.0,0.0,1.0,1.0,0.0,0.0,1.0,0.0,9,1.196949275148283e-08,0.0,0.0,1.0,1.0,0.0,0.0,1.0,0.0,9,0.261035429046315,6.66598555283837e-06,0.6666665916666674,0.0
20,1,0.0005,0.0001,0.0005,0.0005,0.9999943805425562,0.9999962536950374,3.746304962581881e-06,0.0,0.9992712174683663,0.604666721081458,9,1.902991965908188e-07,3.569592464280902e-06,3.941609960533832e-06,0.9994354671846454,0.9996236447897635,0.00037635521023648977,0.0,0.9999999999934934,0.14174297536775526,9,0.002234184342542976,0.00039890136349898683,0.005365370711146356,0.0005
20,2,0.001,0.0002,0.001,0.001,0.999979498000205,0.9999863320001366,1.3667999863353764e-05,0.0,0.9985401619478236,3.7274711688796347,9,2.84882502204868e-07,1.3367269866448872e-05,1.3929799860701308e-05,0.9988885212913149,0.99925901419421,0.0007409858057899621,0.0,0.9999999997189982,0.1120663133186339,9,0.0018750850332666684,0.000346756703652411,0.004416409093435889,0.001
20,3,0.0025,0.0005,0.0025,0.0025,0.9998549605614504,0.999903307040967,9.669295903302899e-05,0.0,0.9964831725860144,42.82042664971685,9,6.500838310332073e-07,9.603929903967412e-05,9.731278569358182e-05,0.9971859679281404,0.9981239786187602,0.0018760213812397675,0.0,1.0000000007363585,0.07613014816103914,9,0.0015245233552020744,0.0007828465937715156,0.003994834651785016,0.0025
20,4,0.005,0.001,0.005,0.005,0.999396809035932,0.9995978726906213,0.0004021273093787192,0.0,0.9929766597488572,194.2276907579723,9,1.958437473364362e-06,0.00040001552969981535,0.0004038759069852871,0.9943650488263496,0.996243365884233,0.003756634115766988,0.0,0.9999999996862204,0.15173289466139842,9,0.0015693028834688736,0.003339468406605306,0.006554001454459999,0.005
20,5,0.01,0.002,0.01,0.01,0.9974082116759179,0.9982721411172785,0.0017278588827215335,0.0,0.9859360570574168,801.8110457797856,9,7.434325280933978e-06,0.0017209476494571697,0.0017357486493091434,0.9887242281127577,0.9924828187418385,0.007517181258161476,0.0,1.0000000001343021,0.16115886361862947,9,0.0013297356417776034,0.00747453272525469,0.010205703097942966,0.01
20,6,0.025,0.005,0.025,0.025,0.9734896482651034,0.9823264321767357,0.017673567823264347,0.0,0.9626569573904693,4469.465359454494,9,3.9620968596702434e-05,0.017637810490288452,0.017717137796161988,0.9721072642789274,0.9814048428526183,0.01859515714738169,0.0,0.9999999970627368,0.08246516504061516,9,0.0012870598394538707,0.01851297773487018,0.021198904108010855,0.025
20,7,0.0375,0.0075,0.0375,0.0375,0.9124930008750699,0.9416620005833799,0.0583379994166201,0.0,0.9413373523111896,4660.102391723412,9,7.535527985649541e-05,0.05825983941740161,0.05841705941582944,0.9584810704151893,0.9723207136101261,0.027679286389873936,0.0,0.9999999975954177,0.08203844155751312,9,0.0013042538629631872,0.027378199086217983,0.029734878315984523,0.0375
20,8,0.05,0.01,0.05,0.05,0.8574544014254559,0.904969600950304,0.09503039904969601,0.0,0.9180911593098843,2487.5594611826705,9,0.0001256871925096015,0.09491298038420352,0.09516488438168455,0.944909900550901,0.963273267033934,0.03672673296606599,0.0,0.9999999984641825,0.020527919457243894,9,0.0012701954172697524,0.03598509340014912,0.03850534958827994,0.05
20,9,0.0625,0.0125,0.0625,0.0625,0.7987216020127839,0.8658144013418559,0.13418559865814406,0.0,0.8939567033178194,882.1272908147246,9,0.00024380536742230413,0.13396622799367106,0.13444008398893256,0.9314986846850132,0.9543324564566754,0.045667543543324585,0.0,0.9999999996386602,0.08243627639471239,9,0.0012061227568973191,0.04535749074642515,0.0477720516822796,0.0625
20,10,0.075,0.015,0.075,0.075,0.7506080024939199,0.8337386683292799,0.1662613316707201,0.0,0.8693972522467277,398.52058923963125,9,0.00044022337587575473,0.1658552516747808,0.16669623299970432,0.9185660328143397,0.9457106885428931,0.054289311457106915,0.0,0.9999999996313111,0.03493862815281297,9,0.0012595917296890247,0.05350041290499596,0.05605101170615654,0.075
20,11,0.1,0.02,0.1,0.1,0.6006952039930479,0.7337968026620318,0.26620319733796816,0.0,0.8170901451724195,104.2374025542502,9,0.0011094535201871833,0.26502391201642755,0.2672462906608704,0.8931912010680879,0.9287941340453919,0.0712058659546081,0.0,0.9999999995891279,0.07181257318799888,9,0.0012011985217666784,0.07084772195818945,0.07321392993452737,0.1
20,12,0.15,0.03,0.15,0.15,0.3921856060781439,0.5947904040520959,0.40520959594790407,0.0,0.7023521217913875,24.802013535657466,9,0.002473508463382248,0.40301541996984575,0.40775630525577033,0.844708801552912,0.8964725343686079,0.10352746563139215,0.0,0.9999999995411423,0.13772101756178265,9,0.0012923881797450825,0.10372055362946125,0.10629047360376195,0.15
20,13,0.2,0.04,0.2,0.2,0.25653520743464797,0.504356804956432,0.495643195043568,0.0,0.579093787368793,28.5824774010874,9,0.005459443720829607,0.4899403684339297,0.5004870563284627,0.801483201985168,0.867655467990112,0.13234453200988805,0.0,0.9999999994789539,0.8839571538680595,9,0.0014388556661589402,0.13615120930515456,0.13891553994417793,0.2
20,14,0.25,0.05,0.25,0.25,0.16739600832603996,0.44493067221736,0.55506932778264,0.0,0.4576098692167239,27.071159034506582,9,0.005204064592731702,0.549897402501026,0.5605970717273625,0.761177602388224,0.8407850682588159,0.15921493174118406,0.0,0.9999999997442425,4.352818761045253,9,0.001570909608903045,0.16875016364583176,0.17182282494843842,0.25
21,0,0.0,0.0,0.0,0.0,1.0,1.0,0.0,0.0,1.0,0.0,9,1.1577817872851738e-08,0.0,0.0,1.0,1.0,0.0,0.0,1.0,0.0,9,0.261035429046315,6.66598555283837e-06,0.6666665916666674,0.0
21,1,0.0005,0.0001,0.0005,0.0005,0.9999935780500642,0.9999957187000428,4.281299957220597e-06,0.0,0.9992746677434339,0.8072865795034186,9,1.9690529247295578e-07,4.083649959185642e-06,4.459687455438122e-06,0.9994354671846454,0.9996236447897635,0.00037635521023648977,0.0,0.9999999999934934,0.14174297536775526,9,0.002234184342542976,0.00039890136349898683,0.005365370711146356,0.0005
21,2,0.001,0.0002,0.001,0.001,0.9999762348627377,0.9999841565751585,1.584342484151069e-05,0.0,0.9985521713305181,7.485786617243946,9,2.872692579728138e-07,1.5549249844482027e-05,1.6118808172094212e-05,0.9988885212913149,0.99925901419421,0.0007409858057899621,0.0,0.9999999997189982,0.1120663133186339,9,0.0018750850332666684,0.000346756703652411,0.004416409093435889,0.001
21,3,0.0025,0.0005,0.0025,0.0025,0.9998351640016484,0.9998901093344322,0.00010989066556776894,0.0,0.996543474453713,74.8719566118692,9,6.609433349612967e-07,0.00010926271890732142,0.00011052199556138564,0.9971859679281404,0.9981239786187602,0.0018760213812397675,0.0,1.0000000007363585,0.07613014816103914,9,0.0015245233552020744,0.0007828465937715156,0.003994834651785016,0.0025
21,4,0.005,0.001,0.005,0.005,0.9993475876840741,0.9995650584560494,0.0004349415439506288,0.0,0.9930473980989243,289.4941498537814,9,2.058122318964127e-06,0.0004329036451710122,0.0004370237399137489,0.9943650488263496,0.996243365884233,0.003756634115766988,0.0,0.9999999996862204,0.15173289466139842,9,0.0015693028834688736,0.003339468406605306,0.006554001454459999,0.005
21,5,0.01,0.002,0.01,0.01,0.9973250452267496,0.998216696817833,0.0017833031821670176,0.0,0.9859943148180417,1054.3210938421585,9,7.734163968193147e-06,0.0017756988302429378,0.001790563134094465,0.9887242281127577,0.9924828187418385,0.007517181258161476,0.0,1.0000000001343021,0.16115886361862947,9,0.0013297356417776034,0.00747453272525469,0.010205703097942966,0.01
21,6,0.025,0.005,0.025,0.025,0.9681557923184422,0.9787705282122948,0.02122947178770518,0.0,0.9631282403814273,6523.01348118488,9,3.7483012668960885e-05,0.021192807468071936,0.021266657067333498,0.9721072642789274,0.9814048428526183,0.01859515714738169,0.0,0.9999999970627368,0.08246516504061516,9,0.0012870598394538707,0.01851297773487018,0.021198904108010855,0.025
21,7,0.0375,0.0075,0.0375,0.0375,0.9036348289636517,0.9357565526424345,0.06424344735756549,0.0,0.9415273119292521,5468.016659880242,9,6.748275852474866e-05,0.06417532735824683,0.06430999535690007,0.9584810704151893,0.9723207136101261,0.027679286389873936,0.0,0.9999999975954177,0.08203844155751312,9,0.0013042538629631872,0.027378199086217983,0.029734878315984523,0.0375
21,8,0.05,0.01,0.05,0.05,0.853352801466472,0.902235200977648,0.09776479902235202,0.0,0.9181241824536379,2580.7669169093238,9,0.0001162799235052374,0.0976553803567797,0.09787918835454149,0.944909900550901,0.963273267033934,0.03672673296606599,0.0,0.9999999984641825,0.020527919457243894,9,0.0012701954172697524,0.03598509340014912,0.03850534958827994,0.05
21,9,0.0625,0.0125,0.0625,0.0625,0.7982576020174238,0.865505068011616,0.13449493198838403,0.0,0.8939573744569481,882.0372916180895,9,0.0002470965733459662,0.13421484665785166,0.13473386531932807,0.9314986846850132,0.9543324564566754,0.045667543543324585,0.0,0.9999999996386602,0.08243627639471239,9,0.0012061227568973191,0.04535749074642515,0.0477720516822796,0.0625
21,10,0.075,0.015,0.075,0.075,0.7509232024907679,0.833948801660512,0.166051198339488,0.0,0.8693967843242644,398.81693096669085,9,0.00042393405625080555,0.1656453530102131,0.16651099566822336,0.9185660328143397,0.9457106885428931,0.054289311457106915,0.0,0.9999999996313111,0.03493862815281297,9,0.0012595917296890247,0.05350041290499596,0.05605101170615654,0.075
21,11,0.1,0.02,0.1,0.1,0.600746403992536,0.7338309359950239,0.2661690640049761,0.0,0.8170901166386693,103.52099758382072,9,0.0010914990642995435,0.2651355920153108,0.2671733519949331,0.8931912010680879,0.9287941340453919,0.0712058659546081,0.0,0.9999999995891279,0.07181257318799888,9,0.0012011985217666784,0.07084772195818945,0.07321392993452737,0.1
21,12,0.15,0.03,0.15,0.15,0.3921856060781439,0.5947904040520959,0.40520959594790407,0.0,0.7023521217954024,27.41280878704333,9,0.0025570439813919713,0.40256012397439866,0.4075666519243335,0.844708801552912,0.8964725343686079,0.10352746563139215,0.0,0.9999999995411423,0.13772101756178265,9,0.0012923881797450825,0.10372055362946125,0.10629047360376195,0.15
21,13,0.2,0.04,0.2,0.2,0.25653520743464797,0.504356804956432,0.495643195043568,0.0,0.5790937873687957,26.155049215248308,9,0.0055105090036704375,0.49038472042948617,0.5010596643227366,0.801483201985168,0.867655467990112,0.13234453200988805,0.0,0.9999999994789539,0.8839571538680595,9,0.0014388556661589402,0.13615120930515456,0.13891553994417793,0.2
21,14,0.25,0.05,0.25,0.25,0.16739600832603996,0.44493067221736,0.55506932778264,0.0,0.4576098692167239,27.22541156406784,9,0.005521004870630858,0.5499197171674695,0.5604171890624947,0.761177602388224,0.8407850682588159,0.15921493174118406,0.0,0.9999999997442425,4.352818761045253,9,0.001570909608903045,0.16875016364583176,0.17182282494843842,0.25
22,0,0.0,0.0,0.0,0.0,1.0,1.0,0.0,0.0,1.0,0.0,9,1.196949275148283e-08,0.0,0.0,1.0,1.0,0.0,0.0,1.0,0.0,9,0.261035429046315,6.66598555283837e-06,0.6666665916666674,0.0
22,1,0.0005,0.0001,0.0005,0.0005,0.9999933639850663,0.9999955759900443,4.424009955705799e-06,0.0,0.9992758523378638,0.7699450185797158,9,1.8860162003852645e-07,4.245622457488274e-06,4.624004953712735e-06,0.9994354671846454,0.9996236447897635,0.00037635521023648977,0.0,0.9999999999934934,0.14174297536775526,9,0.002234184342542976,0.00039890136349898683,0.005365370711146356,0.0005
22,2,0.001,0.0002,0.001,0.001,0.9999756603502434,0.999983773566829,1.6226433171007137e-05,0.0,0.9985543845055515,6.964338885296346,9,2.8496149539013713e-07,1.5950024840449828e-05,1.652299983467831e-05,0.9988885212913149,0.99925901419421,0.0007409858057899621,0.0,0.9999999997189982,0.1120663133186339,9,0.0018750850332666684,0.000346756703652411,0.004416409093435889,0.001
22,3,0.0025,0.0005,0.0025,0.0025,0.9998316155616839,0.9998877437077892,0.00011225629221078837,0.0,0.9965552791317797,73.1131741107398,9,7.00799290458445e-07,0.00011162563888367227,0.0001129657772036552,0.9971859679281404,0.9981239786187602,0.0018760213812397675,0.0,1.0000000007363585,0.07613014816103914,9,0.0015245233552020744,0.0007828465937715156,0.003994834651785016,0.0025
22,4,0.005,0.001,0.005,0.005,0.9993391658318959,0.9995594438879305,0.0004405561120695012,0.0,0.9930600718964347,300.6475710849499,9,2.107798509142401e-06,0.00043836658391638306,0.00044272922857269137,0.9943650488263496,0.996243365884233,0.003756634115766988,0.0,0.9999999996862204,0.15173289466139842,9,0.0015693028834688736,0.003339468406605306,0.006554001454459999,0.005
22,5,0.01,0.002,0.01,0.01,0.9973488088265119,0.9982325392176746,0.0017674607823253696,0.0,0.985977575953305,1085.462179850031,9,7.64836704558097e-06,0.001760228382397755,0.0017760983342390135,0.9887242281127577,0.9924828187418385,0.007517181258161476,0.0,1.0000000001343021,0.16115886361862947,9,0.0013297356417776034,0.00747453272525469,0.010205703097942966,0.01
22,6,0.025,0.005,0.025,0.025,0.9679762723202372,0.9786508482134915,0.021349151786508536,0.0,0.9631441587589078,6629.071537864118,9,3.5816881829518516e-05,0.021312191786878043,0.02138118378618825,0.9721072642789274,0.9814048428526183,0.01859515714738169,0.0,0.9999999970627368,0.08246516504061516,9,0.0012870598394538707,0.01851297773487018,0.021198904108010855,0.025
22,7,0.0375,0.0075,0.0375,0.0375,0.9032874169671257,0.9355249446447504,0.06447505535524956,0.0,0.9415348421852511,5496.148670035674,9,6.522856430830788e-05,0.06440886367591135,0.06453877535461228,0.9584810704151893,0.9723207136101261,0.027679286389873936,0.0,0.9999999975954177,0.08203844155751312,9,0.0013042538629631872,0.027378199086217983,0.029734878315984523,0.0375
22,8,0.05,0.01,0.05,0.05,0.8533336014666639,0.902222400977776,0.09777759902222405,0.0,0.918124340465421,2580.7282230509,9,0.00012042235428892542,0.09766242035670919,0.09790141768765245,0.944909900550901,0.963273267033934,0.03672673296606599,0.0,0.9999999984641825,0.020527919457243894,9,0.0012701954172697524,0.03598509340014912,0.03850534958827994,0.05
22,9,0.0625,0.0125,0.0625,0.0625,0.7982520020174799,0.8655013346783199,0.1344986653216801,0.0,0.8939573829834786,880.7471175623403,9,0.0002475508995011333,0.1342863133238035,0.13475189198581447,0.9314986846850132,0.9543324564566754,0.045667543543324585,0.0,0.9999999996386602,0.08243627639471239,9,0.0012061227568973191,0.04535749074642515,0.0477720516822796,0.0625
22,10,0.075,0.015,0.075,0.075,0.7508976024910239,0.833931734994016,0.16606826500598404,0.0,0.8693968239977651,396.024619720005,9,0.00043662408005430757,0.16563093167702403,0.16648132100185345,0.9185660328143397,0.9457106885428931,0.054289311457106915,0.0,0.9999999996313111,0.03493862815281297,9,0.0012595917296890247,0.05350041290499596,0.05605101170615654,0.075
22,11,0.1,0.02,0.1,0.1,0.600748803992512,0.733832535995008,0.266167464004992,0.0,0.8170901152581647,106.9310735752622,9,0.001094819431781499,0.26519743734802553,0.26733838665994947,0.8931912010680879,0.9287941340453919,0.0712058659546081,0.0,0.9999999995891279,0.07181257318799888,9,0.0012011985217666784,0.07084772195818945,0.07321392993452737,0.1
22,12,0.15,0.03,0.15,0.15,0.3921856060781439,0.5947904040520959,0.40520959594790407,0.0,0.7023521217953688,25.487331502398106,9,0.002347202145554873,0.4031667159683329,0.4076543105901236,0.844708801552912,0.8964725343686079,0.10352746563139215,0.0,0.9999999995411423,0.13772101756178265,9,0.0012923881797450825,0.10372055362946125,0.10629047360376195,0.15
22,13,0.2,0.04,0.2,0.2,0.25653520743464797,0.504356804956432,0.495643195043568,0.0,0.5790937873687957,26.714440777543672,9,0.005655072384019863,0.49026555243067776,0.5018480803148525,0.801483201985168,0.867655467990112,0.13234453200988805,0.0,0.9999999994789539,0.8839571538680595,9,0.0014388556661589402,0.13615120930515456,0.13891553994417793,0.2
22,14,0.25,0.05,0.25,0.25,0.16739600832603996,0.44493067221736,0.55506932778264,0.0,0.4576098692167239,27.0725439515626,9,0.005102344881127719,0.5499740318335931,0.5603289757300435,0.761177602388224,0.8407850682588159,0.15921493174118406,0.0,0.9999999997442425,4.352818761045253,9,0.001570909608903045,0.16875016364583176,0.17182282494843842,0.25
