Probability,3.35981829e-05
Fidelity averages,0.9999769360983914,0.9999748516716381,0.9999772256553272,0.9999760905053313,0.9999769352392934,0.9999762677218438,0.999976356279454,0.9999769335786923,0.9999774619884985
Fidelity Standard Deviations,5.9467872705785575e-06,4.590018986467681e-06,4.4768752006662085e-06,4.664048654230834e-06,5.5574286914213e-06,6.012607481510335e-06,5.865630913518939e-06,5.785493388935946e-06,6.961578154984249e-06
Rejected Runs,0.0006030678728024123,0.0019238371810076957,0.0032631731930130524,0.004583909167818335,0.007136647606628547,0.00978988624643916,0.012418624837249675,0.01371989410645488,0.014991096648859963
Rejected Standard Deviations,5.9467872705785575e-06,4.590018986467681e-06,4.4768752006662085e-06,4.664048654230834e-06,5.5574286914213e-06,6.012607481510335e-06,5.865630913518939e-06,5.785493388935946e-06,6.961578154984249e-06
