Probability,3.35981829e-05
Fidelity averages,0.9999769360983914,0.9999748516716381,0.9999772256553273,0.9999760905053314,0.9999769352392934,0.9999762677218438,0.9999763562794542,0.9999769335786923,0.9999774619884984
Fidelity Standard Deviations,5.946787270587151e-06,4.590018986501122e-06,4.476875200660656e-06,4.66404865421736e-06,5.557428691433849e-06,6.012607481484536e-06,5.865630913481362e-06,5.785493388939193e-06,6.961578154966272e-06
Rejected Runs,0.0006030666666666667,0.0019238333333333334,0.003263166666666666,0.004583900000000001,0.007136633333333334,0.009789866666666666,0.012418599999999998,0.013719866666666667,0.014991066666666665
Rejected Standard Deviations,2.5630624044078382e-05,5.657801889623055e-05,6.0681728899416076e-05,0.00010315501280435508,9.816872663373446e-05,0.00011806346692445654,0.00013620489467465292,0.00013494263801910633,0.0001463641425425715
