Probability,3.35981829e-05
Fidelity averages,0.9999769360983914,0.9999748579057942,0.9999771367053006,0.9999759577070867,0.9999768098599893,0.9999761042839431,0.999976153423011,0.9999767320829963,0.99997711256119
Fidelity Standard Deviations,5.946787270587151e-06,4.588905537201758e-06,4.618324337280853e-06,4.591242433043332e-06,5.448470865684389e-06,6.041631065282268e-06,5.908766843142052e-06,5.600790138905914e-06,7.005346201535875e-06
Rejected Runs,0.0006030666666666667,0.0016760333333333333,0.002768166666666667,0.003842466666666667,0.006035700000000001,0.008195066666666669,0.010335600000000002,0.011514666666666668,0.0125535
Rejected Standard Deviations,2.5630624044078382e-05,5.362616484101353e-05,6.666087474840263e-05,9.556873035790641e-05,9.572430899898588e-05,0.00011236397208279083,0.00013309485339411131,0.00011965570980479303,0.00014076215163648693
