Probability,3.35981829e-05
Fidelity averages,0.9999769360983914,0.999974857905794,0.9999771367053006,0.9999759577070866,0.9999768098599893,0.9999761042839431,0.999976153423011,0.9999767320829963,0.9999771125611899
Fidelity Standard Deviations,5.9467872705785575e-06,4.588905537178256e-06,4.618324337262776e-06,4.591242433030584e-06,5.448470865643442e-06,6.041631065282647e-06,5.908766843131231e-06,5.600790138914935e-06,7.005346201545671e-06
Rejected Runs,0.0006030678728024123,0.001676036685406704,0.002768172203011073,0.0038424743516153703,0.006035712071424142,0.008195083056832782,0.010335620671241346,0.011514689696046057,0.012553525107050214
Rejected Standard Deviations,5.9467872705785575e-06,4.588905537178256e-06,4.618324337262776e-06,4.591242433030584e-06,5.448470865643442e-06,6.041631065282647e-06,5.908766843131231e-06,5.600790138914935e-06,7.005346201545671e-06
