Probability,3.35981829e-05
Fidelity averages,0.9999769360983914,0.9999748579057942,0.9999771367053006,0.9999759577070867,0.9999767624709364,0.9999761043604941,0.9999761534914146,0.9999766338477158,0.9999771633290913
Fidelity Standard Deviations,5.946787270587151e-06,4.588905537201758e-06,4.618324337280853e-06,4.591242433043332e-06,5.490992928063418e-06,6.041639425111929e-06,5.882723351343029e-06,5.644614758644279e-06,7.033143675464309e-06
Rejected Runs,0.0006030666666666667,0.0016760333333333333,0.002768166666666667,0.003842466666666667,0.0059112666666666655,0.008191700000000001,0.0103335,0.011391066666666668,0.0125489
Rejected Standard Deviations,2.5630624044078382e-05,5.362616484101353e-05,6.666087474840263e-05,9.556873035790641e-05,9.373221905454321e-05,0.00011179241178780138,0.00013455327321672,0.00011599308408502437,0.00014257637719248354
