Probability,3.35981829e-05
Fidelity averages,0.9999769360983914,0.999974857905794,0.9999771367053006,0.9999759577070866,0.9999767624709364,0.9999761043604941,0.9999761534914142,0.9999766338477157,0.9999771633290913
Fidelity Standard Deviations,5.9467872705785575e-06,4.588905537178256e-06,4.618324337262776e-06,4.591242433030584e-06,5.4909929280727874e-06,6.041639425119714e-06,5.882723351344819e-06,5.644614758668555e-06,7.0331436754752784e-06
Rejected Runs,0.0006030678728024123,0.001676036685406704,0.002768172203011073,0.0038424743516153703,0.005911278489223645,0.008191716383432766,0.010333520667041334,0.011391089448845567,0.012548925097850194
Rejected Standard Deviations,5.9467872705785575e-06,4.588905537178256e-06,4.618324337262776e-06,4.591242433030584e-06,5.4909929280727874e-06,6.041639425119714e-06,5.882723351344819e-06,5.644614758668555e-06,7.0331436754752784e-06
