Probability,3.35981829e-05
Fidelity averages,0.9999769360983914,0.9999748579057942,0.9999771367053006,0.9999759577070867,0.9999767624709364,0.9999760539397372,0.9999762039130394,0.9999766337619559,0.9999770649001309
Fidelity Standard Deviations,5.946787270587151e-06,4.588905537201758e-06,4.618324337280853e-06,4.591242433043332e-06,5.490992928063418e-06,6.050219905367019e-06,5.8201627719922385e-06,5.6447122379031164e-06,7.08530863225972e-06
Rejected Runs,0.0006030666666666667,0.0016760333333333333,0.002768166666666667,0.003842466666666667,0.0059112666666666655,0.008192033333333333,0.0103374,0.011393633333333335,0.012426533333333331
Rejected Standard Deviations,2.5630624044078382e-05,5.362616484101353e-05,6.666087474840263e-05,9.556873035790641e-05,9.373221905454321e-05,0.00011385267771213045,0.0001327088542637604,0.00011914262694583965,0.00014262508739894088
