Probability,3.35981829e-05
Fidelity averages,0.9999769360983914,0.999974857905794,0.9999771367053006,0.9999759577070866,0.9999767624709364,0.9999760539397372,0.9999762039130393,0.9999766337619558,0.9999770649001308
Fidelity Standard Deviations,5.9467872705785575e-06,4.588905537178256e-06,4.618324337262776e-06,4.591242433030584e-06,5.4909929280727874e-06,6.050219905388761e-06,5.820162771978265e-06,5.644712237910476e-06,7.085308632269957e-06
Rejected Runs,0.0006030678728024123,0.001676036685406704,0.002768172203011073,0.0038424743516153703,0.005911278489223645,0.008192049717432768,0.010337420674841351,0.011393656120645579,0.012426558186449704
Rejected Standard Deviations,5.9467872705785575e-06,4.588905537178256e-06,4.618324337262776e-06,4.591242433030584e-06,5.4909929280727874e-06,6.050219905388761e-06,5.820162771978265e-06,5.644712237910476e-06,7.085308632269957e-06
