Probability,3.35981829e-05
Fidelity averages,0.9999769360983914,0.9999748579057942,0.9999771367053006,0.9999759577070867,0.9999767624709364,0.9999760035329716,0.9999761535214546,0.9999765831586321,0.9999769635973332
Fidelity Standard Deviations,5.946787270587151e-06,4.588905537201758e-06,4.618324337280853e-06,4.591242433043332e-06,5.490992928063418e-06,6.0585378953497e-06,6.036894032725771e-06,5.645799065425864e-06,7.190358685508116e-06
Rejected Runs,0.0006030666666666667,0.0016760333333333333,0.002768166666666667,0.003842466666666667,0.0059112666666666655,0.008190833333333333,0.0103321,0.011395433333333335,0.0124269
Rejected Standard Deviations,2.5630624044078382e-05,5.362616484101353e-05,6.666087474840263e-05,9.556873035790641e-05,9.373221905454321e-05,0.00011281994012092405,0.00013068189111987418,0.00011549651750401641,0.0001429665112301946
