Probability,3.35981829e-05
Fidelity averages,0.9999769360983914,0.999974857905794,0.9999771367053006,0.9999759577070866,0.9999767624709364,0.9999760035329716,0.9999761535214545,0.999976583158632,0.9999769635973332
Fidelity Standard Deviations,5.9467872705785575e-06,4.588905537178256e-06,4.618324337262776e-06,4.591242433030584e-06,5.4909929280727874e-06,6.058537895373108e-06,6.036894032728004e-06,5.645799065440288e-06,7.190358685507468e-06
Rejected Runs,0.0006030678728024123,0.001676036685406704,0.002768172203011073,0.0038424743516153703,0.005911278489223645,0.008190849715032764,0.010332120664241327,0.01139545612424558,0.01242692485384971
Rejected Standard Deviations,5.9467872705785575e-06,4.588905537178256e-06,4.618324337262776e-06,4.591242433030584e-06,5.4909929280727874e-06,6.058537895373108e-06,6.036894032728004e-06,5.645799065440288e-06,7.190358685507468e-06
