Probability,3.35981829e-05
Fidelity averages,0.9999769360983914,0.9999748579057942,0.9999771367053006,0.9999759577070867,0.9999767624709364,0.9999759530987308,0.9999761027976021,0.9999764821337889,0.9999769128523514
Fidelity Standard Deviations,5.946787270587151e-06,4.588905537201758e-06,4.618324337280853e-06,4.591242433043332e-06,5.490992928063418e-06,6.028460869990846e-06,6.109549548511748e-06,5.578244531601077e-06,7.215073227064717e-06
Rejected Runs,0.0006030666666666667,0.0016760333333333333,0.002768166666666667,0.003842466666666667,0.0059112666666666655,0.008191700000000001,0.010339600000000003,0.011390699999999998,0.012432266666666669
Rejected Standard Deviations,2.5630624044078382e-05,5.362616484101353e-05,6.666087474840263e-05,9.556873035790641e-05,9.373221905454321e-05,0.00011229608185506748,0.0001292147050455171,0.0001168891640258698,0.00014302282646098458
