Probability,3.35981829e-05
Fidelity averages,0.9999769360983914,0.999974857905794,0.9999771367053006,0.9999759577070866,0.9999767624709364,0.9999759530987308,0.9999761027976021,0.9999764821337889,0.9999769128523514
Fidelity Standard Deviations,5.9467872705785575e-06,4.588905537178256e-06,4.618324337262776e-06,4.591242433030584e-06,5.4909929280727874e-06,6.0284608699835105e-06,6.10954954851269e-06,5.5782445315980485e-06,7.2150732270859105e-06
Rejected Runs,0.0006030678728024123,0.001676036685406704,0.002768172203011073,0.0038424743516153703,0.005911278489223645,0.008191716383432766,0.010339620679241358,0.011390722781445563,0.012432291531249728
Rejected Standard Deviations,5.9467872705785575e-06,4.588905537178256e-06,4.618324337262776e-06,4.591242433030584e-06,5.4909929280727874e-06,6.0284608699835105e-06,6.10954954851269e-06,5.5782445315980485e-06,7.2150732270859105e-06
