Probability,3.35981829e-05
Fidelity averages,0.9999769360983914,0.999974857905794,0.9999771367053006,0.9999759577070866,0.9999767624709364,0.9999758552552634,0.9999760523822262,0.9999764820072722,0.9999767610957702
Fidelity Standard Deviations,5.9467872705785575e-06,4.588905537178256e-06,4.618324337262776e-06,4.591242433030584e-06,5.4909929280727874e-06,6.016711231980873e-06,6.205322111403533e-06,5.578387708618175e-06,7.0178247336274225e-06
Rejected Runs,0.0006030678728024123,0.001676036685406704,0.002768172203011073,0.0038424743516153703,0.005911278489223645,0.008069549472432278,0.010336620673241346,0.011394089454845576,0.012426891520449707
Rejected Standard Deviations,5.9467872705785575e-06,4.588905537178256e-06,4.618324337262776e-06,4.591242433030584e-06,5.4909929280727874e-06,6.016711231980873e-06,6.205322111403533e-06,5.578387708618175e-06,7.0178247336274225e-06
