Probability,3.35981829e-05
Fidelity averages,0.9999769360983914,0.9999748579057942,0.9999771367053006,0.9999759577070867,0.9999767624709364,0.9999758552552634,0.9999760523822262,0.9999764820072722,0.9999767610957702
Fidelity Standard Deviations,5.946787270587151e-06,4.588905537201758e-06,4.618324337280853e-06,4.591242433043332e-06,5.490992928063418e-06,6.016711231965544e-06,6.205322111392677e-06,5.578387708624719e-06,7.017824733625181e-06
Rejected Runs,0.0006030666666666667,0.0016760333333333333,0.002768166666666667,0.003842466666666667,0.0059112666666666655,0.008069533333333333,0.0103366,0.011394066666666666,0.01242686666666667
Rejected Standard Deviations,2.5630624044078382e-05,5.362616484101353e-05,6.666087474840263e-05,9.556873035790641e-05,9.373221905454321e-05,0.00011329775912268616,0.00013081478000083428,0.00011599452094340013,0.0001409781858618166
