Probability,3.35981829e-05
Fidelity averages,0.9999769360983914,0.9999748579057942,0.9999771367053006,0.9999759577070867,0.9999767624709364,0.9999758552552634,0.999975951406742,0.9999763302992064,0.9999766091805173
Fidelity Standard Deviations,5.946787270587151e-06,4.588905537201758e-06,4.618324337280853e-06,4.591242433043332e-06,5.490992928063418e-06,6.016711231965544e-06,6.1846799299838014e-06,5.436985343536775e-06,7.000702473287126e-06
Rejected Runs,0.0006030666666666667,0.0016760333333333333,0.002768166666666667,0.003842466666666667,0.0059112666666666655,0.008069533333333333,0.010334,0.011393500000000003,0.012428966666666664
Rejected Standard Deviations,2.5630624044078382e-05,5.362616484101353e-05,6.666087474840263e-05,9.556873035790641e-05,9.373221905454321e-05,0.00011329775912268616,0.00013250182388681802,0.00011429807522438843,0.00014339560275297453
