Probability,3.35981829e-05
Fidelity averages,0.9999769360983914,0.999974857905794,0.9999771367053006,0.9999759577070866,0.9999767624709364,0.9999758552552634,0.9999756512158968,0.9999763303716397,0.9999764572725337
Fidelity Standard Deviations,5.9467872705785575e-06,4.588905537178256e-06,4.618324337262776e-06,4.591242433030584e-06,5.4909929280727874e-06,6.016711231980873e-06,6.048847654852079e-06,5.436892696451528e-06,7.132950287982676e-06
Rejected Runs,0.0006030678728024123,0.001676036685406704,0.002768172203011073,0.0038424743516153703,0.005911278489223645,0.008069549472432278,0.010213520427040853,0.011390956115245566,0.012429924859849723
Rejected Standard Deviations,5.9467872705785575e-06,4.588905537178256e-06,4.618324337262776e-06,4.591242433030584e-06,5.4909929280727874e-06,6.016711231980873e-06,6.048847654852079e-06,5.436892696451528e-06,7.132950287982676e-06
