Probability,3.35981829e-05
Fidelity averages,0.9999769360983914,0.9999748547986651,0.9999772311705377,0.9999759989776871,0.9999769493867031,0.9999762377885747,0.9999763826036028,0.999976911579208,0.9999773404008254
Fidelity Standard Deviations,5.9467872705785575e-06,4.589460211993678e-06,4.475706780021419e-06,4.697922261023146e-06,5.554127290536344e-06,5.953976149169254e-06,5.859134785175271e-06,5.782602206834231e-06,6.929425818253429e-06
Rejected Runs,0.0006030678728024123,0.0017995369324071983,0.00302257271181209,0.004213241759816853,0.006525946385226103,0.008933984534635736,0.011318089302845275,0.012494158321649974,0.013655960645254626
Rejected Standard Deviations,5.9467872705785575e-06,4.589460211993678e-06,4.475706780021419e-06,4.697922261023146e-06,5.554127290536344e-06,5.953976149169254e-06,5.859134785175271e-06,5.782602206834231e-06,6.929425818253429e-06
