Probability,3.35981829e-05
Fidelity averages,0.9999769360983914,0.9999748547986651,0.9999772311705377,0.9999759989776872,0.9999769493867031,0.9999762377885747,0.999976382603603,0.9999769115792081,0.9999773404008254
Fidelity Standard Deviations,5.946787270587151e-06,4.589460212021464e-06,4.475706780033948e-06,4.697922261059686e-06,5.554127290537216e-06,5.953976149146114e-06,5.859134785175323e-06,5.78260220683947e-06,6.929425818246853e-06
Rejected Runs,0.0006030666666666667,0.0017995333333333332,0.003022566666666668,0.004213233333333333,0.006525933333333332,0.008933966666666666,0.01131806666666667,0.012494133333333334,0.013655933333333333
Rejected Standard Deviations,2.5630624044078382e-05,5.4179167788202695e-05,6.507620319457969e-05,9.5821599281628e-05,9.408787854388518e-05,0.00011533212427111934,0.00013748646802099802,0.0001290580575641144,0.00014705688997421675
