Probability,3.35981829e-05
Fidelity averages,0.9999769360983914,0.9999748579057942,0.9999772342479483,0.9999760020081518,0.999976955102996,0.9999761963845522,0.9999763914219725,0.9999768216377378,0.9999773518256491
Fidelity Standard Deviations,5.946787270587151e-06,4.588905537201758e-06,4.4751347617534035e-06,4.550184283480171e-06,5.5526876198095554e-06,5.923079395482934e-06,5.856857507532696e-06,5.747004437059756e-06,7.068693819344109e-06
Rejected Runs,0.0006030666666666667,0.0016760333333333333,0.002887533333333333,0.0040870666666666675,0.0062803,0.0085585,0.01095,0.01201,0.013161899999999997
Rejected Standard Deviations,2.5630624044078382e-05,5.362616484101353e-05,6.556509911700146e-05,9.240812855058924e-05,9.649046585025896e-05,0.00012066337472489312,0.0001319189144891664,0.00012069852249855132,0.00013883043614424024
