Probability,3.35981829e-05
Fidelity averages,0.9999769360983914,0.999974857905794,0.9999772342479482,0.9999760020081518,0.9999769551029959,0.9999761963845522,0.9999763914219723,0.9999768216377378,0.9999773518256491
Fidelity Standard Deviations,5.9467872705785575e-06,4.588905537178256e-06,4.4751347617593844e-06,4.550184283454852e-06,5.552687619824187e-06,5.923079395495168e-06,5.856857507546746e-06,5.747004437053175e-06,7.068693819344263e-06
Rejected Runs,0.0006030678728024123,0.001676036685406704,0.00288753910841155,0.004087074840816348,0.006280312560625122,0.008558517117034233,0.010950021900043802,0.012010024020048039,0.013161926323852647
Rejected Standard Deviations,5.9467872705785575e-06,4.588905537178256e-06,4.4751347617593844e-06,4.550184283454852e-06,5.552687619824187e-06,5.923079395495168e-06,5.856857507546746e-06,5.747004437053175e-06,7.068693819344263e-06
