Probability,3.35981829e-05
Fidelity averages,0.9999769360983914,0.999974857905794,0.9999772340340652,0.9999759547092354,0.9999769579302069,0.999976098321855,0.99997634672624,0.9999769257146878,0.9999773574308245
Fidelity Standard Deviations,5.9467872705785575e-06,4.588905537178256e-06,4.475175373361366e-06,4.591768224264547e-06,5.552115869203424e-06,5.941384561322001e-06,5.86761865814958e-06,5.779194248082792e-06,6.924140944725865e-06
Rejected Runs,0.0006030678728024123,0.001676036685406704,0.002896905793811587,0.003966941267215867,0.006156612313224627,0.008441350216033764,0.010702921405842811,0.011887757108847551,0.012915425830851663
Rejected Standard Deviations,5.9467872705785575e-06,4.588905537178256e-06,4.475175373361366e-06,4.591768224264547e-06,5.552115869203424e-06,5.941384561322001e-06,5.86761865814958e-06,5.779194248082792e-06,6.924140944725865e-06
