Probability,3.35981829e-05
Fidelity averages,0.9999769360983914,0.9999748579057942,0.9999772340340655,0.9999759547092354,0.9999769579302069,0.999976098321855,0.9999763467262401,0.9999769257146878,0.9999773574308245
Fidelity Standard Deviations,5.946787270587151e-06,4.588905537201758e-06,4.475175373356143e-06,4.591768224273732e-06,5.552115869198597e-06,5.941384561317289e-06,5.867618658138297e-06,5.779194248067617e-06,6.9241409447191324e-06
Rejected Runs,0.0006030666666666667,0.0016760333333333333,0.0028969,0.003966933333333334,0.0061566,0.008441333333333332,0.0107029,0.011887733333333334,0.012915399999999999
Rejected Standard Deviations,2.5630624044078382e-05,5.362616484101353e-05,6.516714407327258e-05,9.78801761792902e-05,9.560111575360064e-05,0.00011330823251448048,0.00013511139848288166,0.0001242054570280852,0.00014092186960629397
