Probability,3.35981829e-05
Fidelity averages,0.9999769360983914,0.999974857905794,0.9999771367053006,0.9999759547100372,0.9999768573696346,0.9999761517966569,0.9999762991290735,0.9999768275533536,0.9999772082169798
Fidelity Standard Deviations,5.9467872705785575e-06,4.588905537178256e-06,4.618324337262776e-06,4.591830266830773e-06,5.390937781828213e-06,5.931323598452577e-06,5.930268498154139e-06,5.664905249690179e-06,6.9857197760121715e-06
Rejected Runs,0.0006030678728024123,0.001676036685406704,0.002768172203011073,0.003966374599415865,0.006156212312424625,0.00831551663103326,0.010580421160842322,0.01175702351404703,0.012797725595451193
Rejected Standard Deviations,5.9467872705785575e-06,4.588905537178256e-06,4.618324337262776e-06,4.591830266830773e-06,5.390937781828213e-06,5.931323598452577e-06,5.930268498154139e-06,5.664905249690179e-06,6.9857197760121715e-06
