Probability,3.35981829e-05
Fidelity averages,0.9999769360983914,0.9999748579057942,0.9999771367053006,0.9999759547100374,0.9999768573696348,0.9999761517966569,0.9999762991290735,0.9999768275533536,0.9999772082169798
Fidelity Standard Deviations,5.946787270587151e-06,4.588905537201758e-06,4.618324337280853e-06,4.59183026683615e-06,5.390937781806111e-06,5.931323598454444e-06,5.930268498128753e-06,5.664905249689114e-06,6.985719776015395e-06
Rejected Runs,0.0006030666666666667,0.0016760333333333333,0.002768166666666667,0.003966366666666667,0.0061562,0.0083155,0.010580399999999997,0.011756999999999998,0.0127977
Rejected Standard Deviations,2.5630624044078382e-05,5.362616484101353e-05,6.666087474840263e-05,9.819011604478779e-05,9.642765854947087e-05,0.00011113437811946404,0.00013342528496003558,0.0001216785382336042,0.00013425899100867202
