Probability,3.35981829e-05
Fidelity averages,0.9999769360983914,0.999974857905794,0.9999771367053006,0.9999759547550224,0.9999768602355646,0.9999761014077648,0.9999763497201722,0.9999767797438129,0.9999773124581737
Fidelity Standard Deviations,5.9467872705785575e-06,4.588905537178256e-06,4.618324337262776e-06,4.591817199105278e-06,5.390324344282089e-06,5.940548895620521e-06,5.827347761307603e-06,5.7612173652673365e-06,7.027917664824304e-06
Rejected Runs,0.0006030678728024123,0.001676036685406704,0.002768172203011073,0.003964641262615858,0.006032812065624132,0.008313849961033255,0.010579987826642323,0.011638089942846552,0.012670358674050678
Rejected Standard Deviations,5.9467872705785575e-06,4.588905537178256e-06,4.618324337262776e-06,4.591817199105278e-06,5.390324344282089e-06,5.940548895620521e-06,5.827347761307603e-06,5.7612173652673365e-06,7.027917664824304e-06
