Probability,3.35981829e-05
Fidelity averages,0.9999769360983914,0.9999748579057942,0.9999771367053006,0.9999759547550224,0.9999768602355648,0.9999761014077648,0.9999763497201722,0.9999767797438132,0.9999773124581736
Fidelity Standard Deviations,5.946787270587151e-06,4.588905537201758e-06,4.618324337280853e-06,4.591817199133828e-06,5.390324344274497e-06,5.940548895633521e-06,5.8273477613166565e-06,5.761217365260711e-06,7.027917664815125e-06
Rejected Runs,0.0006030666666666667,0.0016760333333333333,0.002768166666666667,0.0039646333333333336,0.006032800000000002,0.008313833333333335,0.010579966666666668,0.011638066666666665,0.012670333333333334
Rejected Standard Deviations,2.5630624044078382e-05,5.362616484101353e-05,6.666087474840263e-05,9.254781947128134e-05,9.276328296619666e-05,0.00011552952965463937,0.00013567202692113395,0.00011745011234089513,0.00014188594793784957
