Probability,3.35981829e-05
Fidelity averages,0.9999769360983914,0.9999748579057942,0.9999771367053006,0.9999759577070867,0.9999768602212904,0.9999761517856288,0.9999762513978628,0.9999768332589573,0.9999772616882675
Fidelity Standard Deviations,5.946787270587151e-06,4.588905537201758e-06,4.618324337280853e-06,4.591242433043332e-06,5.390311603143931e-06,5.957180277584728e-06,5.9017621355631324e-06,5.730789908577726e-06,7.066772520286689e-06
Rejected Runs,0.0006030666666666667,0.0016760333333333333,0.002768166666666667,0.003842466666666667,0.006033433333333333,0.008313833333333335,0.010463566666666665,0.011514333333333336,0.012674866666666668
Rejected Standard Deviations,2.5630624044078382e-05,5.362616484101353e-05,6.666087474840263e-05,9.556873035790641e-05,9.333083925239053e-05,0.00011087172267485018,0.0001255254777149068,0.00011650560310798603,0.00014396706413466776
