Probability,3.35981829e-05
Fidelity averages,0.9999769360983914,0.999974857905794,0.9999771367053006,0.9999759577070866,0.9999768602212903,0.9999761517856288,0.9999762513978628,0.9999768332589571,0.9999772616882675
Fidelity Standard Deviations,5.9467872705785575e-06,4.588905537178256e-06,4.618324337262776e-06,4.591242433030584e-06,5.390311603141168e-06,5.9571802775921495e-06,5.90176213557074e-06,5.730789908583995e-06,7.0667725203093145e-06
Rejected Runs,0.0006030678728024123,0.001676036685406704,0.002768172203011073,0.0038424743516153703,0.006033445400224134,0.008313849961033255,0.010463587593841854,0.01151435636204606,0.012674892016450697
Rejected Standard Deviations,5.9467872705785575e-06,4.588905537178256e-06,4.618324337262776e-06,4.591242433030584e-06,5.390311603141168e-06,5.9571802775921495e-06,5.90176213557074e-06,5.730789908583995e-06,7.0667725203093145e-06
