Probability,3.35981829e-05
Fidelity averages,0.9999769360983914,0.999974857905794,0.9999771367053006,0.9999759577070866,0.9999769105166748,0.9999759530300965,0.9999763019899848,0.9999768331545588,0.9999771632725084
Fidelity Standard Deviations,5.9467872705785575e-06,4.588905537178256e-06,4.618324337262776e-06,4.591242433030584e-06,5.4855794452105905e-06,6.0031197736768604e-06,5.929459482373379e-06,5.836963010821979e-06,6.8447418767778004e-06
Rejected Runs,0.0006030678728024123,0.001676036685406704,0.002768172203011073,0.0038424743516153703,0.006032345398024128,0.008194349722032779,0.010462120924241848,0.011518823037646075,0.012551391769450202
Rejected Standard Deviations,5.9467872705785575e-06,4.588905537178256e-06,4.618324337262776e-06,4.591242433030584e-06,5.4855794452105905e-06,6.0031197736768604e-06,5.929459482373379e-06,5.836963010821979e-06,6.8447418767778004e-06
