Probability,3.35981829e-05
Fidelity averages,0.9999769360983914,0.9999748579057942,0.9999771367053006,0.9999759577070867,0.999976910516675,0.9999759530300965,0.9999763019899848,0.9999768331545588,0.9999771632725084
Fidelity Standard Deviations,5.946787270587151e-06,4.588905537201758e-06,4.618324337280853e-06,4.591242433043332e-06,5.485579445212326e-06,6.003119773686558e-06,5.929459482373256e-06,5.836963010805672e-06,6.844741876783221e-06
Rejected Runs,0.0006030666666666667,0.0016760333333333333,0.002768166666666667,0.003842466666666667,0.006032333333333333,0.008194333333333333,0.0104621,0.0115188,0.012551366666666668
Rejected Standard Deviations,2.5630624044078382e-05,5.362616484101353e-05,6.666087474840263e-05,9.556873035790641e-05,9.159051382224159e-05,0.0001149560302415184,0.00013207430989156576,0.00011753025142489903,0.0001423501512312353
