Probability,3.35981829e-05
Fidelity averages,0.9999769360983914,0.9999748579057942,0.9999771367053006,0.9999759577070867,0.999976860124086,0.9999760539019146,0.9999763020817346,0.9999766813549511,0.999977163287679
Fidelity Standard Deviations,5.946787270587151e-06,4.588905537201758e-06,4.618324337280853e-06,4.591242433043332e-06,5.543125727482671e-06,5.9742203953882484e-06,5.942332488736917e-06,5.670906315768584e-06,7.044076084070782e-06
Rejected Runs,0.0006030666666666667,0.0016760333333333333,0.002768166666666667,0.003842466666666667,0.006037133333333332,0.008192866666666666,0.0104583,0.011520833333333334,0.012550966666666667
Rejected Standard Deviations,2.5630624044078382e-05,5.362616484101353e-05,6.666087474840263e-05,9.556873035790641e-05,9.53599263608963e-05,0.00011506657010424696,0.0001312428156763892,0.00011123820786442444,0.0001442508193699048
