Probability,3.35981829e-05
Fidelity averages,0.9999769360983914,0.999974857905794,0.9999771367053006,0.9999759577070866,0.9999768601240858,0.9999760539019146,0.9999763020817344,0.9999766813549511,0.9999771632876789
Fidelity Standard Deviations,5.9467872705785575e-06,4.588905537178256e-06,4.618324337262776e-06,4.591242433030584e-06,5.5431257274705846e-06,5.974220395387003e-06,5.942332488750955e-06,5.670906315747197e-06,7.044076084086511e-06
Rejected Runs,0.0006030678728024123,0.001676036685406704,0.002768172203011073,0.0038424743516153703,0.006037145407624149,0.008192883052432771,0.010458320916641832,0.01152085637504608,0.012550991768650205
Rejected Standard Deviations,5.9467872705785575e-06,4.588905537178256e-06,4.618324337262776e-06,4.591242433030584e-06,5.5431257274705846e-06,5.974220395387003e-06,5.942332488750955e-06,5.670906315747197e-06,7.044076084086511e-06
