Probability,0.206913808
Fidelity averages,0.5125541035590735,0.2735910478804158,nan,nan,nan,nan,nan,nan,nan
Fidelity Standard Deviations,0.0036721155521019866,0.14693957149987347,nan,nan,nan,nan,nan,nan,nan
Rejected Runs,0.9607598333333333,0.9999840333333333,1.0,1.0,1.0,1.0,1.0,1.0,1.0
Rejected Standard Deviations,0.0002153925228249399,3.962182339183716e-06,0.0,0.0,0.0,0.0,0.0,0.0,0.0
