Probability,0.206913808
Fidelity averages,0.5125541035590735,0.2735910478804158,nan,nan,nan,nan,nan,nan,nan
Fidelity Standard Deviations,0.003672115552101984,0.14693957149987347,nan,nan,nan,nan,nan,nan,nan
Rejected Runs,0.960761754856843,0.9999860333053997,1.0000020000039997,1.0000020000039997,1.0000020000039997,1.0000020000039997,1.0000020000039997,1.0000020000039997,1.0000020000039997
Rejected Standard Deviations,0.003672115552101984,0.14693957149987347,nan,nan,nan,nan,nan,nan,nan
