Probability,0.206913808
Fidelity averages,0.5125541035590735,0.009494648215867756,0.008488698924159328,0.007619329716962682,0.0675379184319847,0.07407823756656969,0.06936491198476201,nan,nan
Fidelity Standard Deviations,0.003672115552101984,0.004709028279634081,0.004402460905472003,0.005031973681351744,0.038981924357444554,0.03752655996272211,0.04161977338163324,nan,nan
Rejected Runs,0.960761754856843,0.9875929418525503,0.9876801420269506,0.9876722753445507,0.9998149662965994,0.9998475996951993,0.9998482996965994,0.9999992333318001,0.9999998999998
Rejected Standard Deviations,0.003672115552101984,0.004709028279634081,0.004402460905472003,0.005031973681351744,0.038981924357444554,0.03752655996272211,0.04161977338163324,nan,nan
