Probability,0.206913808
Fidelity averages,0.5125541035590735,0.009494648215867756,0.008488698924159328,0.007619329716962682,0.0675379184319847,0.07407823756656969,0.06936491198476201,nan,nan
Fidelity Standard Deviations,0.0036721155521019866,0.004709028279634081,0.004402460905472004,0.005031973681351743,0.03898192435744456,0.03752655996272212,0.04161977338163324,nan,nan
Rejected Runs,0.9607598333333333,0.9875909666666666,0.9876781666666669,0.9876703,0.9998129666666667,0.9998456,0.9998463000000001,0.9999972333333332,0.9999979000000002
Rejected Standard Deviations,0.0002153925228249399,0.00011382105351041917,0.00011678986352514668,8.8473404666789e-05,1.7423132771000532e-05,1.149086593778334e-05,9.808669634568512e-06,1.5205992970599655e-06,1.4456832294807099e-06
