Probability,0.206913808
Fidelity averages,0.5125541035590735,0.009494648215867756,0.008488698924159328,0.007619329716962682,0.00777699980859682,0.08275523894742035,0.07548127411443896,0.06946854810247623,nan
Fidelity Standard Deviations,0.003672115552101984,0.004709028279634081,0.004402460905472003,0.005031973681351744,0.003432084844702266,0.04046522588763154,0.030384774406457246,0.037925712183454384,nan
Rejected Runs,0.960761754856843,0.9875929418525503,0.9876801420269506,0.9876722753445507,0.9876542086417507,0.9998515663697992,0.9998474663615994,0.9998480663627993,0.9999994666656
Rejected Standard Deviations,0.003672115552101984,0.004709028279634081,0.004402460905472003,0.005031973681351744,0.003432084844702266,0.04046522588763154,0.030384774406457246,0.037925712183454384,nan
