Probability,0.206913808
Fidelity averages,0.5125541035590735,0.009494648215867756,0.008488698924159328,0.007619329716962682,0.00777699980859682,0.08275523894742035,0.07548127411443897,0.06946854810247623,nan
Fidelity Standard Deviations,0.0036721155521019866,0.004709028279634081,0.004402460905472004,0.005031973681351743,0.003432084844702266,0.04046522588763154,0.03038477440645725,0.03792571218345438,nan
Rejected Runs,0.9607598333333333,0.9875909666666666,0.9876781666666669,0.9876703,0.9876522333333332,0.9998495666666666,0.9998454666666666,0.9998460666666668,0.9999974666666668
Rejected Standard Deviations,0.0002153925228249399,0.00011382105351041917,0.00011678986352514668,8.8473404666789e-05,0.00011236004133538461,1.5713440814220406e-05,1.1757928766949922e-05,1.0385673893499757e-05,1.6069294390862267e-06
