Probability,0.206913808
Fidelity averages,0.5125541035590735,0.009494648215867756,0.008488698924159328,0.007619329716962682,0.00777699980859682,0.08772596688992478,0.07726219725712088,0.07658855193092058,0.09796123187335917
Fidelity Standard Deviations,0.0036721155521019866,0.004709028279634081,0.004402460905472004,0.005031973681351743,0.003432084844702266,0.045141676629366856,0.033274762505281254,0.03673212458458974,0.043904081388126945
Rejected Runs,0.9607598333333333,0.9875909666666666,0.9876781666666669,0.9876703,0.9876522333333332,0.9998465333333332,0.9998466333333333,0.9998518333333333,0.9998501333333333
Rejected Standard Deviations,0.0002153925228249399,0.00011382105351041917,0.00011678986352514668,8.8473404666789e-05,0.00011236004133538461,1.0134868304806049e-05,1.4272311967187975e-05,1.2759528030293073e-05,1.2740312223637339e-05
