Probability,0.206913808
Fidelity averages,0.5125541035590735,0.009494648215867756,0.008488698924159328,0.007619329716962682,0.00777699980859682,0.08772596688992478,0.07726219725712088,0.07658855193092058,0.09796123187335917
Fidelity Standard Deviations,0.003672115552101984,0.004709028279634081,0.004402460905472003,0.005031973681351744,0.003432084844702266,0.045141676629366856,0.033274762505281254,0.036732124584589736,0.043904081388126945
Rejected Runs,0.960761754856843,0.9875929418525503,0.9876801420269506,0.9876722753445507,0.9876542086417507,0.9998485330303992,0.9998486330305993,0.9998538330409995,0.9998521330375993
Rejected Standard Deviations,0.003672115552101984,0.004709028279634081,0.004402460905472003,0.005031973681351744,0.003432084844702266,0.045141676629366856,0.033274762505281254,0.036732124584589736,0.043904081388126945
