Probability,0.206913808
Fidelity averages,0.5125541035590735,0.009494648215867756,0.008488698924159328,0.007619329716962682,0.00777699980859682,0.06726699684398924,0.07287670405998745,0.0684813024298121,0.07462065560887984
Fidelity Standard Deviations,0.003672115552101984,0.004709028279634081,0.004402460905472003,0.005031973681351744,0.003432084844702266,0.03936765957192403,0.04090976005631825,0.027569789952897203,0.044954571811504265
Rejected Runs,0.960761754856843,0.9875929418525503,0.9876801420269506,0.9876722753445507,0.9876542086417507,0.9998532663731995,0.9998472996945993,0.9998453330239995,0.9998482663631995
Rejected Standard Deviations,0.003672115552101984,0.004709028279634081,0.004402460905472003,0.005031973681351744,0.003432084844702266,0.03936765957192403,0.04090976005631825,0.027569789952897203,0.044954571811504265
