Probability,0.206913808
Fidelity averages,0.5125541035590735,0.009494648215867756,0.008488698924159328,0.007619329716962682,0.00777699980859682,0.06726699684398924,0.07287670405998745,0.0684813024298121,0.07462065560887983
Fidelity Standard Deviations,0.0036721155521019866,0.004709028279634081,0.004402460905472004,0.005031973681351743,0.003432084844702266,0.03936765957192403,0.04090976005631825,0.027569789952897206,0.04495457181150427
Rejected Runs,0.9607598333333333,0.9875909666666666,0.9876781666666669,0.9876703,0.9876522333333332,0.9998512666666668,0.9998453,0.9998433333333334,0.9998462666666668
Rejected Standard Deviations,0.0002153925228249399,0.00011382105351041917,0.00011678986352514668,8.8473404666789e-05,0.00011236004133538461,1.3808049182347704e-05,1.3752939079809796e-05,1.3476728914023828e-05,1.0884035199412786e-05
