Probability,0.206913808
Fidelity averages,0.5125541035590735,0.009494648215867756,0.008488698924159328,0.007619329716962682,0.00777699980859682,0.05231269998891561,0.07409962725282652,0.06316782669360167,0.06828468802483692
Fidelity Standard Deviations,0.003672115552101984,0.004709028279634081,0.004402460905472003,0.005031973681351744,0.003432084844702266,0.029584345932785073,0.03995440347225149,0.046454691629267963,0.032441046924194174
Rejected Runs,0.960761754856843,0.9875929418525503,0.9876801420269506,0.9876722753445507,0.9876542086417507,0.9998123996247992,0.9998496330325994,0.9998492996985995,0.9998532997065993
Rejected Standard Deviations,0.003672115552101984,0.004709028279634081,0.004402460905472003,0.005031973681351744,0.003432084844702266,0.029584345932785073,0.03995440347225149,0.046454691629267963,0.032441046924194174
