Probability,0.206913808
Fidelity averages,0.5125541035590735,0.009494648215867756,0.008488698924159328,0.007619329716962682,0.00777699980859682,0.05231269998891561,0.07409962725282652,0.06316782669360167,0.06828468802483692
Fidelity Standard Deviations,0.0036721155521019866,0.004709028279634081,0.004402460905472004,0.005031973681351743,0.003432084844702266,0.02958434593278507,0.03995440347225149,0.046454691629267963,0.032441046924194174
Rejected Runs,0.9607598333333333,0.9875909666666666,0.9876781666666669,0.9876703,0.9876522333333332,0.9998103999999999,0.9998476333333333,0.9998473000000001,0.9998513
Rejected Standard Deviations,0.0002153925228249399,0.00011382105351041917,0.00011678986352514668,8.8473404666789e-05,0.00011236004133538461,1.803256313820218e-05,1.32425660487533e-05,1.2604628779408955e-05,1.3198863587443584e-05
