Probability,0.206913808
Fidelity averages,0.5125541035590735,0.009494648215867756,0.008488698924159328,0.007619329716962682,0.00777699980859682,0.00724158293588338,0.08200704061426871,0.07396912432096431,0.083343984365175
Fidelity Standard Deviations,0.003672115552101984,0.004709028279634081,0.004402460905472003,0.005031973681351744,0.003432084844702266,0.00437455165074345,0.036367055799792415,0.03280330887632882,0.03135478292200264
Rejected Runs,0.960761754856843,0.9875929418525503,0.9876801420269506,0.9876722753445507,0.9876542086417507,0.9876539086411505,0.9998514330361993,0.9998493996987995,0.9998508997017993
Rejected Standard Deviations,0.003672115552101984,0.004709028279634081,0.004402460905472003,0.005031973681351744,0.003432084844702266,0.00437455165074345,0.036367055799792415,0.03280330887632882,0.03135478292200264
