Probability,0.206913808
Fidelity averages,0.5125541035590735,0.009494648215867756,0.008488698924159328,0.007619329716962682,0.00777699980859682,0.00724158293588338,0.08200704061426871,0.07396912432096431,0.083343984365175
Fidelity Standard Deviations,0.0036721155521019866,0.004709028279634081,0.004402460905472004,0.005031973681351743,0.003432084844702266,0.00437455165074345,0.036367055799792415,0.03280330887632882,0.031354782922002646
Rejected Runs,0.9607598333333333,0.9875909666666666,0.9876781666666669,0.9876703,0.9876522333333332,0.9876519333333333,0.9998494333333333,0.9998474,0.9998488999999999
Rejected Standard Deviations,0.0002153925228249399,0.00011382105351041917,0.00011678986352514668,8.8473404666789e-05,0.00011236004133538461,8.37786501575629e-05,8.89450517016852e-06,1.1909659944773904e-05,1.0873055381699129e-05
