Probability,0.206913808
Fidelity averages,0.5125541035590735,0.009494648215867756,0.008488698924159328,0.007619329716962682,0.00777699980859682,0.00724158293588338,0.08500392912930285,0.06801890121345038,0.06460730047457243
Fidelity Standard Deviations,0.003672115552101984,0.004709028279634081,0.004402460905472003,0.005031973681351744,0.003432084844702266,0.00437455165074345,0.03733283273786111,0.034553157176685244,0.02986460090190123
Rejected Runs,0.960761754856843,0.9875929418525503,0.9876801420269506,0.9876722753445507,0.9876542086417507,0.9876539086411505,0.9998484996969995,0.9998507330347994,0.9998509663685995
Rejected Standard Deviations,0.003672115552101984,0.004709028279634081,0.004402460905472003,0.005031973681351744,0.003432084844702266,0.00437455165074345,0.03733283273786111,0.034553157176685244,0.02986460090190123
