Probability,0.206913808
Fidelity averages,0.5125541035590735,0.009494648215867756,0.008488698924159328,0.007619329716962682,0.00777699980859682,0.00724158293588338,0.0636763910975507,0.06567883694371665,0.0737238099068464
Fidelity Standard Deviations,0.003672115552101984,0.004709028279634081,0.004402460905472003,0.005031973681351744,0.003432084844702266,0.00437455165074345,0.04209278865711981,0.03114521257025953,0.03780809918606457
Rejected Runs,0.960761754856843,0.9875929418525503,0.9876801420269506,0.9876722753445507,0.9876542086417507,0.9876539086411505,0.9998127662921993,0.9998494996989994,0.9998530663727994
Rejected Standard Deviations,0.003672115552101984,0.004709028279634081,0.004402460905472003,0.005031973681351744,0.003432084844702266,0.00437455165074345,0.04209278865711981,0.03114521257025953,0.03780809918606457
