Probability,0.206913808
Fidelity averages,0.5125541035590735,0.009494648215867756,0.008488698924159328,0.007619329716962682,0.00777699980859682,0.00724158293588338,0.0636763910975507,0.06567883694371665,0.07372380990684639
Fidelity Standard Deviations,0.0036721155521019866,0.004709028279634081,0.004402460905472004,0.005031973681351743,0.003432084844702266,0.00437455165074345,0.04209278865711981,0.031145212570259526,0.03780809918606457
Rejected Runs,0.9607598333333333,0.9875909666666666,0.9876781666666669,0.9876703,0.9876522333333332,0.9876519333333333,0.9998107666666667,0.9998475,0.9998510666666665
Rejected Standard Deviations,0.0002153925228249399,0.00011382105351041917,0.00011678986352514668,8.8473404666789e-05,0.00011236004133538461,8.37786501575629e-05,1.5579224057130567e-05,1.0744766167768509e-05,1.2824282522711175e-05
