Probability,0.206913808
Fidelity averages,0.5125541035590735,0.06392166902602184,nan,nan,nan,nan,nan,nan,nan
Fidelity Standard Deviations,0.0036721155521019866,0.033753468572541336,nan,nan,nan,nan,nan,nan,nan
Rejected Runs,0.9607598333333333,0.9997895000000002,0.9999971666666666,1.0,1.0,1.0,1.0,1.0,1.0
Rejected Standard Deviations,0.0002153925228249399,1.547632600673223e-05,1.96779628574098e-06,0.0,0.0,0.0,0.0,0.0,0.0
