Probability,0.206913808
Fidelity averages,0.5125541035590735,0.06392166902602185,nan,nan,nan,nan,nan,nan,nan
Fidelity Standard Deviations,0.003672115552101984,0.03375346857254134,nan,nan,nan,nan,nan,nan,nan
Rejected Runs,0.960761754856843,0.9997914995829993,0.9999991666650001,1.0000020000039997,1.0000020000039997,1.0000020000039997,1.0000020000039997,1.0000020000039997,1.0000020000039997
Rejected Standard Deviations,0.003672115552101984,0.03375346857254134,nan,nan,nan,nan,nan,nan,nan
