Probability,0.206913808
Fidelity averages,0.5125541035590735,0.009494648215867756,0.008488698924159328,0.007619329716962682,0.00777699980859682,0.00724158293588338,0.007841734474305454,0.00972792887711115,0.06998667177559485
Fidelity Standard Deviations,0.0036721155521019866,0.004709028279634081,0.004402460905472004,0.005031973681351743,0.003432084844702266,0.00437455165074345,0.0037917311282725996,0.005385777534683777,0.03221488080143676
Rejected Runs,0.9607598333333333,0.9875909666666666,0.9876781666666669,0.9876703,0.9876522333333332,0.9876519333333333,0.9876265666666665,0.9877143333333332,0.9998484
Rejected Standard Deviations,0.0002153925228249399,0.00011382105351041917,0.00011678986352514668,8.8473404666789e-05,0.00011236004133538461,8.37786501575629e-05,0.00011369833869596233,9.263056850858006e-05,1.1303686714223563e-05
