Probability,0.206913808
Fidelity averages,0.5125541035590735,0.009494648215867756,0.08713610200969865,nan,nan,nan,nan,nan,nan
Fidelity Standard Deviations,0.0036721155521019866,0.004709028279634081,0.04693934935161343,nan,nan,nan,nan,nan,nan
Rejected Runs,0.9607598333333333,0.9875909666666666,0.9998488666666667,0.9999978666666668,1.0,1.0,1.0,1.0,1.0
Rejected Standard Deviations,0.0002153925228249399,0.00011382105351041917,1.0947551730359337e-05,1.4996295838862146e-06,0.0,0.0,0.0,0.0,0.0
