Probability,0.206913808
Fidelity averages,0.5125541035590735,0.009494648215867756,0.0871361020096987,nan,nan,nan,nan,nan,nan
Fidelity Standard Deviations,0.003672115552101984,0.004709028279634081,0.04693934935161343,nan,nan,nan,nan,nan,nan
Rejected Runs,0.960761754856843,0.9875929418525503,0.9998508663683995,0.9999998666664001,1.0000020000039997,1.0000020000039997,1.0000020000039997,1.0000020000039997,1.0000020000039997
Rejected Standard Deviations,0.003672115552101984,0.004709028279634081,0.04693934935161343,nan,nan,nan,nan,nan,nan
