Probability,0.206913808
Fidelity averages,0.5125541035590735,0.009494648215867756,0.0681540406497429,0.07943135135873362,nan,nan,nan,nan,nan
Fidelity Standard Deviations,0.0036721155521019866,0.004709028279634081,0.038601006350663776,0.045383727177383336,nan,nan,nan,nan,nan
Rejected Runs,0.9607598333333333,0.9875909666666666,0.9998149000000001,0.9998520666666668,0.9999979666666668,0.9999999666666667,1.0,1.0,1.0
Rejected Standard Deviations,0.0002153925228249399,0.00011382105351041917,1.299833322647734e-05,1.1096345744834343e-05,1.1100550536841397e-06,1.795054935763119e-07,0.0,0.0,0.0
