Probability,0.206913808
Fidelity averages,0.5125541035590735,0.009494648215867756,0.008488698924159328,0.08217562784402681,nan,nan,nan,nan,nan
Fidelity Standard Deviations,0.0036721155521019866,0.004709028279634081,0.004402460905472004,0.049915840202783314,nan,nan,nan,nan,nan
Rejected Runs,0.9607598333333333,0.9875909666666666,0.9876781666666669,0.9998455333333334,0.9999977666666666,0.9999978666666667,0.9999999333333333,1.0,1.0
Rejected Standard Deviations,0.0002153925228249399,0.00011382105351041917,0.00011678986352514668,1.5039355778153087e-05,1.6058919293892658e-06,1.477234653739571e-06,2.494438257921024e-07,0.0,0.0
