Probability,0.206913808
Fidelity averages,0.5125541035590735,0.009494648215867756,0.008488698924159328,0.08217562784402681,nan,nan,nan,nan,nan
Fidelity Standard Deviations,0.003672115552101984,0.004709028279634081,0.004402460905472003,0.0499158402027833,nan,nan,nan,nan,nan
Rejected Runs,0.960761754856843,0.9875929418525503,0.9876801420269506,0.9998475330283992,0.9999997666662,0.9999998666664,1.0000019333371997,1.0000020000039997,1.0000020000039997
Rejected Standard Deviations,0.003672115552101984,0.004709028279634081,0.004402460905472003,0.0499158402027833,nan,nan,nan,nan,nan
