Probability,0.206913808
Fidelity averages,0.5125541035590735,0.009494648215867756,0.008488698924159328,0.06423890369902047,0.06928451659336901,nan,nan,nan,nan
Fidelity Standard Deviations,0.003672115552101984,0.004709028279634081,0.004402460905472003,0.036104957527702146,0.03276951626787825,nan,nan,nan,nan
Rejected Runs,0.960761754856843,0.9875929418525503,0.9876801420269506,0.9998224996449994,0.9998521330375993,1.0000002000004,1.0000020000039997,1.0000020000039997,1.0000020000039997
Rejected Standard Deviations,0.003672115552101984,0.004709028279634081,0.004402460905472003,0.036104957527702146,0.03276951626787825,nan,nan,nan,nan
