Probability,0.206913808
Fidelity averages,0.5125541035590735,0.009494648215867756,0.008488698924159328,0.06423890369902048,0.069284516593369,nan,nan,nan,nan
Fidelity Standard Deviations,0.0036721155521019866,0.004709028279634081,0.004402460905472004,0.036104957527702146,0.03276951626787826,nan,nan,nan,nan
Rejected Runs,0.9607598333333333,0.9875909666666666,0.9876781666666669,0.9998204999999999,0.9998501333333331,0.9999982,1.0,1.0,1.0
Rejected Standard Deviations,0.0002153925228249399,0.00011382105351041917,0.00011678986352514668,1.556009854296055e-05,8.51952006994901e-06,1.739731780081657e-06,0.0,0.0,0.0
