Probability,0.206913808
Fidelity averages,0.5125541035590735,0.009494648215867756,0.008488698924159328,0.007619329716962682,0.08219248245967682,nan,nan,nan,nan
Fidelity Standard Deviations,0.0036721155521019866,0.004709028279634081,0.004402460905472004,0.005031973681351743,0.03980861283360281,nan,nan,nan,nan
Rejected Runs,0.9607598333333333,0.9875909666666666,0.9876781666666669,0.9876703,0.9998469333333334,0.9999977000000001,0.999998233333333,0.9999979666666667,1.0
Rejected Standard Deviations,0.0002153925228249399,0.00011382105351041917,0.00011678986352514668,8.8473404666789e-05,1.3745140555442202e-05,1.3699148392046844e-06,1.1742609969086382e-06,1.0159833769336968e-06,0.0
