Probability,0.206913808
Fidelity averages,0.5125541035590735,0.009494648215867756,0.008488698924159328,0.007619329716962682,0.08351063393238958,0.06607883457496323,nan,nan,nan
Fidelity Standard Deviations,0.003672115552101984,0.004709028279634081,0.004402460905472003,0.005031973681351744,0.03692657860852362,0.03505696434945514,nan,nan,nan
Rejected Runs,0.960761754856843,0.9875929418525503,0.9876801420269506,0.9876722753445507,0.9998493663653995,0.9998473330279993,0.9999999666666,1.0,0.9999999333331999
Rejected Standard Deviations,0.003672115552101984,0.004709028279634081,0.004402460905472003,0.005031973681351744,0.03692657860852362,0.03505696434945514,nan,nan,nan
