Probability,0.206913808
Fidelity averages,0.5125541035590735,0.009494648215867756,0.008488698924159328,0.007619329716962682,0.08351063393238958,0.06607883457496323,nan,nan,nan
Fidelity Standard Deviations,0.0036721155521019866,0.004709028279634081,0.004402460905472004,0.005031973681351743,0.03692657860852362,0.03505696434945514,nan,nan,nan
Rejected Runs,0.9607598333333333,0.9875909666666666,0.9876781666666669,0.9876703,0.9998473666666665,0.9998453333333334,0.9999979666666667,0.9999979999999999,0.9999979333333332
Rejected Standard Deviations,0.0002153925228249399,0.00011382105351041917,0.00011678986352514668,8.8473404666789e-05,1.2144912057686756e-05,1.3090284777487441e-05,1.8345450541063485e-06,1.460593486669235e-06,1.4817407180550123e-06
