Probability,0.206913808
Fidelity averages,0.5125541035590735,0.009494648215867756,0.008488698924159328,0.007619329716962682,0.06436123208796453,0.0663212078572037,nan,nan,nan
Fidelity Standard Deviations,0.0036721155521019866,0.004709028279634081,0.004402460905472004,0.005031973681351743,0.03171241777584363,0.03677933136454018,nan,nan,nan
Rejected Runs,0.9607598333333333,0.9875909666666666,0.9876781666666669,0.9876703,0.9998418000000001,0.9998507333333334,0.9999980999999999,0.9999980333333334,0.9999981000000001
Rejected Standard Deviations,0.0002153925228249399,0.00011382105351041917,0.00011678986352514668,8.8473404666789e-05,1.1923086848643961e-05,9.912730311182955e-06,1.37477270848133e-06,1.1685698761936515e-06,1.2476644848061721e-06
