Probability,0.206913808
Fidelity averages,0.5125541035590735,0.009494648215867756,0.008488698924159328,0.007619329716962682,0.06436123208796453,0.06632120785720372,nan,nan,nan
Fidelity Standard Deviations,0.003672115552101984,0.004709028279634081,0.004402460905472003,0.005031973681351744,0.03171241777584363,0.03677933136454018,nan,nan,nan
Rejected Runs,0.960761754856843,0.9875929418525503,0.9876801420269506,0.9876722753445507,0.9998437996875994,0.9998527330387994,1.0000001000002,1.0000000333334003,1.0000001000002001
Rejected Standard Deviations,0.003672115552101984,0.004709028279634081,0.004402460905472003,0.005031973681351744,0.03171241777584363,0.03677933136454018,nan,nan,nan
