Probability,3.35981829e-05
Fidelity averages,0.9999750006250938,0.9998800030007128,0.9998050046265193,0.9997650043764443,0.9996200087548782,0.9993950116329747,0.9993750233928087,0.999285014137144,0.9990300247756426
Fidelity Standard Deviations,5.590030168536113e-05,0.00012489713690704864,0.00015074404033377705,0.00015819029124539288,0.0002215781968765303,0.0002858725699590057,0.0002926066008232309,0.0003827805214855551,0.00040570528583715545
Rejected Runs,0.0,0.0,0.0,0.0,0.0,0.0,0.0,0.0,0.0
Rejected Standard Deviations,0.0,0.0,0.0,0.0,0.0,0.0,0.0,0.0,0.0
