Probability,0.143844989
Fidelity averages,0.8379393393266438,0.5894481654189421,0.4128036483447842,0.2899417721220471,0.14546054764914768,0.07289170933384029,0.034963392943215335,0.025878341393346032,0.0186536847785714
Fidelity Standard Deviations,0.0048911766302101155,0.006826952778768165,0.0064296122150294035,0.007549356179627552,0.009367554515989406,0.007945798285316674,0.008029393121420708,0.0063716910415863,0.005690873762586203
Rejected Runs,0.0,0.0,0.0,0.0,0.0,0.0,0.0,0.0,0.0
Rejected Standard Deviations,0.0,0.0,0.0,0.0,0.0,0.0,0.0,0.0,0.0
