Probability,0.335981829
Fidelity averages,0.16490304456728694,0.02195226488921779,0.2058154443534007,nan,nan,nan,nan,nan,nan
Fidelity Standard Deviations,0.001959764318279749,0.010052489180180538,0.10616502619727504,nan,nan,nan,nan,nan,nan
Rejected Runs,0.8684220368440737,0.9982967632601932,0.9999819332971998,1.0000015000029998,1.0000020000039997,1.0000020000039997,1.0000020000039997,1.0000020000039997,1.0000020000039997
Rejected Standard Deviations,0.001959764318279749,0.010052489180180538,0.10616502619727504,nan,nan,nan,nan,nan,nan
