Probability,0.335981829
Fidelity averages,0.16490304456728694,0.02195226488921779,0.2058154443534007,nan,nan,nan,nan,nan,nan
Fidelity Standard Deviations,0.001959764318279744,0.010052489180180538,0.10616502619727503,nan,nan,nan,nan,nan,nan
Rejected Runs,0.8684202999999999,0.9982947666666665,0.9999799333333335,0.9999994999999999,1.0,1.0,1.0,1.0,1.0
Rejected Standard Deviations,0.00036946936273526764,5.049665555481416e-05,4.898525855356728e-06,7.187952884283362e-07,0.0,0.0,0.0,0.0,0.0
