Probability,0.335981829
Fidelity averages,0.16490304456728694,0.002322075936981341,0.0027727585906515504,0.0026248556937008122,0.008349076583703837,0.008285700225955933,0.007324663325338804,0.02429561149886577,0.02349522909757414
Fidelity Standard Deviations,0.001959764318279744,0.0016617574720779915,0.0013298337392565107,0.0012566982982574395,0.0037379653968594062,0.004025120376346605,0.0037954642724474653,0.01121630379932611,0.013821088637096812
Rejected Runs,0.8684202999999999,0.8888138666666667,0.8889045666666668,0.8889467999999999,0.9875060333333334,0.9876496666666665,0.9876455,0.9986069000000001,0.9986122
Rejected Standard Deviations,0.00036946936273526764,0.00024408847212070624,0.0002910039728632957,0.0003229738276290076,0.00012838080940009668,9.533251747901992e-05,0.00010678412803408618,3.1946152611340776e-05,3.556440167732563e-05
