Probability,0.335981829
Fidelity averages,0.16490304456728694,0.002322075936981341,0.0027727585906515504,0.0026248556937008122,0.008349076583703837,0.008285700225955933,0.007324663325338804,0.02429561149886577,0.023495229097574136
Fidelity Standard Deviations,0.001959764318279749,0.0016617574720779915,0.0013298337392565107,0.0012566982982574395,0.003737965396859406,0.004025120376346605,0.003795464272447465,0.011216303799326111,0.013821088637096812
Rejected Runs,0.8684220368440737,0.8888156442979552,0.8889063444793557,0.8889485778971558,0.9875080083493499,0.9876516419699506,0.9876474752949508,0.9986088972177944,0.9986141972283945
Rejected Standard Deviations,0.001959764318279749,0.0016617574720779915,0.0013298337392565107,0.0012566982982574395,0.003737965396859406,0.004025120376346605,0.003795464272447465,0.011216303799326111,0.013821088637096812
