Probability,0.335981829
Fidelity averages,0.16490304456728694,0.002322075936981341,0.0027727585906515504,0.0026248556937008122,0.0023949830619358924,0.007848659285964125,0.008103386483567301,0.007904154836433534,0.02488213503022731
Fidelity Standard Deviations,0.001959764318279749,0.0016617574720779915,0.0013298337392565107,0.0012566982982574395,0.0013143318390251744,0.004461224873036111,0.004132091522157263,0.004347994055228509,0.012191578567044382
Rejected Runs,0.8684220368440737,0.8888156442979552,0.8889063444793557,0.8889485778971558,0.8888152442971552,0.9876912753825509,0.9877000420667507,0.9876765086863506,0.9986231639129947
Rejected Standard Deviations,0.001959764318279749,0.0016617574720779915,0.0013298337392565107,0.0012566982982574395,0.0013143318390251744,0.004461224873036111,0.004132091522157263,0.004347994055228509,0.012191578567044382
