Probability,0.335981829
Fidelity averages,0.16490304456728694,0.002322075936981341,0.0027727585906515504,0.0026248556937008122,0.0023949830619358924,0.007848659285964125,0.008103386483567301,0.007904154836433534,0.024882135030227303
Fidelity Standard Deviations,0.001959764318279744,0.0016617574720779915,0.0013298337392565107,0.0012566982982574395,0.0013143318390251744,0.004461224873036111,0.004132091522157263,0.00434799405522851,0.012191578567044382
Rejected Runs,0.8684202999999999,0.8888138666666667,0.8889045666666668,0.8889467999999999,0.8888134666666667,0.9876892999999999,0.9876980666666668,0.9876745333333334,0.9986211666666666
Rejected Standard Deviations,0.00036946936273526764,0.00024408847212070624,0.0002910039728632957,0.0003229738276290076,0.0003397197603254168,0.00011327551956769479,9.7017844864863e-05,0.00012684708204062633,3.5421352631178535e-05
