Probability,0.335981829
Fidelity averages,0.16490304456728694,0.002322075936981341,0.0027727585906515504,0.0026248556937008122,0.0023949830619358924,0.007940144510727028,0.008389047935472958,0.007956221300789287,0.008218993364149404
Fidelity Standard Deviations,0.001959764318279749,0.0016617574720779915,0.0013298337392565107,0.0012566982982574395,0.0013143318390251744,0.003630431346947393,0.004857875276695515,0.004823793855354854,0.004528743214989506
Rejected Runs,0.8684220368440737,0.8888156442979552,0.8889063444793557,0.8889485778971558,0.8888152442971552,0.9876242752485503,0.9876352419371505,0.9876406086145505,0.9876597753195505
Rejected Standard Deviations,0.001959764318279749,0.0016617574720779915,0.0013298337392565107,0.0012566982982574395,0.0013143318390251744,0.003630431346947393,0.004857875276695515,0.004823793855354854,0.004528743214989506
