Probability,0.335981829
Fidelity averages,0.16490304456728694,0.002322075936981341,0.0027727585906515504,0.0026248556937008122,0.0023949830619358924,0.007940144510727026,0.008389047935472956,0.007956221300789287,0.008218993364149404
Fidelity Standard Deviations,0.001959764318279744,0.0016617574720779915,0.0013298337392565107,0.0012566982982574395,0.0013143318390251744,0.003630431346947393,0.004857875276695515,0.004823793855354854,0.004528743214989506
Rejected Runs,0.8684202999999999,0.8888138666666667,0.8889045666666668,0.8889467999999999,0.8888134666666667,0.9876223,0.9876332666666665,0.9876386333333335,0.9876577999999999
Rejected Standard Deviations,0.00036946936273526764,0.00024408847212070624,0.0002910039728632957,0.0003229738276290076,0.0003397197603254168,8.149321035112767e-05,7.702464252145173e-05,0.00010218332653727502,0.00011304553654759178
