Probability,0.335981829
Fidelity averages,0.16490304456728694,0.002322075936981341,0.0027727585906515504,0.0026248556937008122,0.0023949830619358924,0.006896730075846664,0.008166870280467791,0.007902097124927556,0.007988343740855105
Fidelity Standard Deviations,0.001959764318279744,0.0016617574720779915,0.0013298337392565107,0.0012566982982574395,0.0013143318390251744,0.0038700921553593997,0.0036579461151144597,0.004101580472953143,0.004278068851011693
Rejected Runs,0.8684202999999999,0.8888138666666667,0.8889045666666668,0.8889467999999999,0.8888134666666667,0.9876587333333333,0.9876788000000001,0.9876535333333334,0.9876805000000002
Rejected Standard Deviations,0.00036946936273526764,0.00024408847212070624,0.0002910039728632957,0.0003229738276290076,0.0003397197603254168,0.00015356821140963955,0.0001047258007051323,0.00011474078999591363,9.58810895502098e-05
