Probability,0.335981829
Fidelity averages,0.16490304456728694,0.002322075936981341,0.0027727585906515504,0.0026248556937008122,0.0023949830619358924,0.006896730075846665,0.008166870280467791,0.007902097124927556,0.007988343740855105
Fidelity Standard Deviations,0.001959764318279749,0.0016617574720779915,0.0013298337392565107,0.0012566982982574395,0.0013143318390251744,0.0038700921553593993,0.0036579461151144597,0.004101580472953143,0.004278068851011693
Rejected Runs,0.8684220368440737,0.8888156442979552,0.8889063444793557,0.8889485778971558,0.8888152442971552,0.9876607086547506,0.987680775361551,0.9876555086443507,0.9876824753649507
Rejected Standard Deviations,0.001959764318279749,0.0016617574720779915,0.0013298337392565107,0.0012566982982574395,0.0013143318390251744,0.0038700921553593993,0.0036579461151144597,0.004101580472953143,0.004278068851011693
