Probability,0.335981829
Fidelity averages,0.16490304456728694,0.002322075936981341,0.0027727585906515504,0.0026248556937008122,0.0023949830619358924,0.00791565928908615,0.008171096021351456,0.00957183878158129,0.008636783677001159
Fidelity Standard Deviations,0.001959764318279749,0.0016617574720779915,0.0013298337392565107,0.0012566982982574395,0.0013143318390251744,0.0042831523962080925,0.005670689368521791,0.005447770667280837,0.00394041193855921
Rejected Runs,0.8684220368440737,0.8888156442979552,0.8889063444793557,0.8889485778971558,0.8888152442971552,0.9874945749891499,0.9876819086971508,0.9876298752597505,0.9876571753143506
Rejected Standard Deviations,0.001959764318279749,0.0016617574720779915,0.0013298337392565107,0.0012566982982574395,0.0013143318390251744,0.0042831523962080925,0.005670689368521791,0.005447770667280837,0.00394041193855921
