Probability,0.335981829
Fidelity averages,0.16490304456728694,0.002322075936981341,0.0027727585906515504,0.0026248556937008122,0.0023949830619358924,0.00791565928908615,0.008171096021351456,0.00957183878158129,0.008636783677001159
Fidelity Standard Deviations,0.001959764318279744,0.0016617574720779915,0.0013298337392565107,0.0012566982982574395,0.0013143318390251744,0.0042831523962080925,0.005670689368521791,0.005447770667280837,0.00394041193855921
Rejected Runs,0.8684202999999999,0.8888138666666667,0.8889045666666668,0.8889467999999999,0.8888134666666667,0.9874926,0.9876799333333335,0.9876278999999998,0.9876552000000002
Rejected Standard Deviations,0.00036946936273526764,0.00024408847212070624,0.0002910039728632957,0.0003229738276290076,0.0003397197603254168,0.00012917290737612144,0.00010660767118530531,0.00010910097769191825,0.0001249091403114016
