Probability,0.335981829
Fidelity averages,0.16490304456728694,0.002322075936981341,0.0027727585906515504,0.0026248556937008122,0.0023949830619358924,0.0023967006151978045,0.008066508107203375,0.007725830135513701,0.007858809944448293
Fidelity Standard Deviations,0.001959764318279749,0.0016617574720779915,0.0013298337392565107,0.0012566982982574395,0.0013143318390251744,0.0013405643481538966,0.005031888357752705,0.0042681087736759485,0.0032695067917916983
Rejected Runs,0.8684220368440737,0.8888156442979552,0.8889063444793557,0.8889485778971558,0.8888152442971552,0.8889245111823556,0.9876814420295508,0.9876597086527507,0.9876272419211503
Rejected Standard Deviations,0.001959764318279749,0.0016617574720779915,0.0013298337392565107,0.0012566982982574395,0.0013143318390251744,0.0013405643481538966,0.005031888357752705,0.0042681087736759485,0.0032695067917916983
