Probability,0.335981829
Fidelity averages,0.16490304456728694,0.002322075936981341,0.0027727585906515504,0.0026248556937008122,0.0023949830619358924,0.0023967006151978045,0.006908385340764838,0.007260671565958502,0.007953771418911534
Fidelity Standard Deviations,0.001959764318279749,0.0016617574720779915,0.0013298337392565107,0.0012566982982574395,0.0013143318390251744,0.0013405643481538966,0.0036372150088693576,0.00440918054617223,0.005052172828226325
Rejected Runs,0.8684220368440737,0.8888156442979552,0.8889063444793557,0.8889485778971558,0.8888152442971552,0.8889245111823556,0.9876394752789505,0.9876426086185505,0.9876811753623508
Rejected Standard Deviations,0.001959764318279749,0.0016617574720779915,0.0013298337392565107,0.0012566982982574395,0.0013143318390251744,0.0013405643481538966,0.0036372150088693576,0.00440918054617223,0.005052172828226325
