Probability,0.335981829
Fidelity averages,0.16490304456728694,0.002322075936981341,0.0027727585906515504,0.0026248556937008122,0.0023949830619358924,0.0023967006151978045,0.006908385340764837,0.007260671565958502,0.007953771418911534
Fidelity Standard Deviations,0.001959764318279744,0.0016617574720779915,0.0013298337392565107,0.0012566982982574395,0.0013143318390251744,0.0013405643481538966,0.0036372150088693576,0.00440918054617223,0.005052172828226325
Rejected Runs,0.8684202999999999,0.8888138666666667,0.8889045666666668,0.8889467999999999,0.8888134666666667,0.8889227333333334,0.9876375000000002,0.9876406333333334,0.9876792000000001
Rejected Standard Deviations,0.00036946936273526764,0.00024408847212070624,0.0002910039728632957,0.0003229738276290076,0.0003397197603254168,0.0003006957413880252,0.00011889848611315767,0.00010968818937738759,0.000124023492398281
