Probability,0.335981829
Fidelity averages,0.16490304456728694,0.008006881245589433,0.021579717292307867,0.07391906795407738,nan,nan,nan,nan,nan
Fidelity Standard Deviations,0.001959764318279744,0.004681936148223557,0.012178182649292369,0.02903756329945104,nan,nan,nan,nan,nan
Rejected Runs,0.8684202999999999,0.9874576666666667,0.9986085666666665,0.9998466333333335,0.9999973666666666,1.0,1.0,1.0,1.0
Rejected Standard Deviations,0.00036946936273526764,0.00010951052714491648,3.828287984058759e-05,1.2592281586574439e-05,1.8526257642012522e-06,0.0,0.0,0.0,0.0
