Probability,0.335981829
Fidelity averages,0.16490304456728694,0.008006881245589433,0.021579717292307867,0.07391906795407738,nan,nan,nan,nan,nan
Fidelity Standard Deviations,0.001959764318279749,0.004681936148223557,0.012178182649292369,0.029037563299451036,nan,nan,nan,nan,nan
Rejected Runs,0.8684220368440737,0.9874596415859499,0.9986105638877945,0.9998486330305993,0.9999993666654002,1.0000020000039997,1.0000020000039997,1.0000020000039997,1.0000020000039997
Rejected Standard Deviations,0.001959764318279749,0.004681936148223557,0.012178182649292369,0.029037563299451036,nan,nan,nan,nan,nan
