Probability,0.335981829
Fidelity averages,0.16490304456728694,0.002322075936981341,0.0027727585906515504,0.0026248556937008122,0.0023949830619358924,0.0023967006151978045,0.0026388237106507533,0.007442882905987631,0.009436769990880058
Fidelity Standard Deviations,0.001959764318279744,0.0016617574720779915,0.0013298337392565107,0.0012566982982574395,0.0013143318390251744,0.0013405643481538966,0.001358038095107979,0.0034758465704840314,0.00562436148113357
Rejected Runs,0.8684202999999999,0.8888138666666667,0.8889045666666668,0.8889467999999999,0.8888134666666667,0.8889227333333334,0.8888732333333332,0.9875071999999999,0.9876416666666666
Rejected Standard Deviations,0.00036946936273526764,0.00024408847212070624,0.0002910039728632957,0.0003229738276290076,0.0003397197603254168,0.0003006957413880252,0.00034169876434595657,8.323677072063608e-05,6.257440016136435e-05
