Probability,0.335981829
Fidelity averages,0.16490304456728694,0.002322075936981341,0.0027727585906515504,0.0026248556937008122,0.0023949830619358924,0.0023967006151978045,0.0026388237106507533,0.002635116170069327,0.007806785333024053
Fidelity Standard Deviations,0.001959764318279744,0.0016617574720779915,0.0013298337392565107,0.0012566982982574395,0.0013143318390251744,0.0013405643481538966,0.001358038095107979,0.0010106703742817293,0.004670458234525317
Rejected Runs,0.8684202999999999,0.8888138666666667,0.8889045666666668,0.8889467999999999,0.8888134666666667,0.8889227333333334,0.8888732333333332,0.8889134666666667,0.9876307666666667
Rejected Standard Deviations,0.00036946936273526764,0.00024408847212070624,0.0002910039728632957,0.0003229738276290076,0.0003397197603254168,0.0003006957413880252,0.00034169876434595657,0.0003218514909429939,0.000124375421830661
