Probability,0.335981829
Fidelity averages,0.16490304456728694,0.002322075936981341,0.008347603752666712,0.0202887625581062,0.07047887827613128,0.2642995028865375,nan,nan,nan
Fidelity Standard Deviations,0.001959764318279749,0.0016617574720779915,0.004354204248228519,0.011701617001147968,0.04048536812333213,0.09481576200242099,nan,nan,nan
Rejected Runs,0.8684220368440737,0.8888156442979552,0.9876585753171506,0.9986105305543944,0.9998465996931993,0.9999843999687997,1.0000017333367999,1.0000018000036,1.0000019333371999
Rejected Standard Deviations,0.001959764318279749,0.0016617574720779915,0.004354204248228519,0.011701617001147968,0.04048536812333213,0.09481576200242099,nan,nan,nan
