Probability,0.335981829
Fidelity averages,0.16490304456728694,0.002322075936981341,0.008347603752666712,0.0202887625581062,0.07047887827613128,0.2642995028865375,nan,nan,nan
Fidelity Standard Deviations,0.001959764318279744,0.0016617574720779915,0.004354204248228519,0.011701617001147968,0.04048536812333213,0.09481576200242099,nan,nan,nan
Rejected Runs,0.8684202999999999,0.8888138666666667,0.9876565999999999,0.9986085333333333,0.9998446,0.9999824,0.9999997333333333,0.9999997999999999,0.9999999333333333
Rejected Standard Deviations,0.00036946936273526764,0.00024408847212070624,0.00010556312487480682,3.428287554386123e-05,1.3405471519747327e-05,3.061590000851089e-06,6.289320754724422e-07,4.0000000001150227e-07,2.494438257921024e-07
