Probability,0.335981829
Fidelity averages,0.16490304456728694,0.002322075936981341,0.008707852146292366,0.008279309186197953,0.021832929265007,0.0722120548903889,0.19884792931005002,nan,nan
Fidelity Standard Deviations,0.001959764318279744,0.0016617574720779915,0.003809865299291681,0.004592665153466438,0.012433630149894197,0.031273924573401536,0.12050736132421218,nan,nan
Rejected Runs,0.8684202999999999,0.8888138666666667,0.9874854666666665,0.9876681666666667,0.9986181333333335,0.9998460666666668,0.9999848666666666,0.9999977666666666,0.9999982999999999
Rejected Standard Deviations,0.00036946936273526764,0.00024408847212070624,0.000115244011654499,0.0001003321428500881,3.3576512955076105e-05,1.1826335959295497e-05,4.978174587358449e-06,1.4985177861951897e-06,1.3453624047053468e-06
