Probability,0.335981829
Fidelity averages,0.16490304456728694,0.002322075936981341,0.008707852146292364,0.008279309186197953,0.021832929265007,0.0722120548903889,0.19884792931005002,nan,nan
Fidelity Standard Deviations,0.001959764318279749,0.0016617574720779915,0.0038098652992916804,0.004592665153466438,0.012433630149894199,0.031273924573401536,0.12050736132421218,nan,nan
Rejected Runs,0.8684220368440737,0.8888156442979552,0.98748744164155,0.9876701420069506,0.9986201305735943,0.9998480663627993,0.9999868666403998,0.9999997666662,1.0000003000006001
Rejected Standard Deviations,0.001959764318279749,0.0016617574720779915,0.0038098652992916804,0.004592665153466438,0.012433630149894199,0.031273924573401536,0.12050736132421218,nan,nan
