Probability,0.335981829
Fidelity averages,0.16490304456728694,0.002322075936981341,0.0027727585906515504,0.007480312834894986,0.023136863662532738,0.024994222051586665,0.07728708152922072,0.24561046591169394,0.2132646000983162
Fidelity Standard Deviations,0.001959764318279744,0.0016617574720779915,0.0013298337392565107,0.0033018487066466566,0.012841966025061026,0.011973568170588636,0.03683077973513395,0.10559928898325556,0.11561168896558043
Rejected Runs,0.8684202999999999,0.8888138666666667,0.8889045666666668,0.9876716999999999,0.9986104333333332,0.9986280333333333,0.9998486333333335,0.9999837333333332,0.9999834666666666
Rejected Standard Deviations,0.00036946936273526764,0.00024408847212070624,0.0002910039728632957,9.464852525704719e-05,3.652915122048549e-05,3.1753722441458895e-05,1.4949879226566009e-05,3.67816379310151e-06,3.8099285499255383e-06
