Probability,0.335981829
Fidelity averages,0.16490304456728694,0.002322075936981341,0.0027727585906515504,0.007480312834894986,0.023136863662532738,0.024994222051586665,0.07728708152922072,0.24561046591169394,0.2132646000983162
Fidelity Standard Deviations,0.001959764318279749,0.0016617574720779915,0.0013298337392565107,0.0033018487066466566,0.012841966025061028,0.011973568170588637,0.036830779735133955,0.10559928898325556,0.11561168896558043
Rejected Runs,0.8684220368440737,0.8888156442979552,0.8889063444793557,0.9876736753473507,0.9986124305581946,0.9986300305933946,0.9998506330345995,0.9999857333048,0.9999854666375999
Rejected Standard Deviations,0.001959764318279749,0.0016617574720779915,0.0013298337392565107,0.0033018487066466566,0.012841966025061028,0.011973568170588637,0.036830779735133955,0.10559928898325556,0.11561168896558043
