Probability,0.335981829
Fidelity averages,0.16490304456728694,0.002322075936981341,0.0027727585906515504,0.007101997718066756,0.0075043011306567,0.019513791845680785,0.07406949127160908,0.06585268252784164,0.06612256892603965
Fidelity Standard Deviations,0.001959764318279744,0.0016617574720779915,0.0013298337392565107,0.003060177754461491,0.004440008292735733,0.009663269326458595,0.03933097678227346,0.034464449850443425,0.031596482445000865
Rejected Runs,0.8684202999999999,0.8888138666666667,0.8889045666666668,0.9875261333333333,0.9876353999999998,0.9986164999999999,0.9998434666666666,0.9998483666666665,0.9998441333333333
Rejected Standard Deviations,0.00036946936273526764,0.00024408847212070624,0.0002910039728632957,0.00011483661824038316,0.00010264976051278008,3.077742679301575e-05,1.0990096551998965e-05,1.4492488475836731e-05,1.3918173571101666e-05
