Probability,0.335981829
Fidelity averages,0.16490304456728694,0.002322075936981341,0.0027727585906515504,0.007101997718066756,0.0075043011306566995,0.019513791845680785,0.07406949127160908,0.06585268252784164,0.06612256892603965
Fidelity Standard Deviations,0.001959764318279749,0.0016617574720779915,0.0013298337392565107,0.003060177754461491,0.004440008292735734,0.009663269326458593,0.039330976782273465,0.03446444985044342,0.031596482445000865
Rejected Runs,0.8684220368440737,0.8888156442979552,0.8889063444793557,0.9875281083895502,0.9876373752747506,0.9986184972369945,0.9998454663575994,0.9998503663673992,0.9998461330255993
Rejected Standard Deviations,0.001959764318279749,0.0016617574720779915,0.0013298337392565107,0.003060177754461491,0.004440008292735734,0.009663269326458593,0.039330976782273465,0.03446444985044342,0.031596482445000865
