Probability,0.335981829
Fidelity averages,0.16490304456728694,0.002322075936981341,0.0027727585906515504,0.0026248556937008122,0.008189513799655955,0.020761446812187702,0.022692998263857497,0.026434159922224684,0.07479797596361602
Fidelity Standard Deviations,0.001959764318279744,0.0016617574720779915,0.0013298337392565107,0.0012566982982574395,0.0045213765123447245,0.010333962336341625,0.010636430097110792,0.012995046134911871,0.03938054069686978
Rejected Runs,0.8684202999999999,0.8888138666666667,0.8889045666666668,0.8889467999999999,0.9876224666666666,0.9986166666666666,0.9986263,0.9986180666666666,0.9998458333333334
Rejected Standard Deviations,0.00036946936273526764,0.00024408847212070624,0.0002910039728632957,0.0003229738276290076,0.00014208254251979441,3.569624941393524e-05,4.249011649784444e-05,2.5948581635403824e-05,1.1547245943905732e-05
