Probability,0.335981829
Fidelity averages,0.16490304456728694,0.002322075936981341,0.0027727585906515504,0.0026248556937008122,0.008189513799655955,0.020761446812187702,0.022692998263857497,0.026434159922224684,0.07479797596361602
Fidelity Standard Deviations,0.001959764318279749,0.0016617574720779915,0.0013298337392565107,0.0012566982982574395,0.004521376512344725,0.010333962336341625,0.010636430097110792,0.012995046134911871,0.03938054069686979
Rejected Runs,0.8684220368440737,0.8888156442979552,0.8889063444793557,0.8889485778971558,0.9876244419155504,0.9986186639039946,0.9986282972565944,0.9986200639067943,0.9998478330289995
Rejected Standard Deviations,0.001959764318279749,0.0016617574720779915,0.0013298337392565107,0.0012566982982574395,0.004521376512344725,0.010333962336341625,0.010636430097110792,0.012995046134911871,0.03938054069686979
