Probability,0.335981829
Fidelity averages,0.16490304456728694,0.002322075936981341,0.0027727585906515504,0.0026248556937008122,0.007914549112368125,0.006606925323059358,0.024274189665570878,0.020304813592158296,0.024234321710369013
Fidelity Standard Deviations,0.001959764318279744,0.0016617574720779915,0.0013298337392565107,0.0012566982982574395,0.003798667669347814,0.0034785166183695848,0.011856043276676602,0.011304210686258136,0.011734063952110322
Rejected Runs,0.8684202999999999,0.8888138666666667,0.8889045666666668,0.8889467999999999,0.9876520333333334,0.9876463999999999,0.9986232333333334,0.9986391,0.9986273000000001
Rejected Standard Deviations,0.00036946936273526764,0.00024408847212070624,0.0002910039728632957,0.0003229738276290076,0.00010340163871472134,0.00012562897754897877,2.971271706788163e-05,3.4828484511000364e-05,3.1846663875521294e-05
