Probability,0.335981829
Fidelity averages,0.16490304456728694,0.002322075936981341,0.0027727585906515504,0.0026248556937008122,0.007914549112368125,0.006606925323059358,0.02427418966557088,0.020304813592158293,0.024234321710369013
Fidelity Standard Deviations,0.001959764318279749,0.0016617574720779915,0.0013298337392565107,0.0012566982982574395,0.003798667669347814,0.0034785166183695848,0.0118560432766766,0.011304210686258137,0.01173406395211032
Rejected Runs,0.8684220368440737,0.8888156442979552,0.8889063444793557,0.8889485778971558,0.9876540086413503,0.9876483752967506,0.9986252305837945,0.9986410972821946,0.9986292972585945
Rejected Standard Deviations,0.001959764318279749,0.0016617574720779915,0.0013298337392565107,0.0012566982982574395,0.003798667669347814,0.0034785166183695848,0.0118560432766766,0.011304210686258137,0.01173406395211032
