Probability,0.335981829
Fidelity averages,0.16490304456728694,0.002322075936981341,0.0027727585906515504,0.0026248556937008122,0.006846685080302497,0.007600965371108903,0.021845952226789984,0.023611674419588686,0.025654379716975696
Fidelity Standard Deviations,0.001959764318279744,0.0016617574720779915,0.0013298337392565107,0.0012566982982574395,0.003712550157600653,0.0042669502410661,0.011817971094537366,0.013631950829689347,0.013673231429794574
Rejected Runs,0.8684202999999999,0.8888138666666667,0.8889045666666668,0.8889467999999999,0.9876490666666666,0.9876634333333333,0.9986011666666668,0.9986263333333331,0.9986189666666667
Rejected Standard Deviations,0.00036946936273526764,0.00024408847212070624,0.0002910039728632957,0.0003229738276290076,8.629520393522599e-05,9.567050514947178e-05,3.7505629207124955e-05,3.15714357537887e-05,3.966483189033708e-05
