Probability,0.335981829
Fidelity averages,0.16490304456728694,0.002322075936981341,0.0027727585906515504,0.0026248556937008122,0.006846685080302497,0.007600965371108903,0.021845952226789984,0.023611674419588686,0.025654379716975696
Fidelity Standard Deviations,0.001959764318279749,0.0016617574720779915,0.0013298337392565107,0.0012566982982574395,0.0037125501576006532,0.0042669502410661,0.011817971094537366,0.013631950829689345,0.013673231429794572
Rejected Runs,0.8684220368440737,0.8888156442979552,0.8889063444793557,0.8889485778971558,0.9876510419687504,0.9876654086641505,0.9986031638729944,0.9986283305899945,0.9986209639085945
Rejected Standard Deviations,0.001959764318279749,0.0016617574720779915,0.0013298337392565107,0.0012566982982574395,0.0037125501576006532,0.0042669502410661,0.011817971094537366,0.013631950829689345,0.013673231429794572
