Probability,0.1
Fidelity averages,0.862240790493091,0.8253530348340526,0.7923248127924806,nan,nan,nan,nan,nan,nan
Fidelity Standard Deviations,0.0012072960352153995,0.012109649219751738,0.08010339416577286,nan,nan,nan,nan,nan,nan
Rejected Runs,0.8238429,0.996968,0.9999476666666669,0.9999993,1.0,1.0,1.0,1.0,1.0
Rejected Standard Deviations,0.00034576016254045914,0.00018651809563685558,1.3317490587770243e-05,8.999999999909287e-07,0.0,0.0,0.0,0.0,0.0
