Probability,0.1
Fidelity averages,0.8622407904930909,0.8253530348340526,0.7923248127924806,nan,nan,nan,nan,nan,nan
Fidelity Standard Deviations,0.0012072960352154036,0.012109649219751733,0.08010339416577286,nan,nan,nan,nan,nan,nan
Rejected Runs,0.8238445476890954,0.9969699939399879,0.9999496665659998,1.0000013000026,1.0000020000039997,1.0000020000039997,1.0000020000039997,1.0000020000039997,1.0000020000039997
Rejected Standard Deviations,0.0012072960352154036,0.012109649219751733,0.08010339416577286,nan,nan,nan,nan,nan,nan
