Probability,0.1
Fidelity averages,0.8622407904930909,0.34537107992102983,0.0335779430468941,0.009684614786750317,0.032732299583441475,0.06032999087922183,0.06952065482218435,0.3408125357018646,nan
Fidelity Standard Deviations,0.0012072960352154036,0.01870085406126539,0.007941968022523107,0.005506787525705133,0.014126994900619978,0.03380879689439131,0.022663245154195884,0.14732607717263935,nan
Rejected Runs,0.8238445476890954,0.980989161978324,0.9873376413419492,0.9876758753517507,0.9992569318471971,0.9998487996975994,0.9998485663637993,0.9999925999852,1.0000001000002001
Rejected Standard Deviations,0.0012072960352154036,0.01870085406126539,0.007941968022523107,0.005506787525705133,0.014126994900619978,0.03380879689439131,0.022663245154195884,0.14732607717263935,nan
