Probability,0.1
Fidelity averages,0.862240790493091,0.3453710799210298,0.0335779430468941,0.009684614786750317,0.032732299583441475,0.06032999087922183,0.06952065482218435,0.3408125357018646,nan
Fidelity Standard Deviations,0.0012072960352153995,0.018700854061265402,0.007941968022523107,0.005506787525705132,0.014126994900619978,0.033808796894391306,0.022663245154195884,0.14732607717263937,nan
Rejected Runs,0.8238429,0.9809872000000001,0.9873356666666667,0.9876739,0.9992549333333332,0.9998468,0.9998465666666666,0.9999906,0.9999981000000001
Rejected Standard Deviations,0.00034576016254045914,0.0004935237515392114,0.0001101009637660846,0.00010233160150543333,4.145514309333691e-05,1.1813551540499209e-05,1.2679861548488864e-05,2.984403904745602e-06,1.2999999999924043e-06
