Probability,0.1
Fidelity averages,0.862240790493091,0.3453710799210298,0.0335779430468941,0.009684614786750317,0.008712811603990778,0.07039682632724663,0.05885715268208028,0.06560548577892421,0.2903054954782974
Fidelity Standard Deviations,0.0012072960352153995,0.018700854061265402,0.007941968022523107,0.005506787525705132,0.005171611113279271,0.029800826475593914,0.028328712049856396,0.03894188402751747,0.12192347785501913
Rejected Runs,0.8238429,0.9809872000000001,0.9873356666666667,0.9876739,0.9876273999999999,0.9998406333333334,0.9998457999999999,0.9998431666666667,0.9999915666666668
Rejected Standard Deviations,0.00034576016254045914,0.0004935237515392114,0.0001101009637660846,0.00010233160150543333,0.00011592629842562152,1.0313367808609347e-05,1.1765486248635311e-05,8.087370126040401e-06,2.3192431715822286e-06
