Probability,0.1
Fidelity averages,0.8622407904930909,0.34537107992102983,0.0335779430468941,0.009684614786750317,0.00871281160399078,0.07039682632724663,0.05885715268208028,0.06560548577892422,0.2903054954782974
Fidelity Standard Deviations,0.0012072960352154036,0.01870085406126539,0.007941968022523107,0.005506787525705133,0.00517161111327927,0.029800826475593914,0.028328712049856396,0.03894188402751748,0.12192347785501913
Rejected Runs,0.8238445476890954,0.980989161978324,0.9873376413419492,0.9876758753517507,0.9876293752587504,0.9998426330185993,0.9998477996955993,0.9998451663569993,0.9999935666537998
Rejected Standard Deviations,0.0012072960352154036,0.01870085406126539,0.007941968022523107,0.005506787525705133,0.00517161111327927,0.029800826475593914,0.028328712049856396,0.03894188402751748,0.12192347785501913
