Probability,0.1
Fidelity averages,0.862240790493091,0.3453710799210298,0.0335779430468941,0.009684614786750317,0.008712811603990778,0.0722536332941472,0.06399300979438148,0.07280110886805306,0.06725185807553587
Fidelity Standard Deviations,0.0012072960352153995,0.018700854061265402,0.007941968022523107,0.005506787525705132,0.005171611113279271,0.037510660329027924,0.031752178881778566,0.03772647918245182,0.03970575149657885
Rejected Runs,0.8238429,0.9809872000000001,0.9873356666666667,0.9876739,0.9876273999999999,0.9998189666666667,0.9998466333333335,0.9998454333333332,0.9998417666666666
Rejected Standard Deviations,0.00034576016254045914,0.0004935237515392114,0.0001101009637660846,0.00010233160150543333,0.00011592629842562152,1.3088120143430864e-05,1.2158627481020346e-05,1.287810372514564e-05,1.0563090877622471e-05
