Probability,0.1
Fidelity averages,0.8622407904930909,0.34537107992102983,0.0335779430468941,0.009684614786750317,0.00871281160399078,0.0722536332941472,0.06399300979438148,0.07280110886805306,0.06725185807553587
Fidelity Standard Deviations,0.0012072960352154036,0.01870085406126539,0.007941968022523107,0.005506787525705133,0.00517161111327927,0.037510660329027924,0.031752178881778566,0.03772647918245182,0.039705751496578845
Rejected Runs,0.8238445476890954,0.980989161978324,0.9873376413419492,0.9876758753517507,0.9876293752587504,0.9998209663085994,0.9998486330305992,0.9998474330281993,0.9998437663541996
Rejected Standard Deviations,0.0012072960352154036,0.01870085406126539,0.007941968022523107,0.005506787525705133,0.00517161111327927,0.037510660329027924,0.031752178881778566,0.03772647918245182,0.039705751496578845
