Probability,0.1
Fidelity averages,0.862240790493091,0.3453710799210298,0.0335779430468941,0.009684614786750317,0.008712811603990778,0.04699343465432847,0.06964410167207431,0.06466599189248774,0.05793475990071096
Fidelity Standard Deviations,0.0012072960352153995,0.018700854061265402,0.007941968022523107,0.005506787525705132,0.005171611113279271,0.023466419308364427,0.04114892124875661,0.03462765928512003,0.03327651100693576
Rejected Runs,0.8238429,0.9809872000000001,0.9873356666666667,0.9876739,0.9876273999999999,0.9997296666666667,0.9998505666666666,0.9998488999999999,0.9998455333333333
Rejected Standard Deviations,0.00034576016254045914,0.0004935237515392114,0.0001101009637660846,0.00010233160150543333,0.00011592629842562152,2.0437438413094332e-05,1.0314014198598421e-05,1.0501904589154967e-05,9.145976650363631e-06
