Probability,0.1
Fidelity averages,0.8622407904930909,0.34537107992102983,0.0335779430468941,0.009684614786750317,0.00871281160399078,0.04699343465432847,0.06964410167207431,0.06466599189248774,0.05793475990071096
Fidelity Standard Deviations,0.0012072960352154036,0.01870085406126539,0.007941968022523107,0.005506787525705133,0.00517161111327927,0.02346641930836442,0.04114892124875661,0.03462765928512003,0.03327651100693576
Rejected Runs,0.8238445476890954,0.980989161978324,0.9873376413419492,0.9876758753517507,0.9876293752587504,0.9997316661299991,0.9998525663717994,0.9998508997017994,0.9998475330283992
Rejected Standard Deviations,0.0012072960352154036,0.01870085406126539,0.007941968022523107,0.005506787525705133,0.00517161111327927,0.02346641930836442,0.04114892124875661,0.03462765928512003,0.03327651100693576
