Probability,0.1
Fidelity averages,0.862240790493091,0.3453710799210298,0.0335779430468941,0.009684614786750317,0.008712811603990778,0.02590817108619321,0.0591039227058274,0.07106882893525594,0.06967193219448906
Fidelity Standard Deviations,0.0012072960352153995,0.018700854061265402,0.007941968022523107,0.005506787525705132,0.005171611113279271,0.016489880059408407,0.03473595661023436,0.035229834726728665,0.031945572549317444
Rejected Runs,0.8238429,0.9809872000000001,0.9873356666666667,0.9876739,0.9876273999999999,0.9992609666666665,0.9998461666666667,0.9998466666666667,0.9998447333333333
Rejected Standard Deviations,0.00034576016254045914,0.0004935237515392114,0.0001101009637660846,0.00010233160150543333,0.00011592629842562152,4.6511277007719465e-05,1.1204413812819746e-05,1.2615686884013166e-05,1.0288936884936785e-05
