Probability,0.1
Fidelity averages,0.8622407904930909,0.34537107992102983,0.0335779430468941,0.009684614786750317,0.00871281160399078,0.02590817108619321,0.0591039227058274,0.07106882893525594,0.06967193219448906
Fidelity Standard Deviations,0.0012072960352154036,0.01870085406126539,0.007941968022523107,0.005506787525705133,0.00517161111327927,0.016489880059408407,0.03473595661023436,0.035229834726728665,0.03194557254931745
Rejected Runs,0.8238445476890954,0.980989161978324,0.9873376413419492,0.9876758753517507,0.9876293752587504,0.9992629651925969,0.9998481663629994,0.9998486663639993,0.9998467330267994
Rejected Standard Deviations,0.0012072960352154036,0.01870085406126539,0.007941968022523107,0.005506787525705133,0.00517161111327927,0.016489880059408407,0.03473595661023436,0.035229834726728665,0.03194557254931745
