Probability,0.1
Fidelity averages,0.862240790493091,0.3453710799210298,0.0335779430468941,0.009684614786750317,0.008712811603990778,0.007221214030912434,0.06650850026475542,0.06571777044983515,0.0723866312550836
Fidelity Standard Deviations,0.0012072960352153995,0.018700854061265402,0.007941968022523107,0.005506787525705132,0.005171611113279271,0.003317074619150123,0.03269643516097856,0.03431927558760413,0.04205161822386402
Rejected Runs,0.8238429,0.9809872000000001,0.9873356666666667,0.9876739,0.9876273999999999,0.9876653999999999,0.9998444666666665,0.9998487333333334,0.9998443666666667
Rejected Standard Deviations,0.00034576016254045914,0.0004935237515392114,0.0001101009637660846,0.00010233160150543333,0.00011592629842562152,8.553619117075937e-05,1.5331304213558708e-05,1.2165342393692212e-05,1.2183276333653549e-05
