Probability,0.1
Fidelity averages,0.862240790493091,0.3453710799210298,0.0335779430468941,0.009684614786750317,0.008712811603990778,0.007221214030912434,0.07026274856224175,0.07671852453894344,0.07000409783865559
Fidelity Standard Deviations,0.0012072960352153995,0.018700854061265402,0.007941968022523107,0.005506787525705132,0.005171611113279271,0.003317074619150123,0.03187068659996258,0.03655431166300244,0.03196938236055471
Rejected Runs,0.8238429,0.9809872000000001,0.9873356666666667,0.9876739,0.9876273999999999,0.9876653999999999,0.9998165666666669,0.9998524999999998,0.9998461666666667
Rejected Standard Deviations,0.00034576016254045914,0.0004935237515392114,0.0001101009637660846,0.00010233160150543333,0.00011592629842562152,8.553619117075937e-05,1.4094167430379134e-05,1.2227700792328586e-05,1.2277576670053275e-05
