Probability,0.1
Fidelity averages,0.8622407904930909,0.34537107992102983,0.0335779430468941,0.009684614786750317,0.00871281160399078,0.007221214030912434,0.02877096777071849,0.07033668785338444,0.07905102707047468
Fidelity Standard Deviations,0.0012072960352154036,0.01870085406126539,0.007941968022523107,0.005506787525705133,0.00517161111327927,0.003317074619150122,0.014796441125349169,0.03943119029312107,0.03765390063514767
Rejected Runs,0.8238445476890954,0.980989161978324,0.9873376413419492,0.9876758753517507,0.9876293752587504,0.9876673753347506,0.9992540985081972,0.9998205996411994,0.9998475663617992
Rejected Standard Deviations,0.0012072960352154036,0.01870085406126539,0.007941968022523107,0.005506787525705133,0.00517161111327927,0.003317074619150122,0.014796441125349169,0.03943119029312107,0.03765390063514767
