Probability,0.1
Fidelity averages,0.862240790493091,0.3453710799210298,0.0335779430468941,0.009684614786750317,0.008712811603990778,0.007221214030912434,0.006600609299393335,0.05817633617555807,0.07484009999475442
Fidelity Standard Deviations,0.0012072960352153995,0.018700854061265402,0.007941968022523107,0.005506787525705132,0.005171611113279271,0.003317074619150123,0.0031979095325561746,0.02835657760393576,0.03658167144369328
Rejected Runs,0.8238429,0.9809872000000001,0.9873356666666667,0.9876739,0.9876273999999999,0.9876653999999999,0.9876608333333333,0.9997207666666666,0.9998422
Rejected Standard Deviations,0.00034576016254045914,0.0004935237515392114,0.0001101009637660846,0.00010233160150543333,0.00011592629842562152,8.553619117075937e-05,9.88109586814912e-05,2.6407932309993194e-05,1.242416999239711e-05
