Probability,0.1
Fidelity averages,0.8622407904930909,0.7568054007678083,0.6360174029956761,0.6054503121006225,nan,nan,nan,nan,nan
Fidelity Standard Deviations,0.0012072960352154036,0.016197304933125812,0.05615173482258726,0.24469415626221774,nan,nan,nan,nan,nan
Rejected Runs,0.8238445476890954,0.9949766232865798,0.9998489663645994,0.9999972333278001,1.0000020000039997,1.0000020000039997,1.0000020000039997,1.0000020000039997,1.0000020000039997
Rejected Standard Deviations,0.0012072960352154036,0.016197304933125812,0.05615173482258726,0.24469415626221774,nan,nan,nan,nan,nan
