Probability,0.1
Fidelity averages,0.862240790493091,0.7568054007678083,0.6360174029956762,0.6054503121006225,nan,nan,nan,nan,nan
Fidelity Standard Deviations,0.0012072960352153995,0.01619730493312579,0.05615173482258726,0.24469415626221774,nan,nan,nan,nan,nan
Rejected Runs,0.8238429,0.9949746333333332,0.9998469666666666,0.9999952333333334,1.0,1.0,1.0,1.0,1.0
Rejected Standard Deviations,0.00034576016254045914,0.00027131488266506526,2.9293324988617423e-05,2.0765890836281237e-06,0.0,0.0,0.0,0.0,0.0
