Probability,0.1
Fidelity averages,0.8622407904930909,0.34537107992102983,0.0335779430468941,0.009684614786750317,0.00871281160399078,0.007221214030912434,0.006600609299393335,0.007824756460987882,0.03742588433445235
Fidelity Standard Deviations,0.0012072960352154036,0.01870085406126539,0.007941968022523107,0.005506787525705133,0.00517161111327927,0.003317074619150122,0.003197909532556174,0.004547500717026397,0.021219182093478985
Rejected Runs,0.8238445476890954,0.980989161978324,0.9873376413419492,0.9876758753517507,0.9876293752587504,0.9876673753347506,0.9876628086589505,0.9876830086993507,0.9992592651851973
Rejected Standard Deviations,0.0012072960352154036,0.01870085406126539,0.007941968022523107,0.005506787525705133,0.00517161111327927,0.003317074619150122,0.003197909532556174,0.004547500717026397,0.021219182093478985
