Probability,0.1
Fidelity averages,0.8622407904930909,0.34537107992102983,0.31447559764590066,0.282477898700332,nan,nan,nan,nan,nan
Fidelity Standard Deviations,0.0012072960352154036,0.01870085406126539,0.037340756827086576,0.1368260409567808,nan,nan,nan,nan,nan
Rejected Runs,0.8238445476890954,0.980989161978324,0.999484665635998,0.9999806999613998,1.0000019666705997,1.0000020000039997,1.0000020000039997,1.0000020000039997,1.0000020000039997
Rejected Standard Deviations,0.0012072960352154036,0.01870085406126539,0.037340756827086576,0.1368260409567808,nan,nan,nan,nan,nan
