Probability,0.1
Fidelity averages,0.862240790493091,0.3453710799210298,0.31447559764590066,0.282477898700332,nan,nan,nan,nan,nan
Fidelity Standard Deviations,0.0012072960352153995,0.018700854061265402,0.037340756827086576,0.1368260409567808,nan,nan,nan,nan,nan
Rejected Runs,0.8238429,0.9809872000000001,0.9994826666666665,0.9999787,0.9999999666666667,1.0,1.0,1.0,1.0
Rejected Standard Deviations,0.00034576016254045914,0.0004935237515392114,5.2447010295049665e-05,5.88868972409077e-06,1.795054935763119e-07,0.0,0.0,0.0,0.0
