Probability,0.1
Fidelity averages,0.8622407904930909,0.34537107992102983,0.1890797873306528,0.07156903670062963,nan,nan,nan,nan,nan
Fidelity Standard Deviations,0.0012072960352154036,0.01870085406126539,0.034514778591110955,0.03386513498489133,nan,nan,nan,nan,nan
Rejected Runs,0.8238445476890954,0.980989161978324,0.9990843648353962,0.9997985329303992,0.9999994666656,1.0000019333371997,1.0000020000039997,1.0000020000039997,1.0000020000039997
Rejected Standard Deviations,0.0012072960352154036,0.01870085406126539,0.034514778591110955,0.03386513498489133,nan,nan,nan,nan,nan
