Probability,0.1
Fidelity averages,0.862240790493091,0.3453710799210298,0.18907978733065278,0.07156903670062963,nan,nan,nan,nan,nan
Fidelity Standard Deviations,0.0012072960352153995,0.018700854061265402,0.03451477859111095,0.03386513498489133,nan,nan,nan,nan,nan
Rejected Runs,0.8238429,0.9809872000000001,0.9990823666666667,0.9997965333333333,0.9999974666666668,0.9999999333333333,1.0,1.0,1.0
Rejected Standard Deviations,0.00034576016254045914,0.0004935237515392114,5.925565139478921e-05,1.3055607564904604e-05,1.802467444616831e-06,2.494438257921024e-07,0.0,0.0,0.0
