Probability,0.1
Fidelity averages,0.862240790493091,0.3453710799210298,0.0335779430468941,0.0610413549376586,0.32116749651794296,nan,nan,nan,nan
Fidelity Standard Deviations,0.0012072960352153995,0.018700854061265402,0.007941968022523107,0.028971089075616026,0.1480951210681231,nan,nan,nan,nan
Rejected Runs,0.8238429,0.9809872000000001,0.9873356666666667,0.9997123666666667,0.9999912666666665,0.9999979666666668,0.9999999666666667,1.0,1.0
Rejected Standard Deviations,0.00034576016254045914,0.0004935237515392114,0.0001101009637660846,2.6606369329335034e-05,2.827641341393125e-06,1.4019827229818366e-06,1.795054935763119e-07,0.0,0.0
