Probability,0.1
Fidelity averages,0.862240790493091,0.3453710799210298,0.0335779430468941,0.03394352775445175,0.0772890002704741,nan,nan,nan,nan
Fidelity Standard Deviations,0.0012072960352153995,0.018700854061265402,0.007941968022523107,0.014405844094752943,0.04191566949203581,nan,nan,nan,nan
Rejected Runs,0.8238429,0.9809872000000001,0.9873356666666667,0.9992678,0.9998442333333333,0.9999977666666668,1.0,1.0,0.9999999666666667
Rejected Standard Deviations,0.00034576016254045914,0.0004935237515392114,0.0001101009637660846,3.240205754782648e-05,1.2015776666082937e-05,1.3085190950904512e-06,0.0,0.0,1.795054935763119e-07
