Probability,0.1
Fidelity averages,0.8622407904930909,0.34537107992102983,0.0335779430468941,0.033943527754451745,0.07728900027047408,nan,nan,nan,nan
Fidelity Standard Deviations,0.0012072960352154036,0.01870085406126539,0.007941968022523107,0.014405844094752944,0.0419156694920358,nan,nan,nan,nan
Rejected Runs,0.8238445476890954,0.980989161978324,0.9873376413419492,0.9992697985395972,0.9998462330257993,0.9999997666662,1.0000020000039997,1.0000020000039997,1.0000019666705997
Rejected Standard Deviations,0.0012072960352154036,0.01870085406126539,0.007941968022523107,0.014405844094752944,0.0419156694920358,nan,nan,nan,nan
