Probability,0.1
Fidelity averages,0.8622407904930909,0.34537107992102983,0.0335779430468941,0.009684614786750317,0.06694134632861136,0.25064906030321615,nan,nan,nan
Fidelity Standard Deviations,0.0012072960352154036,0.01870085406126539,0.007941968022523107,0.005506787525705133,0.032971321715887514,0.13745048172243238,nan,nan,nan
Rejected Runs,0.8238445476890954,0.980989161978324,0.9873376413419492,0.9876758753517507,0.9998413330159992,0.9999923333179999,1.0000006000012,1.0000003000006,1.0000020000039997
Rejected Standard Deviations,0.0012072960352154036,0.01870085406126539,0.007941968022523107,0.005506787525705133,0.032971321715887514,0.13745048172243238,nan,nan,nan
