Probability,0.1
Fidelity averages,0.862240790493091,0.3453710799210298,0.0335779430468941,0.009684614786750317,0.06694134632861136,0.2506490603032161,nan,nan,nan
Fidelity Standard Deviations,0.0012072960352153995,0.018700854061265402,0.007941968022523107,0.005506787525705132,0.032971321715887514,0.13745048172243238,nan,nan,nan
Rejected Runs,0.8238429,0.9809872000000001,0.9873356666666667,0.9876739,0.9998393333333333,0.9999903333333333,0.9999986,0.9999983000000001,1.0
Rejected Standard Deviations,0.00034576016254045914,0.0004935237515392114,0.0001101009637660846,0.00010233160150543333,1.1166417907671953e-05,3.176301133231201e-06,1.2806248474777362e-06,1.3699148391936084e-06,0.0
