Probability,0.1
Fidelity averages,0.8622407904930909,0.34537107992102983,0.0335779430468941,0.009684614786750317,0.0697717389616556,0.07153847930208374,nan,nan,nan
Fidelity Standard Deviations,0.0012072960352154036,0.01870085406126539,0.007941968022523107,0.005506787525705133,0.042324781009716705,0.0357132794764457,nan,nan,nan
Rejected Runs,0.8238445476890954,0.980989161978324,0.9873376413419492,0.9876758753517507,0.9998232996465994,0.9998474663615993,0.9999995666658,1.0000003333340002,0.9999999333332
Rejected Standard Deviations,0.0012072960352154036,0.01870085406126539,0.007941968022523107,0.005506787525705133,0.042324781009716705,0.0357132794764457,nan,nan,nan
