Probability,0.1
Fidelity averages,0.862240790493091,0.3453710799210298,0.0335779430468941,0.009684614786750317,0.0697717389616556,0.07153847930208375,nan,nan,nan
Fidelity Standard Deviations,0.0012072960352153995,0.018700854061265402,0.007941968022523107,0.005506787525705132,0.042324781009716705,0.03571327947644571,nan,nan,nan
Rejected Runs,0.8238429,0.9809872000000001,0.9873356666666667,0.9876739,0.9998213,0.9998454666666666,0.9999975666666667,0.9999983333333334,0.9999979333333333
Rejected Standard Deviations,0.00034576016254045914,0.0004935237515392114,0.0001101009637660846,0.00010233160150543333,1.2113766273669638e-05,1.2867875590874367e-05,1.6265163865009848e-06,9.067647005594624e-07,1.209223809803948e-06
