Probability,0.1
Fidelity averages,0.862240790493091,0.3453710799210298,0.0335779430468941,0.009684614786750317,0.062291009090461834,0.0677250164086093,0.33119798874185474,nan,nan
Fidelity Standard Deviations,0.0012072960352153995,0.018700854061265402,0.007941968022523107,0.005506787525705132,0.025724729768912533,0.034082257781107315,0.13881324975800546,nan,nan
Rejected Runs,0.8238429,0.9809872000000001,0.9873356666666667,0.9876739,0.9997256666666665,0.9998450000000001,0.9999906000000001,0.9999972333333333,0.9999984333333333
Rejected Standard Deviations,0.00034576016254045914,0.0004935237515392114,0.0001101009637660846,0.00010233160150543333,1.5332608678525658e-05,1.2925427136728116e-05,2.4711670657119964e-06,1.9947152400504454e-06,1.3085190950836635e-06
