Probability,0.1
Fidelity averages,0.8622407904930909,0.34537107992102983,0.0335779430468941,0.009684614786750317,0.062291009090461834,0.0677250164086093,0.33119798874185474,nan,nan
Fidelity Standard Deviations,0.0012072960352154036,0.01870085406126539,0.007941968022523107,0.005506787525705133,0.025724729768912533,0.034082257781107315,0.13881324975800546,nan,nan
Rejected Runs,0.8238445476890954,0.980989161978324,0.9873376413419492,0.9876758753517507,0.9997276661219988,0.9998469996939993,0.9999925999852,0.9999992333317997,1.0000004333342
Rejected Standard Deviations,0.0012072960352154036,0.01870085406126539,0.007941968022523107,0.005506787525705133,0.025724729768912533,0.034082257781107315,0.13881324975800546,nan,nan
